date,mandi_id,crop_name,total_quantity_kg,total_farmer_count,min_price,max_price,modal_price,msp,price_available,avg_temperature,total_rainfall,avg_humidity,rainfall_missing_count
2026-01-01,MANDI027,Mustard,0.0,129.0,,,,,False,27.828174603174602,801.548,65.32142857142857,14
2026-01-01,MANDI030,Cotton,16548.0,131.0,,,,,False,27.828174603174602,801.548,65.32142857142857,14
2026-01-01,MANDI009,Maize,26320.0,72.0,1788.2,2101.3358393054164,1944.77,,True,27.828174603174602,801.548,65.32142857142857,14
2026-01-01,MANDI013,Sugarcane,0.0,149.0,,,,,False,27.828174603174602,801.548,65.32142857142857,14
2026-01-01,MANDI007,Cotton,30466.000000000004,68.0,,,,,False,27.828174603174602,801.548,65.32142857142857,14
2026-01-01,MANDI009,Cotton,14397.0,60.0,,,,,False,27.828174603174602,801.548,65.32142857142857,14
2026-01-01,MANDI018,Cotton,10998.0,58.0,,,,,False,27.828174603174602,801.548,65.32142857142857,14
2026-01-01,MANDI025,Wheat,10918.0,0.0,,,,,False,27.828174603174602,801.548,65.32142857142857,14
2026-01-01,MANDI044,Rice,39974.0,0.0,,,,,False,27.828174603174602,801.548,65.32142857142857,14
2026-01-01,MANDI052,Rice,0.0,136.0,,,,,False,27.828174603174602,801.548,65.32142857142857,14
2026-01-01,MANDI055,Cotton,6609.999999999999,0.0,,,,,False,27.828174603174602,801.548,65.32142857142857,14
2026-01-01,MANDI032,Sugarcane,20500.0,65.0,,,,,False,27.828174603174602,801.548,65.32142857142857,14
2026-01-01,MANDI045,Wheat,24131.0,76.0,,,,,False,27.828174603174602,801.548,65.32142857142857,14
2026-01-01,MANDI045,Wheat,23565.0,23.0,,,,,False,27.828174603174602,801.548,65.32142857142857,14
2026-01-01,MANDI050,Sugarcane,0.0,9.0,,,,,False,27.828174603174602,801.548,65.32142857142857,14
2026-01-02,MANDI001,Mustard,9503.0,0.0,,,,,False,27.41010101010101,1195.376,64.12121212121212,10
2026-01-02,MANDI046,Wheat,0.0,138.0,,,,,False,27.41010101010101,1195.376,64.12121212121212,10
2026-01-02,MANDI023,Rice,13479.0,120.0,,,,,False,27.41010101010101,1195.376,64.12121212121212,10
2026-01-02,MANDI033,Cotton,0.0,132.0,,,,,False,27.41010101010101,1195.376,64.12121212121212,10
2026-01-02,MANDI011,Cotton,0.0,110.0,,,,,False,27.41010101010101,1195.376,64.12121212121212,10
2026-01-02,MANDI025,Cotton,43422.0,35.0,6408.4,6936.62,6672.51,6620.0,True,27.41010101010101,1195.376,64.12121212121212,10
2026-01-02,MANDI025,Cotton,43422.0,35.0,,6758.54735579293,,,False,27.41010101010101,1195.376,64.12121212121212,10
2026-01-02,MANDI033,Maize,25588.0,120.0,,2308.86,2162.95,,True,27.41010101010101,1195.376,64.12121212121212,10
2026-01-02,MANDI034,Sugarcane,35775.0,32.0,,,,,False,27.41010101010101,1195.376,64.12121212121212,10
2026-01-02,MANDI036,Cotton,21263.0,96.0,,,,,False,27.41010101010101,1195.376,64.12121212121212,10
2026-01-02,MANDI053,Rice,0.0,146.0,,,,,False,27.41010101010101,1195.376,64.12121212121212,10
2026-01-02,MANDI001,Sugarcane,11205.0,0.0,,,,,False,27.41010101010101,1195.376,64.12121212121212,10
2026-01-02,MANDI008,Mustard,35255.0,0.0,,,,,False,27.41010101010101,1195.376,64.12121212121212,10
2026-01-02,MANDI054,Maize,0.0,109.0,,,,,False,27.41010101010101,1195.376,64.12121212121212,10
2026-01-02,MANDI021,Mustard,30248.0,111.0,,,,,False,27.41010101010101,1195.376,64.12121212121212,10
2026-01-02,MANDI024,Sugarcane,48492.0,20.0,,,,,False,27.41010101010101,1195.376,64.12121212121212,10
2026-01-02,MANDI043,Sugarcane,21777.0,13.0,3048.97,3637.11,,,False,27.41010101010101,1195.376,64.12121212121212,10
2026-01-03,MANDI022,Maize,47435.0,81.0,,,,,False,25.21425925925926,1132.308,59.666666666666664,10
2026-01-03,MANDI033,Wheat,44326.0,7.0,,,,,False,25.21425925925926,1132.308,59.666666666666664,10
2026-01-03,MANDI009,Mustard,0.0,124.0,,,,,False,25.21425925925926,1132.308,59.666666666666664,10
2026-01-03,MANDI010,Rice,33726.0,114.0,,,,,False,25.21425925925926,1132.308,59.666666666666664,10
2026-01-03,MANDI025,Wheat,0.0,121.0,,,,,False,25.21425925925926,1132.308,59.666666666666664,10
2026-01-03,MANDI029,Mustard,0.0,55.0,,,,,False,25.21425925925926,1132.308,59.666666666666664,10
2026-01-03,MANDI013,Cotton,0.0,0.0,,,,,False,25.21425925925926,1132.308,59.666666666666664,10
2026-01-03,MANDI053,Mustard,29483.999999999996,130.0,,,,,False,25.21425925925926,1132.308,59.666666666666664,10
2026-01-03,MANDI026,Mustard,10725.0,127.0,,,,,False,25.21425925925926,1132.308,59.666666666666664,10
2026-01-03,MANDI034,Sugarcane,16595.0,55.0,,,,,False,25.21425925925926,1132.308,59.666666666666664,10
2026-01-03,MANDI042,Rice,0.0,20.0,,,,,False,25.21425925925926,1132.308,59.666666666666664,10
2026-01-03,MANDI057,Rice,27073.0,102.0,,,,,False,25.21425925925926,1132.308,59.666666666666664,10
2026-01-03,MANDI006,Rice,0.0,92.0,,,,,False,25.21425925925926,1132.308,59.666666666666664,10
2026-01-04,MANDI016,Maize,0.0,48.0,,,,,False,28.830645161290324,1080.272,63.596774193548384,12
2026-01-04,MANDI040,Cotton,26639.0,66.0,,,,,False,28.830645161290324,1080.272,63.596774193548384,12
2026-01-04,MANDI011,Maize,1906.0,0.0,,,,,False,28.830645161290324,1080.272,63.596774193548384,12
2026-01-04,MANDI019,Cotton,0.0,137.0,,,,,False,28.830645161290324,1080.272,63.596774193548384,12
2026-01-04,MANDI040,Rice,23154.0,34.0,,,,,False,28.830645161290324,1080.272,63.596774193548384,12
2026-01-04,MANDI011,Rice,13219.0,0.0,,,,,False,28.830645161290324,1080.272,63.596774193548384,12
2026-01-04,MANDI020,Mustard,49246.0,95.0,,,,,False,28.830645161290324,1080.272,63.596774193548384,12
2026-01-04,MANDI026,Wheat,0.0,101.0,,,,,False,28.830645161290324,1080.272,63.596774193548384,12
2026-01-04,MANDI030,Maize,49330.0,0.0,,,,,False,28.830645161290324,1080.272,63.596774193548384,12
2026-01-04,MANDI041,Sugarcane,44011.0,13.0,,,,,False,28.830645161290324,1080.272,63.596774193548384,12
2026-01-04,MANDI043,Makki,45110.0,118.0,,,,,False,28.830645161290324,1080.272,63.596774193548384,12
2026-01-04,MANDI050,Mustard,0.0,110.0,,,,,False,28.830645161290324,1080.272,63.596774193548384,12
2026-01-04,MANDI052,Maize,47963.0,110.0,,,,,False,28.830645161290324,1080.272,63.596774193548384,12
2026-01-04,MANDI047,Sugarcane,17873.0,7.0,,,,,False,28.830645161290324,1080.272,63.596774193548384,12
2026-01-04,MANDI008,Cotton,22052.0,10.0,,,,,False,28.830645161290324,1080.272,63.596774193548384,12
2026-01-04,MANDI022,Wheat,0.0,147.0,,2710.396875900858,,,False,28.830645161290324,1080.272,63.596774193548384,12
2026-01-04,MANDI051,Maize,13510.0,84.0,,,,,False,28.830645161290324,1080.272,63.596774193548384,12
2026-01-05,MANDI040,Wheat,1676.0000000000002,0.0,,,,,False,28.300205761316874,1025.834,59.44444444444444,10
2026-01-05,MANDI002,Cotton,0.0,73.0,,,,,False,28.300205761316874,1025.834,59.44444444444444,10
2026-01-05,MANDI003,Rice,15524.0,51.0,,,,,False,28.300205761316874,1025.834,59.44444444444444,10
2026-01-05,MANDI020,Maize,0.0,54.0,,,,,False,28.300205761316874,1025.834,59.44444444444444,10
2026-01-05,MANDI021,Mustard,33078.0,76.0,,,,,False,28.300205761316874,1025.834,59.44444444444444,10
2026-01-05,MANDI022,Rice,34811.0,92.0,,,,,False,28.300205761316874,1025.834,59.44444444444444,10
2026-01-05,MANDI027,Cotton,32704.0,32.0,,,,,False,28.300205761316874,1025.834,59.44444444444444,10
2026-01-05,MANDI041,Rice,9003.0,48.0,,,,,False,28.300205761316874,1025.834,59.44444444444444,10
2026-01-05,MANDI051,Sugarcane,10424.0,121.0,,,,,False,28.300205761316874,1025.834,59.44444444444444,10
2026-01-05,MANDI008,Sugarcane,0.0,0.0,,,,,False,28.300205761316874,1025.834,59.44444444444444,10
2026-01-05,MANDI028,Wheat,48874.0,100.0,,,,,False,28.300205761316874,1025.834,59.44444444444444,10
2026-01-05,MANDI055,Maize,39780.0,70.0,,,,,False,28.300205761316874,1025.834,59.44444444444444,10
2026-01-05,MANDI043,Sugarcane,14134.0,147.0,,,,,False,28.300205761316874,1025.834,59.44444444444444,10
2026-01-05,MANDI051,Cotton,0.0,294.0,,,,,False,28.300205761316874,1025.834,59.44444444444444,10
2026-01-06,MANDI039,Cotton,9441.0,142.0,,,,,False,27.689484126984127,1175.16,62.42857142857143,8
2026-01-06,MANDI051,Rice,27957.0,11.0,,,,,False,27.689484126984127,1175.16,62.42857142857143,8
2026-01-06,MANDI001,Maize,38931.0,131.0,,,,,False,27.689484126984127,1175.16,62.42857142857143,8
2026-01-06,MANDI003,Mustard,17397.0,0.0,,,,,False,27.689484126984127,1175.16,62.42857142857143,8
2026-01-06,MANDI004,Maize,30617.0,26.0,,,,,False,27.689484126984127,1175.16,62.42857142857143,8
2026-01-06,MANDI008,Maize,39774.0,59.0,,,,,False,27.689484126984127,1175.16,62.42857142857143,8
2026-01-06,MANDI025,Wheat,10923.0,18.0,,,,,False,27.689484126984127,1175.16,62.42857142857143,8
2026-01-06,MANDI027,Wheat,19600.0,41.0,,,,,False,27.689484126984127,1175.16,62.42857142857143,8
2026-01-06,MANDI023,Mustard,30412.0,11.0,,,,,False,27.689484126984127,1175.16,62.42857142857143,8
2026-01-06,MANDI050,Wheat,22952.0,0.0,,,,,False,27.689484126984127,1175.16,62.42857142857143,8
2026-01-07,MANDI049,Maize,0.0,71.0,,2271.97,,2090.0,False,27.566507936507936,1144.374,60.614285714285714,14
2026-01-07,MANDI056,Rice,11542.0,104.0,,,,,False,27.566507936507936,1144.374,60.614285714285714,14
2026-01-07,MANDI016,Cotton,0.0,45.0,,,,,False,27.566507936507936,1144.374,60.614285714285714,14
2026-01-07,MANDI022,Wheat,30608.999999999996,109.0,,,,,False,27.566507936507936,1144.374,60.614285714285714,14
2026-01-07,MANDI011,Mustard,0.0,7.0,5574.478933825742,,,,False,27.566507936507936,1144.374,60.614285714285714,14
2026-01-07,MANDI023,Cotton,27916.000000000004,0.0,,,,,False,27.566507936507936,1144.374,60.614285714285714,14
2026-01-07,MANDI034,Rice,20882.0,0.0,,,,,False,27.566507936507936,1144.374,60.614285714285714,14
2026-01-07,MANDI022,Rice,46772.00000000001,54.0,,,,,False,27.566507936507936,1144.374,60.614285714285714,14
2026-01-07,MANDI048,Rice,0.0,72.0,,,,,False,27.566507936507936,1144.374,60.614285714285714,14
2026-01-08,MANDI005,Wheat,0.0,138.0,,2087.1821199962687,2030.42,,True,27.397167755991283,962.798,67.03921568627452,7
2026-01-08,MANDI010,Wheat,1331.0,32.0,,,,,False,27.397167755991283,962.798,67.03921568627452,7
2026-01-08,MANDI013,Wheat,17933.0,51.0,,,,,False,27.397167755991283,962.798,67.03921568627452,7
2026-01-08,MANDI020,Wheat,39829.0,0.0,,,,,False,27.397167755991283,962.798,67.03921568627452,7
2026-01-08,MANDI028,Mustard,0.0,86.0,,,,,False,27.397167755991283,962.798,67.03921568627452,7
2026-01-08,MANDI040,Mustard,87118.0,230.0,,,,,False,27.397167755991283,962.798,67.03921568627452,7
2026-01-08,MANDI042,Cotton,0.0,99.0,,,,,False,27.397167755991283,962.798,67.03921568627452,7
2026-01-08,MANDI042,Wheat,28906.0,8.0,,,,,False,27.397167755991283,962.798,67.03921568627452,7
2026-01-08,MANDI047,Sugarcane,0.0,122.0,,,,,False,27.397167755991283,962.798,67.03921568627452,7
2026-01-08,MANDI054,Sugarcane,34070.0,143.0,,,,,False,27.397167755991283,962.798,67.03921568627452,7
2026-01-08,MANDI002,Wheat,40260.00000000001,74.0,,,,,False,27.397167755991283,962.798,67.03921568627452,7
2026-01-08,MANDI011,Maize,47412.0,67.0,,,,,False,27.397167755991283,962.798,67.03921568627452,7
2026-01-08,MANDI033,Cotton,1135.0,31.0,,,,,False,27.397167755991283,962.798,67.03921568627452,7
2026-01-09,MANDI003,Sugarcane,0.0,110.0,,,,,False,28.964360587002098,739.922,60.716981132075475,12
2026-01-09,MANDI032,Cotton,8600.0,113.0,,,,,False,28.964360587002098,739.922,60.716981132075475,12
2026-01-09,MANDI003,Maize,0.0,51.0,,,,,False,28.964360587002098,739.922,60.716981132075475,12
2026-01-09,MANDI018,Rice,35768.0,73.0,,,,,False,28.964360587002098,739.922,60.716981132075475,12
2026-01-09,MANDI022,Mustard,19594.0,148.0,,,,,False,28.964360587002098,739.922,60.716981132075475,12
2026-01-09,MANDI026,Wheat,0.0,50.0,,,,,False,28.964360587002098,739.922,60.716981132075475,12
2026-01-09,MANDI027,Maize,32998.0,55.0,,,,,False,28.964360587002098,739.922,60.716981132075475,12
2026-01-09,MANDI029,Maize,23838.0,131.0,,,,,False,28.964360587002098,739.922,60.716981132075475,12
2026-01-09,MANDI031,Wheat,40541.0,45.0,,,,,False,28.964360587002098,739.922,60.716981132075475,12
2026-01-09,MANDI040,Mustard,31297.000000000004,136.0,,,,,False,28.964360587002098,739.922,60.716981132075475,12
2026-01-09,MANDI025,Rice,46130.0,124.0,,,,,False,28.964360587002098,739.922,60.716981132075475,12
2026-01-09,MANDI033,Basmati,23609.0,126.0,,,,,False,28.964360587002098,739.922,60.716981132075475,12
2026-01-09,MANDI033,Mustard,43247.0,0.0,,,,,False,28.964360587002098,739.922,60.716981132075475,12
2026-01-09,MANDI039,Rice,48173.0,0.0,,,,,False,28.964360587002098,739.922,60.716981132075475,12
2026-01-09,MANDI033,Cotton,35946.0,104.0,,,,,False,28.964360587002098,739.922,60.716981132075475,12
2026-01-09,MANDI034,Cotton,8469.0,15.0,,,,,False,28.964360587002098,739.922,60.716981132075475,12
2026-01-09,MANDI048,Cotton,0.0,0.0,,,,,False,28.964360587002098,739.922,60.716981132075475,12
2026-01-10,MANDI013,Sugarcane,6504.000000000001,36.0,3112.0,3567.179768208849,3339.59,,True,27.41743295019157,1233.492,59.55172413793103,8
2026-01-10,MANDI015,Wheat,40890.0,55.0,,,,,False,27.41743295019157,1233.492,59.55172413793103,8
2026-01-10,MANDI025,Maize,41301.0,76.0,,,,,False,27.41743295019157,1233.492,59.55172413793103,8
2026-01-10,MANDI026,Wheat,2696.0,59.0,,,,,False,27.41743295019157,1233.492,59.55172413793103,8
2026-01-10,MANDI030,Sugarcane,38744.0,148.0,,,,,False,27.41743295019157,1233.492,59.55172413793103,8
2026-01-10,MANDI010,Rice,2845.0,83.0,,,,,False,27.41743295019157,1233.492,59.55172413793103,8
2026-01-10,MANDI012,Rice,0.0,141.0,,,,,False,27.41743295019157,1233.492,59.55172413793103,8
2026-01-10,MANDI041,Wheat,0.0,0.0,,,,,False,27.41743295019157,1233.492,59.55172413793103,8
2026-01-10,MANDI050,Cotton,38084.0,96.0,,,,,False,27.41743295019157,1233.492,59.55172413793103,8
2026-01-10,MANDI014,Maize,0.0,23.0,,,,,False,27.41743295019157,1233.492,59.55172413793103,8
2026-01-10,MANDI031,Mustard,0.0,24.0,,,,,False,27.41743295019157,1233.492,59.55172413793103,8
2026-01-11,MANDI008,Cotton,0.0,71.0,,,,,False,26.059259259259257,925.164,62.90196078431372,8
2026-01-11,MANDI014,Cotton,9379.0,79.0,,,,,False,26.059259259259257,925.164,62.90196078431372,8
2026-01-11,MANDI003,Sugarcane,1591.0,15.0,,,,,False,26.059259259259257,925.164,62.90196078431372,8
2026-01-11,MANDI017,Maize,0.0,84.0,,,,,False,26.059259259259257,925.164,62.90196078431372,8
2026-01-11,MANDI017,Sugarcane,30672.000000000004,62.0,,,,,False,26.059259259259257,925.164,62.90196078431372,8
2026-01-11,MANDI025,Rice,49545.0,115.0,,,,,False,26.059259259259257,925.164,62.90196078431372,8
2026-01-11,MANDI051,Sugarcane,0.0,80.0,,,,,False,26.059259259259257,925.164,62.90196078431372,8
2026-01-11,MANDI052,Basmati,33867.0,74.0,,,,,False,26.059259259259257,925.164,62.90196078431372,8
2026-01-11,MANDI052,Mustard,29689.0,0.0,,,,,False,26.059259259259257,925.164,62.90196078431372,8
2026-01-11,MANDI052,Sugarcane,40053.0,80.0,,,,,False,26.059259259259257,925.164,62.90196078431372,8
2026-01-12,MANDI029,Mustard,25122.0,32.0,,,,,False,26.5268115942029,972.604,60.32608695652174,5
2026-01-12,MANDI003,Sugarcane,42893.0,106.0,,,,,False,26.5268115942029,972.604,60.32608695652174,5
2026-01-12,MANDI017,Rice,13916.999999999998,102.0,,,,,False,26.5268115942029,972.604,60.32608695652174,5
2026-01-12,MANDI033,Mustard,43656.0,133.0,,,,,False,26.5268115942029,972.604,60.32608695652174,5
2026-01-12,MANDI039,Mustard,37650.0,64.0,,,,,False,26.5268115942029,972.604,60.32608695652174,5
2026-01-12,MANDI039,Wheat,1302.0,119.0,,,,,False,26.5268115942029,972.604,60.32608695652174,5
2026-01-12,MANDI040,Cotton,6234.0,19.0,,,,,False,26.5268115942029,972.604,60.32608695652174,5
2026-01-12,MANDI047,Maize,0.0,104.0,,,,,False,26.5268115942029,972.604,60.32608695652174,5
2026-01-12,MANDI016,Sugarcane,5265.0,12.0,,,,,False,26.5268115942029,972.604,60.32608695652174,5
2026-01-13,MANDI027,Rice,0.0,120.0,,,,,False,26.76511111111111,976.252,59.96,10
2026-01-13,MANDI003,Rice,0.0,0.0,,,,,False,26.76511111111111,976.252,59.96,10
2026-01-13,MANDI008,Mustard,44955.0,63.0,,,,,False,26.76511111111111,976.252,59.96,10
2026-01-13,MANDI035,Sugarcane,30255.0,76.0,,,,,False,26.76511111111111,976.252,59.96,10
2026-01-13,MANDI004,Maize,0.0,18.0,,,,,False,26.76511111111111,976.252,59.96,10
2026-01-13,MANDI011,Rice,47259.0,35.0,,,,,False,26.76511111111111,976.252,59.96,10
2026-01-13,MANDI027,Maize,0.0,17.0,,,,,False,26.76511111111111,976.252,59.96,10
2026-01-13,MANDI027,Sugarcane,21219.0,66.0,,,,,False,26.76511111111111,976.252,59.96,10
2026-01-13,MANDI033,Wheat,0.0,109.0,,,,,False,26.76511111111111,976.252,59.96,10
2026-01-13,MANDI042,Mustard,40417.0,56.0,,,,,False,26.76511111111111,976.252,59.96,10
2026-01-13,MANDI004,Sugarcane,0.0,76.0,,,,,False,26.76511111111111,976.252,59.96,10
2026-01-13,MANDI048,Rice,2693.0,58.0,,,,,False,26.76511111111111,976.252,59.96,10
2026-01-13,MANDI050,Maize,26876.0,113.0,,,,,False,26.76511111111111,976.252,59.96,10
2026-01-13,MANDI005,Maize,45816.0,146.0,,,,,False,26.76511111111111,976.252,59.96,10
2026-01-13,MANDI040,Sugarcane,2179.0,8.0,,,,,False,26.76511111111111,976.252,59.96,10
2026-01-14,MANDI018,Mustard,0.0,113.0,,,,,False,26.37127882599581,943.562,60.56603773584906,14
2026-01-14,MANDI021,Mustard,48690.0,123.0,5085.21,5908.94,,,False,26.37127882599581,943.562,60.56603773584906,14
2026-01-14,MANDI027,Rice,0.0,132.0,,,,,False,26.37127882599581,943.562,60.56603773584906,14
2026-01-14,MANDI043,Sugarcane,0.0,98.0,,,,,False,26.37127882599581,943.562,60.56603773584906,14
2026-01-14,MANDI007,Wheat,24887.0,82.0,2020.793728954413,,2247.51,,True,26.37127882599581,943.562,60.56603773584906,14
2026-01-14,MANDI008,Makki,0.0,64.0,,,,,False,26.37127882599581,943.562,60.56603773584906,14
2026-01-14,MANDI008,Sugarcane,24582.0,64.0,,,,,False,26.37127882599581,943.562,60.56603773584906,14
2026-01-14,MANDI013,Sugarcane,38984.0,73.0,,,,,False,26.37127882599581,943.562,60.56603773584906,14
2026-01-14,MANDI028,Wheat,0.0,192.0,,,,,False,26.37127882599581,943.562,60.56603773584906,14
2026-01-14,MANDI039,Rice,0.0,53.0,,,,,False,26.37127882599581,943.562,60.56603773584906,14
2026-01-14,MANDI049,Cotton,0.0,93.0,,,,,False,26.37127882599581,943.562,60.56603773584906,14
2026-01-14,MANDI056,Basmati,23040.0,113.0,,,,,False,26.37127882599581,943.562,60.56603773584906,14
2026-01-14,MANDI011,Makki,31418.0,23.0,,,,,False,26.37127882599581,943.562,60.56603773584906,14
2026-01-14,MANDI024,Rice,23805.0,25.0,,,,,False,26.37127882599581,943.562,60.56603773584906,14
2026-01-14,MANDI013,Rice,19306.0,121.0,,,,,False,26.37127882599581,943.562,60.56603773584906,14
2026-01-14,MANDI014,Wheat,28995.999999999996,73.0,,,,,False,26.37127882599581,943.562,60.56603773584906,14
2026-01-14,MANDI024,Cotton,16502.0,119.0,,,,,False,26.37127882599581,943.562,60.56603773584906,14
2026-01-14,MANDI055,Rice,27161.0,145.0,,,,,False,26.37127882599581,943.562,60.56603773584906,14
2026-01-15,MANDI053,Cotton,29929.000000000004,118.0,,,,,False,28.585802469135803,753.626,63.166666666666664,10
2026-01-15,MANDI002,Rice,26586.0,52.0,,,,,False,28.585802469135803,753.626,63.166666666666664,10
2026-01-15,MANDI016,Makki,2045.0,137.0,,,,,False,28.585802469135803,753.626,63.166666666666664,10
2026-01-15,MANDI024,Wheat,42887.0,120.0,,,,,False,28.585802469135803,753.626,63.166666666666664,10
2026-01-15,MANDI014,Rice,9589.0,76.0,,,,,False,28.585802469135803,753.626,63.166666666666664,10
2026-01-15,MANDI016,Maize,0.0,0.0,,,,,False,28.585802469135803,753.626,63.166666666666664,10
2026-01-15,MANDI022,Sugarcane,5180.0,25.0,,,,,False,28.585802469135803,753.626,63.166666666666664,10
2026-01-15,MANDI036,Wheat,39312.0,144.0,,,,,False,28.585802469135803,753.626,63.166666666666664,10
2026-01-15,MANDI041,Mustard,10681.0,92.0,,,,,False,28.585802469135803,753.626,63.166666666666664,10
2026-01-15,MANDI057,Maize,42122.0,14.0,,,,,False,28.585802469135803,753.626,63.166666666666664,10
2026-01-15,MANDI018,Maize,20781.0,84.0,,,,,False,28.585802469135803,753.626,63.166666666666664,10
2026-01-16,MANDI009,Maize,0.0,31.0,,,,,False,28.450766283524903,1185.528,64.20689655172414,8
2026-01-16,MANDI043,Mustard,49485.0,22.0,,,,,False,28.450766283524903,1185.528,64.20689655172414,8
2026-01-16,MANDI047,Basmati,27137.0,124.0,,,,,False,28.450766283524903,1185.528,64.20689655172414,8
2026-01-16,MANDI006,Rice,0.0,128.0,,,,,False,28.450766283524903,1185.528,64.20689655172414,8
2026-01-16,MANDI010,Mustard,46406.0,124.0,,,,,False,28.450766283524903,1185.528,64.20689655172414,8
2026-01-16,MANDI016,Maize,40896.0,100.0,,,,,False,28.450766283524903,1185.528,64.20689655172414,8
2026-01-16,MANDI002,Sugarcane,0.0,49.0,,,,,False,28.450766283524903,1185.528,64.20689655172414,8
2026-01-16,MANDI006,Sugarcane,7889.0,142.0,,,,,False,28.450766283524903,1185.528,64.20689655172414,8
2026-01-16,MANDI011,Wheat,31329.000000000004,78.0,,,,,False,28.450766283524903,1185.528,64.20689655172414,8
2026-01-16,MANDI012,Rice,6746.0,0.0,,,,,False,28.450766283524903,1185.528,64.20689655172414,8
2026-01-16,MANDI037,Maize,38702.0,120.0,,,,,False,28.450766283524903,1185.528,64.20689655172414,8
2026-01-16,MANDI044,Sugarcane,10574.0,144.0,,,,,False,28.450766283524903,1185.528,64.20689655172414,8
2026-01-16,MANDI016,Maize,13715.0,21.0,,,,,False,28.450766283524903,1185.528,64.20689655172414,8
2026-01-16,MANDI036,Wheat,6336.0,98.0,,,,,False,28.450766283524903,1185.528,64.20689655172414,8
2026-01-16,MANDI042,Cotton,26290.0,80.0,,,,,False,28.450766283524903,1185.528,64.20689655172414,8
2026-01-16,MANDI002,Sugarcane,0.0,92.0,,,,,False,28.450766283524903,1185.528,64.20689655172414,8
2026-01-16,MANDI003,Wheat,0.0,278.0,2361.0137225310896,2766.4,,,False,28.450766283524903,1185.528,64.20689655172414,8
2026-01-16,MANDI009,Mustard,32050.0,143.0,,,,,False,28.450766283524903,1185.528,64.20689655172414,8
2026-01-16,MANDI057,Cotton,24453.0,150.0,,,,,False,28.450766283524903,1185.528,64.20689655172414,8
2026-01-17,MANDI032,Sugarcane,46628.0,136.0,,,,,False,29.372427983539094,1055.544,62.370370370370374,9
2026-01-17,MANDI035,Sugarcane,0.0,40.0,,,,,False,29.372427983539094,1055.544,62.370370370370374,9
2026-01-17,MANDI031,Mustard,2788.0,27.0,5809.61,6479.49,6144.549398620808,,True,29.372427983539094,1055.544,62.370370370370374,9
2026-01-17,MANDI005,Rice,45208.0,149.0,,,,,False,29.372427983539094,1055.544,62.370370370370374,9
2026-01-17,MANDI010,Mustard,14116.0,154.0,,,,,False,29.372427983539094,1055.544,62.370370370370374,9
2026-01-17,MANDI014,Cotton,19301.0,0.0,,,,,False,29.372427983539094,1055.544,62.370370370370374,9
2026-01-17,MANDI017,Mustard,73544.0,42.0,,,,,False,29.372427983539094,1055.544,62.370370370370374,9
2026-01-17,MANDI018,Wheat,92626.0,204.0,,,,,False,29.372427983539094,1055.544,62.370370370370374,9
2026-01-17,MANDI030,Maize,12238.0,68.0,,,,,False,29.372427983539094,1055.544,62.370370370370374,9
2026-01-17,MANDI047,Maize,7692.0,141.0,,,,,False,29.372427983539094,1055.544,62.370370370370374,9
2026-01-17,MANDI023,Rice,2275.0,0.0,,,,,False,29.372427983539094,1055.544,62.370370370370374,9
2026-01-17,MANDI048,Maize,32102.0,115.0,,,,,False,29.372427983539094,1055.544,62.370370370370374,9
2026-01-18,MANDI003,Sugarcane,28755.000000000004,62.0,,,,,False,27.42279202279202,893.554,65.84615384615384,5
2026-01-18,MANDI036,Wheat,0.0,0.0,,,,,False,27.42279202279202,893.554,65.84615384615384,5
2026-01-18,MANDI040,Wheat,49910.0,141.0,,,,,False,27.42279202279202,893.554,65.84615384615384,5
2026-01-18,MANDI049,Mustard,18289.0,22.0,,,,,False,27.42279202279202,893.554,65.84615384615384,5
2026-01-18,MANDI056,Sugarcane,46731.0,149.0,,,,,False,27.42279202279202,893.554,65.84615384615384,5
2026-01-18,MANDI017,Wheat,8227.0,146.0,,,,,False,27.42279202279202,893.554,65.84615384615384,5
2026-01-19,MANDI016,Sugarcane,16074.0,99.0,,,,,False,26.980506822612085,1219.97,57.59649122807018,5
2026-01-19,MANDI047,Sugarcane,20364.0,100.0,,,,,False,26.980506822612085,1219.97,57.59649122807018,5
2026-01-19,MANDI032,Maize,43371.0,0.0,,,,,False,26.980506822612085,1219.97,57.59649122807018,5
2026-01-19,MANDI042,Wheat,0.0,0.0,,,,,False,26.980506822612085,1219.97,57.59649122807018,5
2026-01-19,MANDI049,Cotton,0.0,123.0,6073.76,,,,False,26.980506822612085,1219.97,57.59649122807018,5
2026-01-19,MANDI052,Mustard,17264.0,132.0,,,,,False,26.980506822612085,1219.97,57.59649122807018,5
2026-01-19,MANDI012,Rice,38986.0,180.0,,,,,False,26.980506822612085,1219.97,57.59649122807018,5
2026-01-19,MANDI008,Mustard,0.0,66.0,,,,,False,26.980506822612085,1219.97,57.59649122807018,5
2026-01-19,MANDI046,Maize,0.0,0.0,,,,,False,26.980506822612085,1219.97,57.59649122807018,5
2026-01-20,MANDI033,Sugarcane,26889.0,0.0,,,,,False,28.271825396825395,820.476,63.80357142857143,10
2026-01-20,MANDI015,Wheat,44976.0,164.0,,,,,False,28.271825396825395,820.476,63.80357142857143,10
2026-01-20,MANDI042,Wheat,42928.0,17.0,,,,,False,28.271825396825395,820.476,63.80357142857143,10
2026-01-20,MANDI003,Rice,12972.999999999998,8.0,,,,,False,28.271825396825395,820.476,63.80357142857143,10
2026-01-20,MANDI006,Rice,22755.0,76.0,,,,,False,28.271825396825395,820.476,63.80357142857143,10
2026-01-20,MANDI022,Wheat,36329.0,78.0,,,,,False,28.271825396825395,820.476,63.80357142857143,10
2026-01-20,MANDI044,Maize,13688.999999999998,131.0,,,,,False,28.271825396825395,820.476,63.80357142857143,10
2026-01-20,MANDI008,Mustard,46023.0,82.0,,,,,False,28.271825396825395,820.476,63.80357142857143,10
2026-01-20,MANDI041,Mustard,0.0,132.0,5450.21,,5771.340638882627,,True,28.271825396825395,820.476,63.80357142857143,10
2026-01-20,MANDI010,Sugarcane,9566.0,102.0,,,,,False,28.271825396825395,820.476,63.80357142857143,10
2026-01-20,MANDI030,Wheat,0.0,49.0,,,,,False,28.271825396825395,820.476,63.80357142857143,10
2026-01-21,MANDI002,Sugarcane,32683.999999999996,81.0,,,,,False,26.056250000000002,985.454,61.229166666666664,4
2026-01-21,MANDI049,Mustard,0.0,47.0,,,,,False,26.056250000000002,985.454,61.229166666666664,4
2026-01-21,MANDI019,Mustard,0.0,47.0,,,,,False,26.056250000000002,985.454,61.229166666666664,4
2026-01-21,MANDI042,Cotton,0.0,150.0,,,,,False,26.056250000000002,985.454,61.229166666666664,4
2026-01-21,MANDI042,Mustard,0.0,8.0,,,,,False,26.056250000000002,985.454,61.229166666666664,4
2026-01-21,MANDI048,Mustard,18486.0,94.0,,,,,False,26.056250000000002,985.454,61.229166666666664,4
2026-01-21,MANDI057,Cotton,4043.9999999999995,244.0,,,,,False,26.056250000000002,985.454,61.229166666666664,4
2026-01-21,MANDI028,Makki,47032.0,76.0,,,,,False,26.056250000000002,985.454,61.229166666666664,4
2026-01-21,MANDI044,Mustard,3674.0,120.0,,,,,False,26.056250000000002,985.454,61.229166666666664,4
2026-01-21,MANDI031,Cotton,26532.0,111.0,,,,,False,26.056250000000002,985.454,61.229166666666664,4
2026-01-22,MANDI030,Wheat,39555.0,121.0,,,,,False,28.413526570048308,933.348,62.84782608695652,8
2026-01-22,MANDI003,Makki,38019.0,104.0,,,,,False,28.413526570048308,933.348,62.84782608695652,8
2026-01-22,MANDI005,Rice,0.0,15.0,,,,,False,28.413526570048308,933.348,62.84782608695652,8
2026-01-22,MANDI011,Rice,30377.0,60.0,,,,,False,28.413526570048308,933.348,62.84782608695652,8
2026-01-22,MANDI012,Cotton,41105.0,0.0,,,,,False,28.413526570048308,933.348,62.84782608695652,8
2026-01-22,MANDI022,Mustard,0.0,66.0,,,,,False,28.413526570048308,933.348,62.84782608695652,8
2026-01-22,MANDI024,Sugarcane,43230.0,20.0,,,,,False,28.413526570048308,933.348,62.84782608695652,8
2026-01-22,MANDI046,Wheat,5457.0,26.0,,,,,False,28.413526570048308,933.348,62.84782608695652,8
2026-01-22,MANDI047,Sugarcane,0.0,31.0,,,,,False,28.413526570048308,933.348,62.84782608695652,8
2026-01-22,MANDI009,Wheat,44139.0,136.0,,,,,False,28.413526570048308,933.348,62.84782608695652,8
2026-01-22,MANDI013,Sugarcane,10658.0,49.0,3061.3528715383054,3507.36,3284.35,,True,28.413526570048308,933.348,62.84782608695652,8
2026-01-22,MANDI027,Maize,0.0,96.0,,,,,False,28.413526570048308,933.348,62.84782608695652,8
2026-01-23,MANDI010,Mustard,21462.0,24.0,,6592.05,,,False,26.74131054131054,741.598,59.30769230769231,5
2026-01-23,MANDI032,Wheat,0.0,135.0,,,,,False,26.74131054131054,741.598,59.30769230769231,5
2026-01-23,MANDI026,Rice,6873.0,0.0,,,,,False,26.74131054131054,741.598,59.30769230769231,5
2026-01-23,MANDI025,Maize,29939.0,44.0,,,,,False,26.74131054131054,741.598,59.30769230769231,5
2026-01-23,MANDI041,Cotton,0.0,124.0,,,,,False,26.74131054131054,741.598,59.30769230769231,5
2026-01-23,MANDI016,Cotton,18376.0,13.0,,7364.56,,,False,26.74131054131054,741.598,59.30769230769231,5
2026-01-23,MANDI018,Sugarcane,43626.0,89.0,,,,,False,26.74131054131054,741.598,59.30769230769231,5
2026-01-23,MANDI035,Maize,0.0,145.0,,,,,False,26.74131054131054,741.598,59.30769230769231,5
2026-01-23,MANDI035,Mustard,0.0,70.0,,,,,False,26.74131054131054,741.598,59.30769230769231,5
2026-01-23,MANDI039,Mustard,0.0,146.0,,,,,False,26.74131054131054,741.598,59.30769230769231,5
2026-01-23,MANDI043,Wheat,34147.0,111.0,,,,,False,26.74131054131054,741.598,59.30769230769231,5
2026-01-23,MANDI049,Sugarcane,19117.0,133.0,,,,,False,26.74131054131054,741.598,59.30769230769231,5
2026-01-23,MANDI018,Cotton,34925.0,128.0,,,,,False,26.74131054131054,741.598,59.30769230769231,5
2026-01-23,MANDI022,Sugarcane,42495.0,5.0,,,,,False,26.74131054131054,741.598,59.30769230769231,5
2026-01-23,MANDI033,Sugarcane,0.0,139.0,,,,,False,26.74131054131054,741.598,59.30769230769231,5
2026-01-23,MANDI049,Mustard,15916.0,0.0,,,,,False,26.74131054131054,741.598,59.30769230769231,5
2026-01-24,MANDI025,Sugarcane,1412.0,0.0,,,,,False,25.547962962962963,1328.056,63.4,8
2026-01-24,MANDI004,Makki,14513.0,79.0,,,,,False,25.547962962962963,1328.056,63.4,8
2026-01-24,MANDI042,Sugarcane,0.0,139.0,,,,,False,25.547962962962963,1328.056,63.4,8
2026-01-24,MANDI005,Wheat,14325.0,138.0,,,,,False,25.547962962962963,1328.056,63.4,8
2026-01-24,MANDI006,Rice,17746.0,83.0,,,,,False,25.547962962962963,1328.056,63.4,8
2026-01-24,MANDI018,Sugarcane,0.0,136.0,,,,,False,25.547962962962963,1328.056,63.4,8
2026-01-24,MANDI020,Cotton,0.0,84.0,,,,,False,25.547962962962963,1328.056,63.4,8
2026-01-24,MANDI024,Maize,0.0,0.0,,,,,False,25.547962962962963,1328.056,63.4,8
2026-01-24,MANDI025,Rice,14183.000000000002,67.0,,,,,False,25.547962962962963,1328.056,63.4,8
2026-01-24,MANDI025,Wheat,65000.0,168.0,,,,,False,25.547962962962963,1328.056,63.4,8
2026-01-24,MANDI035,Wheat,36212.0,14.0,,,,,False,25.547962962962963,1328.056,63.4,8
2026-01-24,MANDI042,Maize,13819.0,61.0,2076.33,2572.09,,,False,25.547962962962963,1328.056,63.4,8
2026-01-24,MANDI045,Mustard,44353.0,78.0,,,,,False,25.547962962962963,1328.056,63.4,8
2026-01-24,MANDI048,Maize,19280.0,143.0,,,,,False,25.547962962962963,1328.056,63.4,8
2026-01-24,MANDI048,Rice,2102.0,0.0,,,,,False,25.547962962962963,1328.056,63.4,8
2026-01-24,MANDI049,Wheat,0.0,0.0,,,,,False,25.547962962962963,1328.056,63.4,8
2026-01-24,MANDI056,Sugarcane,22981.0,22.0,,,,,False,25.547962962962963,1328.056,63.4,8
2026-01-24,MANDI057,Mustard,45158.0,45.0,,,,,False,25.547962962962963,1328.056,63.4,8
2026-01-24,MANDI044,Maize,2592.0,112.0,,,,,False,25.547962962962963,1328.056,63.4,8
2026-01-24,MANDI021,Cotton,25824.0,26.0,,,,,False,25.547962962962963,1328.056,63.4,8
2026-01-25,MANDI026,Rice,47592.0,0.0,,,,,False,29.139701897018973,1246.14,60.3780487804878,19
2026-01-25,MANDI031,Wheat,49440.0,120.0,,,,,False,29.139701897018973,1246.14,60.3780487804878,19
2026-01-25,MANDI011,Wheat,23156.0,87.0,2258.2461850557547,,,2275.0,False,29.139701897018973,1246.14,60.3780487804878,19
2026-01-25,MANDI013,Mustard,0.0,93.0,,,,,False,29.139701897018973,1246.14,60.3780487804878,19
2026-01-25,MANDI007,Cotton,44339.0,144.0,5699.88,,,6620.0,False,29.139701897018973,1246.14,60.3780487804878,19
2026-01-25,MANDI017,Sugarcane,5478.0,97.0,,,,,False,29.139701897018973,1246.14,60.3780487804878,19
2026-01-25,MANDI039,Maize,0.0,127.0,1923.72,,,,False,29.139701897018973,1246.14,60.3780487804878,19
2026-01-25,MANDI042,Sugarcane,15128.0,113.0,,,,,False,29.139701897018973,1246.14,60.3780487804878,19
2026-01-25,MANDI043,Rice,39431.0,56.0,,,,,False,29.139701897018973,1246.14,60.3780487804878,19
2026-01-25,MANDI002,Wheat,27068.0,101.0,,,,,False,29.139701897018973,1246.14,60.3780487804878,19
2026-01-25,MANDI037,Sugarcane,8682.0,64.0,,,,,False,29.139701897018973,1246.14,60.3780487804878,19
2026-01-25,MANDI047,Maize,0.0,75.0,2076.494878568384,,2326.4877217832945,,True,29.139701897018973,1246.14,60.3780487804878,19
2026-01-26,MANDI029,Mustard,14919.999999999998,133.0,,,,,False,27.65733333333333,964.8,64.46,6
2026-01-26,MANDI044,Wheat,22679.0,24.0,,,2672.560621642176,,True,27.65733333333333,964.8,64.46,6
2026-01-26,MANDI007,Cotton,13091.999999999998,81.0,,,,,False,27.65733333333333,964.8,64.46,6
2026-01-26,MANDI051,Maize,39745.0,18.0,,,,,False,27.65733333333333,964.8,64.46,6
2026-01-26,MANDI053,Mustard,28426.0,88.0,,,,,False,27.65733333333333,964.8,64.46,6
2026-01-26,MANDI006,Cotton,35025.0,54.0,,,,,False,27.65733333333333,964.8,64.46,6
2026-01-26,MANDI011,Maize,25544.0,99.0,,,,,False,27.65733333333333,964.8,64.46,6
2026-01-26,MANDI014,Cotton,26740.0,31.0,,,,,False,27.65733333333333,964.8,64.46,6
2026-01-26,MANDI028,Rice,16029.0,0.0,,,,,False,27.65733333333333,964.8,64.46,6
2026-01-26,MANDI036,Sugarcane,39725.0,137.0,,,,,False,27.65733333333333,964.8,64.46,6
2026-01-26,MANDI037,Mustard,21079.0,56.0,,,,,False,27.65733333333333,964.8,64.46,6
2026-01-26,MANDI038,Maize,8622.0,0.0,,,,,False,27.65733333333333,964.8,64.46,6
2026-01-26,MANDI044,Maize,24273.0,33.0,,,,,False,27.65733333333333,964.8,64.46,6
2026-01-26,MANDI045,Wheat,0.0,133.0,,,,,False,27.65733333333333,964.8,64.46,6
2026-01-26,MANDI046,Maize,4546.0,79.0,,,,,False,27.65733333333333,964.8,64.46,6
2026-01-26,MANDI053,Mustard,29332.0,0.0,,,,,False,27.65733333333333,964.8,64.46,6
2026-01-26,MANDI054,Rice,16523.0,40.0,,,,,False,27.65733333333333,964.8,64.46,6
2026-01-26,MANDI055,Maize,30025.0,0.0,,,,,False,27.65733333333333,964.8,64.46,6
2026-01-26,MANDI014,Wheat,0.0,0.0,,,,,False,27.65733333333333,964.8,64.46,6
2026-01-26,MANDI041,Cotton,3884.0,121.0,,,7254.08,,True,27.65733333333333,964.8,64.46,6
2026-01-26,MANDI052,Makki,6609.0,73.0,,,,,False,27.65733333333333,964.8,64.46,6
2026-01-26,MANDI019,Cotton,20442.0,0.0,,,,,False,27.65733333333333,964.8,64.46,6
2026-01-26,MANDI046,Makki,45952.0,0.0,,,,,False,27.65733333333333,964.8,64.46,6
2026-01-27,MANDI011,Makki,32700.0,0.0,,,,,False,27.250222222222224,746.516,62.22,8
2026-01-27,MANDI033,Cotton,0.0,133.0,,,,,False,27.250222222222224,746.516,62.22,8
2026-01-27,MANDI037,Sugarcane,11596.0,21.0,,,,,False,27.250222222222224,746.516,62.22,8
2026-01-27,MANDI044,Basmati,0.0,69.0,,,,,False,27.250222222222224,746.516,62.22,8
2026-01-27,MANDI056,Wheat,14748.0,147.0,,,,,False,27.250222222222224,746.516,62.22,8
2026-01-27,MANDI015,Cotton,0.0,47.0,,,,,False,27.250222222222224,746.516,62.22,8
2026-01-27,MANDI024,Makki,9092.0,27.0,,,,,False,27.250222222222224,746.516,62.22,8
2026-01-27,MANDI036,Maize,0.0,133.0,,,,,False,27.250222222222224,746.516,62.22,8
2026-01-27,MANDI036,Mustard,24818.0,121.0,,,,,False,27.250222222222224,746.516,62.22,8
2026-01-27,MANDI047,Maize,0.0,99.0,,,,,False,27.250222222222224,746.516,62.22,8
2026-01-27,MANDI053,Wheat,27065.0,69.0,,,,,False,27.250222222222224,746.516,62.22,8
2026-01-27,MANDI057,Rice,16873.0,181.0,,,,,False,27.250222222222224,746.516,62.22,8
2026-01-27,MANDI035,Wheat,0.0,28.0,,,,,False,27.250222222222224,746.516,62.22,8
2026-01-27,MANDI009,Wheat,0.0,27.0,,,,,False,27.250222222222224,746.516,62.22,8
2026-01-27,MANDI048,Rice,0.0,135.0,,,,,False,27.250222222222224,746.516,62.22,8
2026-01-27,MANDI049,Rice,15457.0,10.0,,,,,False,27.250222222222224,746.516,62.22,8
2026-01-27,MANDI052,Rice,48438.0,144.0,,2362.35,2302.4926528794317,,True,27.250222222222224,746.516,62.22,8
2026-01-28,MANDI053,Wheat,25062.0,54.0,1983.85,,,,False,28.421350762527233,860.842,64.50980392156863,7
2026-01-28,MANDI056,Mustard,0.0,0.0,,,,,False,28.421350762527233,860.842,64.50980392156863,7
2026-01-28,MANDI001,Mustard,0.0,93.0,5216.04,,,,False,28.421350762527233,860.842,64.50980392156863,7
2026-01-28,MANDI015,Mustard,11701.0,0.0,,,,,False,28.421350762527233,860.842,64.50980392156863,7
2026-01-28,MANDI024,Maize,0.0,108.0,,,,,False,28.421350762527233,860.842,64.50980392156863,7
2026-01-28,MANDI047,Wheat,0.0,102.0,,,,,False,28.421350762527233,860.842,64.50980392156863,7
2026-01-28,MANDI019,Sugarcane,0.0,40.0,,,,,False,28.421350762527233,860.842,64.50980392156863,7
2026-01-29,MANDI021,Maize,18463.0,24.0,,,,,False,28.463838383838386,1198.1499999999999,62.54545454545455,3
2026-01-29,MANDI033,Mustard,17357.0,96.0,,,,,False,28.463838383838386,1198.1499999999999,62.54545454545455,3
2026-01-29,MANDI041,Cotton,48377.0,128.0,,,,,False,28.463838383838386,1198.1499999999999,62.54545454545455,3
2026-01-29,MANDI005,Cotton,0.0,84.0,,,,,False,28.463838383838386,1198.1499999999999,62.54545454545455,3
2026-01-29,MANDI008,Sugarcane,34821.0,112.0,,,,,False,28.463838383838386,1198.1499999999999,62.54545454545455,3
2026-01-29,MANDI017,Wheat,44407.0,138.0,2138.32,,,,False,28.463838383838386,1198.1499999999999,62.54545454545455,3
2026-01-29,MANDI032,Mustard,29186.0,7.0,,,,,False,28.463838383838386,1198.1499999999999,62.54545454545455,3
2026-01-29,MANDI041,Wheat,0.0,103.0,,,,,False,28.463838383838386,1198.1499999999999,62.54545454545455,3
2026-01-29,MANDI042,Rice,8553.0,139.0,,,,,False,28.463838383838386,1198.1499999999999,62.54545454545455,3
2026-01-29,MANDI044,Rice,11819.0,0.0,,,,,False,28.463838383838386,1198.1499999999999,62.54545454545455,3
2026-01-29,MANDI045,Rice,95976.0,198.0,,,,,False,28.463838383838386,1198.1499999999999,62.54545454545455,3
2026-01-29,MANDI003,Cotton,14510.0,89.0,,6878.18,6467.62,,True,28.463838383838386,1198.1499999999999,62.54545454545455,3
2026-01-29,MANDI034,Wheat,10048.0,108.0,,,,,False,28.463838383838386,1198.1499999999999,62.54545454545455,3
2026-01-29,MANDI036,Cotton,30089.999999999996,100.0,,,,,False,28.463838383838386,1198.1499999999999,62.54545454545455,3
2026-01-29,MANDI057,Mustard,23404.0,140.0,,,,,False,28.463838383838386,1198.1499999999999,62.54545454545455,3
2026-01-29,MANDI009,Maize,40458.0,136.0,,,,,False,28.463838383838386,1198.1499999999999,62.54545454545455,3
2026-01-29,MANDI013,Mustard,37021.0,145.0,,,,,False,28.463838383838386,1198.1499999999999,62.54545454545455,3
2026-01-29,MANDI024,Rice,38419.0,110.0,,,,,False,28.463838383838386,1198.1499999999999,62.54545454545455,3
2026-01-29,MANDI028,Makki,22728.0,20.0,,,,,False,28.463838383838386,1198.1499999999999,62.54545454545455,3
2026-01-29,MANDI033,Cotton,17465.0,12.0,,7037.65,,6620.0,False,28.463838383838386,1198.1499999999999,62.54545454545455,3
2026-01-30,MANDI004,Wheat,14437.0,36.0,,,,,False,28.766464646464648,1317.012,61.018181818181816,5
2026-01-30,MANDI019,Maize,0.0,113.0,,,,,False,28.766464646464648,1317.012,61.018181818181816,5
2026-01-30,MANDI033,Rice,31801.0,120.0,,,,,False,28.766464646464648,1317.012,61.018181818181816,5
2026-01-30,MANDI036,Makki,9900.0,0.0,,,,,False,28.766464646464648,1317.012,61.018181818181816,5
2026-01-30,MANDI057,Cotton,0.0,31.0,,,,,False,28.766464646464648,1317.012,61.018181818181816,5
2026-01-30,MANDI002,Sugarcane,7644.0,87.0,,,,,False,28.766464646464648,1317.012,61.018181818181816,5
2026-01-30,MANDI010,Wheat,0.0,39.0,,,,,False,28.766464646464648,1317.012,61.018181818181816,5
2026-01-30,MANDI034,Sugarcane,38916.0,97.0,,,,,False,28.766464646464648,1317.012,61.018181818181816,5
2026-01-30,MANDI044,Cotton,0.0,104.0,,,,,False,28.766464646464648,1317.012,61.018181818181816,5
2026-01-30,MANDI047,Wheat,34368.0,100.0,,,,,False,28.766464646464648,1317.012,61.018181818181816,5
2026-01-30,MANDI056,Rice,47282.0,106.0,,2403.05,2212.780620310624,,True,28.766464646464648,1317.012,61.018181818181816,5
2026-01-30,MANDI035,Rice,0.0,90.0,,,,,False,28.766464646464648,1317.012,61.018181818181816,5
2026-01-30,MANDI049,Wheat,27289.0,16.0,,,,,False,28.766464646464648,1317.012,61.018181818181816,5
2026-01-30,MANDI055,Maize,46755.0,10.0,,,,,False,28.766464646464648,1317.012,61.018181818181816,5
2026-01-30,MANDI014,Sugarcane,30342.0,53.0,,,,,False,28.766464646464648,1317.012,61.018181818181816,5
2026-01-30,MANDI024,Mustard,0.0,127.0,,,,,False,28.766464646464648,1317.012,61.018181818181816,5
2026-01-30,MANDI035,Cotton,36911.0,117.0,,,,,False,28.766464646464648,1317.012,61.018181818181816,5
2026-01-30,MANDI045,Cotton,0.0,20.0,,,,,False,28.766464646464648,1317.012,61.018181818181816,5
2026-01-31,MANDI016,Rice,38087.0,139.0,,,,,False,27.07339593114241,1283.494,66.05633802816901,16
2026-01-31,MANDI040,Sugarcane,21150.0,97.0,,,,,False,27.07339593114241,1283.494,66.05633802816901,16
2026-01-31,MANDI048,Wheat,15468.0,144.0,,,,,False,27.07339593114241,1283.494,66.05633802816901,16
2026-01-31,MANDI057,Wheat,0.0,0.0,,,,,False,27.07339593114241,1283.494,66.05633802816901,16
2026-01-31,MANDI007,Cotton,24559.0,91.0,,,,,False,27.07339593114241,1283.494,66.05633802816901,16
2026-01-31,MANDI012,Rice,39692.0,119.0,,,,,False,27.07339593114241,1283.494,66.05633802816901,16
2026-01-31,MANDI016,Mustard,33164.0,37.0,,,,,False,27.07339593114241,1283.494,66.05633802816901,16
2026-01-31,MANDI035,Mustard,7909.999999999999,34.0,,,,,False,27.07339593114241,1283.494,66.05633802816901,16
2026-01-31,MANDI046,Basmati,26074.0,126.0,,,,,False,27.07339593114241,1283.494,66.05633802816901,16
2026-01-31,MANDI002,Sugarcane,8752.0,81.0,,,,,False,27.07339593114241,1283.494,66.05633802816901,16
2026-01-31,MANDI033,Sugarcane,40196.0,97.0,,,,,False,27.07339593114241,1283.494,66.05633802816901,16
2026-01-31,MANDI024,Sugarcane,13553.999999999998,33.0,,,,,False,27.07339593114241,1283.494,66.05633802816901,16
2026-02-01,MANDI010,Maize,37792.0,27.0,,,,,False,27.826785714285712,1345.88,62.125,7
2026-02-01,MANDI015,Makki,15557.0,89.0,,,,,False,27.826785714285712,1345.88,62.125,7
2026-02-01,MANDI015,Cotton,18814.0,58.0,,,,,False,27.826785714285712,1345.88,62.125,7
2026-02-01,MANDI003,Wheat,41578.0,102.0,,,,,False,27.826785714285712,1345.88,62.125,7
2026-02-01,MANDI007,Cotton,33867.0,29.0,,,,,False,27.826785714285712,1345.88,62.125,7
2026-02-01,MANDI015,Maize,14336.000000000002,27.0,,,2212.54,2090.0,True,27.826785714285712,1345.88,62.125,7
2026-02-01,MANDI015,Rice,0.0,8.0,,,,,False,27.826785714285712,1345.88,62.125,7
2026-02-01,MANDI055,Maize,2589.0,30.0,,,,,False,27.826785714285712,1345.88,62.125,7
2026-02-01,MANDI031,Mustard,10612.0,134.0,,,,,False,27.826785714285712,1345.88,62.125,7
2026-02-01,MANDI010,Cotton,0.0,16.0,,,,,False,27.826785714285712,1345.88,62.125,7
2026-02-01,MANDI029,Rice,30232.0,7.0,,,,,False,27.826785714285712,1345.88,62.125,7
2026-02-02,MANDI004,Cotton,47043.0,92.0,,,,,False,27.577575757575758,1105.874,62.38181818181818,8
2026-02-02,MANDI047,Wheat,30084.0,29.0,,,,,False,27.577575757575758,1105.874,62.38181818181818,8
2026-02-02,MANDI053,Mustard,49259.0,95.0,,,,,False,27.577575757575758,1105.874,62.38181818181818,8
2026-02-02,MANDI013,Cotton,0.0,104.0,,,,,False,27.577575757575758,1105.874,62.38181818181818,8
2026-02-02,MANDI031,Sugarcane,4970.000000000001,0.0,,,,,False,27.577575757575758,1105.874,62.38181818181818,8
2026-02-02,MANDI035,Maize,1281.0,8.0,,,,,False,27.577575757575758,1105.874,62.38181818181818,8
2026-02-02,MANDI040,Wheat,3846.0,133.0,,,,,False,27.577575757575758,1105.874,62.38181818181818,8
2026-02-02,MANDI016,Sugarcane,0.0,39.0,,,,,False,27.577575757575758,1105.874,62.38181818181818,8
2026-02-02,MANDI048,Cotton,0.0,117.0,,,,,False,27.577575757575758,1105.874,62.38181818181818,8
2026-02-02,MANDI003,Cotton,19356.0,42.0,,,,,False,27.577575757575758,1105.874,62.38181818181818,8
2026-02-02,MANDI033,Rice,22404.0,28.0,,,,,False,27.577575757575758,1105.874,62.38181818181818,8
2026-02-02,MANDI043,Wheat,0.0,150.0,,,,,False,27.577575757575758,1105.874,62.38181818181818,8
2026-02-03,MANDI015,Cotton,0.0,67.0,,,,,False,27.483531746031748,938.314,60.55357142857143,12
2026-02-03,MANDI005,Maize,5557.0,86.0,,,,,False,27.483531746031748,938.314,60.55357142857143,12
2026-02-03,MANDI006,Cotton,0.0,31.0,,,,,False,27.483531746031748,938.314,60.55357142857143,12
2026-02-03,MANDI011,Mustard,0.0,48.0,,,,,False,27.483531746031748,938.314,60.55357142857143,12
2026-02-03,MANDI021,Maize,0.0,23.0,,2207.128278736866,,2090.0,False,27.483531746031748,938.314,60.55357142857143,12
2026-02-03,MANDI023,Mustard,11515.0,0.0,,,5684.58,,True,27.483531746031748,938.314,60.55357142857143,12
2026-02-03,MANDI023,Sugarcane,34618.0,128.0,,,,,False,27.483531746031748,938.314,60.55357142857143,12
2026-02-03,MANDI028,Mustard,43799.0,23.0,,,,,False,27.483531746031748,938.314,60.55357142857143,12
2026-02-03,MANDI030,Wheat,28414.0,55.0,,,,,False,27.483531746031748,938.314,60.55357142857143,12
2026-02-03,MANDI032,Maize,1451.0,0.0,,,,,False,27.483531746031748,938.314,60.55357142857143,12
2026-02-03,MANDI033,Mustard,0.0,81.0,4958.13,5333.099571692799,,,False,27.483531746031748,938.314,60.55357142857143,12
2026-02-03,MANDI026,Mustard,4154.0,117.0,,,,,False,27.483531746031748,938.314,60.55357142857143,12
2026-02-03,MANDI039,Sugarcane,0.0,85.0,,,,,False,27.483531746031748,938.314,60.55357142857143,12
2026-02-03,MANDI032,Mustard,4265.0,43.0,,,,,False,27.483531746031748,938.314,60.55357142857143,12
2026-02-03,MANDI040,Cotton,45940.0,95.0,,,,,False,27.483531746031748,938.314,60.55357142857143,12
2026-02-04,MANDI057,Mustard,26587.0,34.0,,,,,False,28.477401129943505,1189.526,65.44067796610169,10
2026-02-04,MANDI001,Maize,0.0,121.0,,,,,False,28.477401129943505,1189.526,65.44067796610169,10
2026-02-04,MANDI035,Maize,7780.0,49.0,,,,,False,28.477401129943505,1189.526,65.44067796610169,10
2026-02-04,MANDI005,Rice,8219.0,0.0,,,,,False,28.477401129943505,1189.526,65.44067796610169,10
2026-02-04,MANDI047,Sugarcane,6742.0,13.0,,,,,False,28.477401129943505,1189.526,65.44067796610169,10
2026-02-04,MANDI051,Sugarcane,36812.0,113.0,,,,,False,28.477401129943505,1189.526,65.44067796610169,10
2026-02-04,MANDI052,Maize,47136.0,78.0,,,,,False,28.477401129943505,1189.526,65.44067796610169,10
2026-02-04,MANDI054,Wheat,42834.0,27.0,,,,,False,28.477401129943505,1189.526,65.44067796610169,10
2026-02-04,MANDI029,Maize,11098.0,188.0,,,,,False,28.477401129943505,1189.526,65.44067796610169,10
2026-02-04,MANDI034,Sugarcane,0.0,64.0,,,,,False,28.477401129943505,1189.526,65.44067796610169,10
2026-02-05,MANDI043,Mustard,12836.000000000002,0.0,5618.91,,5910.94,,True,28.22222222222222,1053.916,62.31481481481482,11
2026-02-05,MANDI056,Cotton,26060.000000000004,53.0,,,,,False,28.22222222222222,1053.916,62.31481481481482,11
2026-02-05,MANDI044,Rice,19923.0,27.0,,,,,False,28.22222222222222,1053.916,62.31481481481482,11
2026-02-05,MANDI056,Mustard,36576.0,0.0,,,,,False,28.22222222222222,1053.916,62.31481481481482,11
2026-02-05,MANDI008,Maize,0.0,150.0,,,2157.33,,True,28.22222222222222,1053.916,62.31481481481482,11
2026-02-05,MANDI028,Rice,0.0,268.0,,,,,False,28.22222222222222,1053.916,62.31481481481482,11
2026-02-05,MANDI036,Wheat,15343.0,25.0,,,,,False,28.22222222222222,1053.916,62.31481481481482,11
2026-02-05,MANDI041,Wheat,16999.000000000004,27.0,,,,,False,28.22222222222222,1053.916,62.31481481481482,11
2026-02-05,MANDI047,Wheat,25185.0,0.0,,,,,False,28.22222222222222,1053.916,62.31481481481482,11
2026-02-05,MANDI004,Basmati,0.0,79.0,,,,,False,28.22222222222222,1053.916,62.31481481481482,11
2026-02-05,MANDI035,Mustard,29967.0,0.0,,,,,False,28.22222222222222,1053.916,62.31481481481482,11
2026-02-05,MANDI037,Sugarcane,2282.0,119.0,,,,,False,28.22222222222222,1053.916,62.31481481481482,11
2026-02-06,MANDI010,Rice,25907.0,5.0,,,,,False,27.933048433048434,826.568,61.23076923076923,5
2026-02-06,MANDI016,Sugarcane,41765.0,0.0,,,,,False,27.933048433048434,826.568,61.23076923076923,5
2026-02-06,MANDI046,Rice,49259.0,110.0,,,,,False,27.933048433048434,826.568,61.23076923076923,5
2026-02-06,MANDI003,Sugarcane,18379.0,115.0,,,,,False,27.933048433048434,826.568,61.23076923076923,5
2026-02-06,MANDI005,Basmati,0.0,120.0,,,,,False,27.933048433048434,826.568,61.23076923076923,5
2026-02-06,MANDI007,Mustard,0.0,0.0,,,,,False,27.933048433048434,826.568,61.23076923076923,5
2026-02-06,MANDI010,Rice,13936.000000000002,76.0,,,,,False,27.933048433048434,826.568,61.23076923076923,5
2026-02-06,MANDI016,Rice,44984.0,85.0,2288.83,,,,False,27.933048433048434,826.568,61.23076923076923,5
2026-02-06,MANDI018,Maize,7931.999999999999,38.0,,,1929.69,,True,27.933048433048434,826.568,61.23076923076923,5
2026-02-06,MANDI020,Wheat,13269.999999999998,27.0,,,2384.9320895772785,,True,27.933048433048434,826.568,61.23076923076923,5
2026-02-06,MANDI031,Mustard,23533.0,142.0,,,,,False,27.933048433048434,826.568,61.23076923076923,5
2026-02-06,MANDI034,Sugarcane,44407.0,41.0,3625.24,,,,False,27.933048433048434,826.568,61.23076923076923,5
2026-02-06,MANDI037,Mustard,44904.0,19.0,,,,,False,27.933048433048434,826.568,61.23076923076923,5
2026-02-06,MANDI039,Sugarcane,16399.0,95.0,,,,,False,27.933048433048434,826.568,61.23076923076923,5
2026-02-06,MANDI044,Wheat,0.0,38.0,,,,,False,27.933048433048434,826.568,61.23076923076923,5
2026-02-06,MANDI045,Mustard,1936.0,108.0,,,,,False,27.933048433048434,826.568,61.23076923076923,5
2026-02-06,MANDI046,Mustard,10985.0,79.0,,,,,False,27.933048433048434,826.568,61.23076923076923,5
2026-02-06,MANDI012,Rice,12279.0,25.0,,,,,False,27.933048433048434,826.568,61.23076923076923,5
2026-02-06,MANDI012,Sugarcane,29208.999999999996,5.0,,,,,False,27.933048433048434,826.568,61.23076923076923,5
2026-02-06,MANDI022,Mustard,49982.0,0.0,,,,,False,27.933048433048434,826.568,61.23076923076923,5
2026-02-06,MANDI016,Mustard,35498.0,128.0,,6540.941789700084,,,False,27.933048433048434,826.568,61.23076923076923,5
2026-02-06,MANDI016,Wheat,44780.0,46.0,,,,,False,27.933048433048434,826.568,61.23076923076923,5
2026-02-06,MANDI034,Sugarcane,17287.0,63.0,3625.24,,,,False,27.933048433048434,826.568,61.23076923076923,5
2026-02-07,MANDI004,Maize,26761.000000000004,89.0,,,,,False,27.095061728395063,1078.298,58.68518518518518,8
2026-02-07,MANDI010,Maize,0.0,33.0,,,,,False,27.095061728395063,1078.298,58.68518518518518,8
2026-02-07,MANDI009,Cotton,31191.000000000004,30.0,,,,,False,27.095061728395063,1078.298,58.68518518518518,8
2026-02-07,MANDI025,Wheat,40395.0,0.0,,,,,False,27.095061728395063,1078.298,58.68518518518518,8
2026-02-07,MANDI029,Wheat,36901.0,76.0,,,,,False,27.095061728395063,1078.298,58.68518518518518,8
2026-02-07,MANDI045,Cotton,14727.0,142.0,,,,,False,27.095061728395063,1078.298,58.68518518518518,8
2026-02-07,MANDI025,Maize,0.0,280.0,,,,,False,27.095061728395063,1078.298,58.68518518518518,8
2026-02-07,MANDI053,Rice,30423.0,0.0,,,,,False,27.095061728395063,1078.298,58.68518518518518,8
2026-02-07,MANDI046,Maize,29680.0,0.0,,,,,False,27.095061728395063,1078.298,58.68518518518518,8
2026-02-07,MANDI026,Mustard,0.0,75.0,,,,,False,27.095061728395063,1078.298,58.68518518518518,8
2026-02-07,MANDI056,Rice,0.0,13.0,,,,,False,27.095061728395063,1078.298,58.68518518518518,8
2026-02-08,MANDI018,Maize,48072.0,79.0,,,,,False,28.174074074074074,1088.324,60.68333333333333,8
2026-02-08,MANDI036,Sugarcane,0.0,132.0,,,,,False,28.174074074074074,1088.324,60.68333333333333,8
2026-02-08,MANDI012,Maize,18139.0,71.0,,,,,False,28.174074074074074,1088.324,60.68333333333333,8
2026-02-08,MANDI001,Sugarcane,73364.0,196.0,3642.402285779703,3835.704161659646,,,False,28.174074074074074,1088.324,60.68333333333333,8
2026-02-08,MANDI001,Sugarcane,73364.0,196.0,,,3547.7685253549425,,True,28.174074074074074,1088.324,60.68333333333333,8
2026-02-08,MANDI003,Sugarcane,36552.0,98.0,,,,,False,28.174074074074074,1088.324,60.68333333333333,8
2026-02-08,MANDI010,Maize,18460.0,107.0,,,,,False,28.174074074074074,1088.324,60.68333333333333,8
2026-02-08,MANDI026,Cotton,32655.0,26.0,,,,,False,28.174074074074074,1088.324,60.68333333333333,8
2026-02-08,MANDI028,Rice,0.0,29.0,,,,,False,28.174074074074074,1088.324,60.68333333333333,8
2026-02-08,MANDI035,Mustard,16499.000000000004,51.0,,,,,False,28.174074074074074,1088.324,60.68333333333333,8
2026-02-08,MANDI004,Basmati,0.0,114.0,,,,,False,28.174074074074074,1088.324,60.68333333333333,8
2026-02-08,MANDI053,Wheat,33828.0,126.0,,,,,False,28.174074074074074,1088.324,60.68333333333333,8
2026-02-09,MANDI053,Maize,4502.0,91.0,,,,,False,25.321350762527235,896.3,58.05882352941177,6
2026-02-09,MANDI036,Mustard,15178.999999999998,106.0,,,,,False,25.321350762527235,896.3,58.05882352941177,6
2026-02-09,MANDI021,Maize,30250.0,13.0,,,,,False,25.321350762527235,896.3,58.05882352941177,6
2026-02-09,MANDI028,Cotton,0.0,128.0,,,,,False,25.321350762527235,896.3,58.05882352941177,6
2026-02-09,MANDI041,Mustard,0.0,123.0,,,5235.408676976227,5650.0,True,25.321350762527235,896.3,58.05882352941177,6
2026-02-09,MANDI041,Mustard,0.0,123.0,5194.37,6275.64,,5650.0,False,25.321350762527235,896.3,58.05882352941177,6
2026-02-09,MANDI043,Rice,9120.0,41.0,,,,,False,25.321350762527235,896.3,58.05882352941177,6
2026-02-09,MANDI057,Sugarcane,19620.0,116.0,,,,,False,25.321350762527235,896.3,58.05882352941177,6
2026-02-09,MANDI006,Mustard,23969.0,0.0,,,,,False,25.321350762527235,896.3,58.05882352941177,6
2026-02-09,MANDI015,Cotton,32467.0,72.0,,,,,False,25.321350762527235,896.3,58.05882352941177,6
2026-02-09,MANDI035,Rice,0.0,75.0,,,,,False,25.321350762527235,896.3,58.05882352941177,6
2026-02-10,MANDI013,Sugarcane,33919.0,34.0,,,,,False,27.16575963718821,1087.168,67.04081632653062,5
2026-02-10,MANDI027,Cotton,10287.0,13.0,,,,,False,27.16575963718821,1087.168,67.04081632653062,5
2026-02-10,MANDI051,Rice,6205.0,130.0,,,,,False,27.16575963718821,1087.168,67.04081632653062,5
2026-02-10,MANDI056,Mustard,0.0,112.0,,,,,False,27.16575963718821,1087.168,67.04081632653062,5
2026-02-10,MANDI006,Mustard,43814.0,109.0,,,,,False,27.16575963718821,1087.168,67.04081632653062,5
2026-02-10,MANDI012,Maize,21095.0,102.0,,,,,False,27.16575963718821,1087.168,67.04081632653062,5
2026-02-10,MANDI013,Mustard,12960.0,37.0,,,,,False,27.16575963718821,1087.168,67.04081632653062,5
2026-02-10,MANDI015,Mustard,0.0,79.0,,,,,False,27.16575963718821,1087.168,67.04081632653062,5
2026-02-10,MANDI017,Cotton,23034.0,121.0,,,,,False,27.16575963718821,1087.168,67.04081632653062,5
2026-02-10,MANDI019,Rice,27808.0,36.0,,,,,False,27.16575963718821,1087.168,67.04081632653062,5
2026-02-10,MANDI028,Rice,20327.0,39.0,,,,,False,27.16575963718821,1087.168,67.04081632653062,5
2026-02-10,MANDI037,Sugarcane,0.0,100.0,,,,,False,27.16575963718821,1087.168,67.04081632653062,5
2026-02-10,MANDI042,Maize,34643.0,143.0,,,,,False,27.16575963718821,1087.168,67.04081632653062,5
2026-02-10,MANDI056,Cotton,49939.0,0.0,,,,,False,27.16575963718821,1087.168,67.04081632653062,5
2026-02-10,MANDI057,Sugarcane,19397.0,0.0,,,,,False,27.16575963718821,1087.168,67.04081632653062,5
2026-02-10,MANDI022,Sugarcane,0.0,111.0,,,,,False,27.16575963718821,1087.168,67.04081632653062,5
2026-02-10,MANDI028,Cotton,21930.0,60.0,,,,,False,27.16575963718821,1087.168,67.04081632653062,5
2026-02-11,MANDI026,Maize,33833.0,113.0,,,,,False,29.110027100271004,927.26,63.53658536585366,8
2026-02-11,MANDI006,Wheat,14496.0,71.0,,,,,False,29.110027100271004,927.26,63.53658536585366,8
2026-02-11,MANDI027,Sugarcane,9339.0,0.0,,,,,False,29.110027100271004,927.26,63.53658536585366,8
2026-02-11,MANDI007,Mustard,20823.0,111.0,,,,,False,29.110027100271004,927.26,63.53658536585366,8
2026-02-11,MANDI025,Cotton,14395.0,10.0,,,,,False,29.110027100271004,927.26,63.53658536585366,8
2026-02-11,MANDI029,Basmati,0.0,49.0,,,,,False,29.110027100271004,927.26,63.53658536585366,8
2026-02-11,MANDI030,Wheat,0.0,77.0,,,,,False,29.110027100271004,927.26,63.53658536585366,8
2026-02-11,MANDI031,Sugarcane,28748.0,91.0,,,,,False,29.110027100271004,927.26,63.53658536585366,8
2026-02-11,MANDI032,Sugarcane,0.0,6.0,,,,,False,29.110027100271004,927.26,63.53658536585366,8
2026-02-11,MANDI035,Mustard,2781.0,25.0,,,,,False,29.110027100271004,927.26,63.53658536585366,8
2026-02-11,MANDI021,Makki,24002.0,68.0,,,,,False,29.110027100271004,927.26,63.53658536585366,8
2026-02-11,MANDI029,Wheat,24985.0,96.0,,,,,False,29.110027100271004,927.26,63.53658536585366,8
2026-02-11,MANDI045,Cotton,0.0,65.0,,,,,False,29.110027100271004,927.26,63.53658536585366,8
2026-02-11,MANDI047,Cotton,16194.999999999998,14.0,,,,,False,29.110027100271004,927.26,63.53658536585366,8
2026-02-11,MANDI006,Maize,43503.0,141.0,,,,,False,29.110027100271004,927.26,63.53658536585366,8
2026-02-11,MANDI013,Makki,30833.0,49.0,,,,,False,29.110027100271004,927.26,63.53658536585366,8
2026-02-11,MANDI039,Cotton,42125.0,23.0,,,,,False,29.110027100271004,927.26,63.53658536585366,8
2026-02-11,MANDI056,Rice,5839.0,23.0,,,,,False,29.110027100271004,927.26,63.53658536585366,8
2026-02-12,MANDI011,Cotton,8184.0,97.0,,,,,False,27.46379310344828,1131.212,63.689655172413794,8
2026-02-12,MANDI044,Mustard,33406.0,47.0,,,,,False,27.46379310344828,1131.212,63.689655172413794,8
2026-02-12,MANDI037,Wheat,16461.0,0.0,,,,,False,27.46379310344828,1131.212,63.689655172413794,8
2026-02-12,MANDI041,Wheat,31260.000000000004,29.0,,,,,False,27.46379310344828,1131.212,63.689655172413794,8
2026-02-12,MANDI055,Rice,29795.999999999996,94.0,,,,,False,27.46379310344828,1131.212,63.689655172413794,8
2026-02-12,MANDI004,Wheat,36225.0,38.0,,,,,False,27.46379310344828,1131.212,63.689655172413794,8
2026-02-12,MANDI009,Wheat,2567.0,115.0,,,,,False,27.46379310344828,1131.212,63.689655172413794,8
2026-02-12,MANDI011,Makki,0.0,63.0,,,,,False,27.46379310344828,1131.212,63.689655172413794,8
2026-02-12,MANDI013,Rice,25107.0,58.0,,,,,False,27.46379310344828,1131.212,63.689655172413794,8
2026-02-12,MANDI016,Makki,35779.0,101.0,,,,,False,27.46379310344828,1131.212,63.689655172413794,8
2026-02-12,MANDI029,Wheat,39483.0,143.0,,,,,False,27.46379310344828,1131.212,63.689655172413794,8
2026-02-12,MANDI032,Sugarcane,11973.0,28.0,,,,,False,27.46379310344828,1131.212,63.689655172413794,8
2026-02-12,MANDI001,Wheat,10563.0,17.0,,,,,False,27.46379310344828,1131.212,63.689655172413794,8
2026-02-12,MANDI004,Mustard,24238.0,86.0,,,,,False,27.46379310344828,1131.212,63.689655172413794,8
2026-02-12,MANDI016,Maize,40094.0,124.0,,,,,False,27.46379310344828,1131.212,63.689655172413794,8
2026-02-12,MANDI033,Cotton,10850.0,145.0,,,,,False,27.46379310344828,1131.212,63.689655172413794,8
2026-02-12,MANDI046,Cotton,24511.0,111.0,5934.992842274924,6828.91,6381.950717698559,,True,27.46379310344828,1131.212,63.689655172413794,8
2026-02-12,MANDI049,Sugarcane,31579.0,145.0,,,,,False,27.46379310344828,1131.212,63.689655172413794,8
2026-02-13,MANDI006,Maize,21808.0,0.0,,,,,False,28.067149758454107,791.376,59.80434782608695,7
2026-02-13,MANDI004,Maize,0.0,150.0,,,,,False,28.067149758454107,791.376,59.80434782608695,7
2026-02-13,MANDI013,Maize,23901.0,52.0,,,,,False,28.067149758454107,791.376,59.80434782608695,7
2026-02-13,MANDI023,Cotton,1449.0,49.0,,,,,False,28.067149758454107,791.376,59.80434782608695,7
2026-02-13,MANDI041,Cotton,42225.0,78.0,,,,,False,28.067149758454107,791.376,59.80434782608695,7
2026-02-13,MANDI020,Mustard,0.0,112.0,,5232.752108331381,,,False,28.067149758454107,791.376,59.80434782608695,7
2026-02-13,MANDI022,Sugarcane,10852.0,0.0,,,,,False,28.067149758454107,791.376,59.80434782608695,7
2026-02-13,MANDI030,Cotton,0.0,89.0,,,,,False,28.067149758454107,791.376,59.80434782608695,7
2026-02-13,MANDI048,Wheat,40773.0,107.0,,,,,False,28.067149758454107,791.376,59.80434782608695,7
2026-02-13,MANDI051,Maize,0.0,147.0,,,,,False,28.067149758454107,791.376,59.80434782608695,7
2026-02-13,MANDI051,Rice,24660.0,107.0,,,,,False,28.067149758454107,791.376,59.80434782608695,7
2026-02-13,MANDI054,Sugarcane,74336.0,124.0,,,,,False,28.067149758454107,791.376,59.80434782608695,7
2026-02-13,MANDI007,Cotton,8951.0,0.0,,6758.97,6219.11,,True,28.067149758454107,791.376,59.80434782608695,7
2026-02-13,MANDI027,Cotton,37601.0,137.0,,,,,False,28.067149758454107,791.376,59.80434782608695,7
2026-02-13,MANDI015,Wheat,0.0,98.0,,,,,False,28.067149758454107,791.376,59.80434782608695,7
2026-02-13,MANDI025,Sugarcane,18877.0,33.0,,,,,False,28.067149758454107,791.376,59.80434782608695,7
2026-02-13,MANDI027,Cotton,10476.0,109.0,,,,,False,28.067149758454107,791.376,59.80434782608695,7
2026-02-13,MANDI032,Maize,42593.0,0.0,,,,,False,28.067149758454107,791.376,59.80434782608695,7
2026-02-13,MANDI034,Rice,36862.0,43.0,,,,,False,28.067149758454107,791.376,59.80434782608695,7
2026-02-14,MANDI036,Wheat,2586.0,98.0,,,,,False,26.166666666666668,1072.158,63.01923076923077,3
2026-02-14,MANDI003,Sugarcane,10988.0,10.0,,,,,False,26.166666666666668,1072.158,63.01923076923077,3
2026-02-14,MANDI008,Rice,43351.0,0.0,,,,,False,26.166666666666668,1072.158,63.01923076923077,3
2026-02-14,MANDI038,Maize,9129.0,106.0,,,,,False,26.166666666666668,1072.158,63.01923076923077,3
2026-02-14,MANDI035,Cotton,16221.0,107.0,,,,,False,26.166666666666668,1072.158,63.01923076923077,3
2026-02-15,MANDI029,Wheat,35068.0,54.0,,,,,False,26.92690058479532,1236.716,60.91228070175438,6
2026-02-15,MANDI050,Maize,6748.0,41.0,,,,,False,26.92690058479532,1236.716,60.91228070175438,6
2026-02-15,MANDI001,Cotton,23271.0,77.0,,,,,False,26.92690058479532,1236.716,60.91228070175438,6
2026-02-15,MANDI019,Sugarcane,3884.0000000000005,136.0,,,,,False,26.92690058479532,1236.716,60.91228070175438,6
2026-02-15,MANDI054,Rice,28123.0,129.0,,,,,False,26.92690058479532,1236.716,60.91228070175438,6
2026-02-15,MANDI009,Mustard,1080.0,147.0,,,,,False,26.92690058479532,1236.716,60.91228070175438,6
2026-02-15,MANDI011,Rice,23529.0,58.0,,,,,False,26.92690058479532,1236.716,60.91228070175438,6
2026-02-15,MANDI011,Sugarcane,12676.0,0.0,,,,,False,26.92690058479532,1236.716,60.91228070175438,6
2026-02-15,MANDI015,Sugarcane,9833.0,147.0,,,,,False,26.92690058479532,1236.716,60.91228070175438,6
2026-02-15,MANDI018,Cotton,17000.0,43.0,,,,,False,26.92690058479532,1236.716,60.91228070175438,6
2026-02-15,MANDI023,Makki,0.0,27.0,,,,,False,26.92690058479532,1236.716,60.91228070175438,6
2026-02-15,MANDI041,Sugarcane,23050.0,145.0,,,,,False,26.92690058479532,1236.716,60.91228070175438,6
2026-02-15,MANDI046,Maize,0.0,5.0,,,,,False,26.92690058479532,1236.716,60.91228070175438,6
2026-02-15,MANDI053,Cotton,8181.0,0.0,,,,,False,26.92690058479532,1236.716,60.91228070175438,6
2026-02-15,MANDI002,Sugarcane,46453.0,0.0,,,,,False,26.92690058479532,1236.716,60.91228070175438,6
2026-02-15,MANDI017,Wheat,46518.0,29.0,,,,,False,26.92690058479532,1236.716,60.91228070175438,6
2026-02-15,MANDI047,Cotton,1614.0,52.0,,,,,False,26.92690058479532,1236.716,60.91228070175438,6
2026-02-15,MANDI024,Mustard,13863.0,111.0,,,,,False,26.92690058479532,1236.716,60.91228070175438,6
2026-02-15,MANDI033,Maize,14331.0,0.0,,,,,False,26.92690058479532,1236.716,60.91228070175438,6
2026-02-16,MANDI038,Maize,3750.0,68.0,,,,,False,26.009375,463.986,64.34375,4
2026-02-16,MANDI042,Mustard,0.0,51.0,,,,,False,26.009375,463.986,64.34375,4
2026-02-16,MANDI051,Rice,38767.0,133.0,,,,,False,26.009375,463.986,64.34375,4
2026-02-16,MANDI042,Cotton,0.0,127.0,,,,,False,26.009375,463.986,64.34375,4
2026-02-16,MANDI047,Mustard,37742.0,45.0,,,,,False,26.009375,463.986,64.34375,4
2026-02-16,MANDI002,Sugarcane,0.0,123.0,,,,,False,26.009375,463.986,64.34375,4
2026-02-16,MANDI008,Cotton,30919.0,92.0,,,,,False,26.009375,463.986,64.34375,4
2026-02-16,MANDI010,Sugarcane,41778.0,103.0,,,,,False,26.009375,463.986,64.34375,4
2026-02-16,MANDI012,Rice,48574.0,0.0,,,,,False,26.009375,463.986,64.34375,4
2026-02-16,MANDI022,Maize,6311.0,23.0,,,,,False,26.009375,463.986,64.34375,4
2026-02-16,MANDI026,Mustard,0.0,72.0,,,,,False,26.009375,463.986,64.34375,4
2026-02-16,MANDI040,Sugarcane,0.0,0.0,,,,,False,26.009375,463.986,64.34375,4
2026-02-16,MANDI045,Rice,4053.0,95.0,,,,,False,26.009375,463.986,64.34375,4
2026-02-16,MANDI052,Sugarcane,42927.0,7.0,,,,,False,26.009375,463.986,64.34375,4
2026-02-16,MANDI020,Wheat,0.0,35.0,,,,,False,26.009375,463.986,64.34375,4
2026-02-16,MANDI033,Wheat,0.0,76.0,,,,,False,26.009375,463.986,64.34375,4
2026-02-16,MANDI043,Rice,6297.0,103.0,,2592.235535082232,,2183.0,False,26.009375,463.986,64.34375,4
2026-02-17,MANDI025,Sugarcane,28275.0,138.0,,,,,False,27.891721132897604,802.47,60.90196078431372,9
2026-02-17,MANDI047,Maize,0.0,140.0,,,,,False,27.891721132897604,802.47,60.90196078431372,9
2026-02-17,MANDI032,Sugarcane,28971.0,35.0,3652.890505939597,,3794.3,3500.0,True,27.891721132897604,802.47,60.90196078431372,9
2026-02-17,MANDI011,Rice,14697.999999999998,119.0,,,,,False,27.891721132897604,802.47,60.90196078431372,9
2026-02-17,MANDI045,Mustard,27261.000000000004,50.0,,,,,False,27.891721132897604,802.47,60.90196078431372,9
2026-02-17,MANDI012,Wheat,3093.0,61.0,,2881.77,,2275.0,False,27.891721132897604,802.47,60.90196078431372,9
2026-02-18,MANDI029,Mustard,9833.0,0.0,,,,,False,26.875963718820863,1110.548,63.83673469387755,6
2026-02-18,MANDI005,Maize,3802.000000000001,76.0,,,,,False,26.875963718820863,1110.548,63.83673469387755,6
2026-02-18,MANDI011,Mustard,0.0,79.0,,,6158.85,,True,26.875963718820863,1110.548,63.83673469387755,6
2026-02-18,MANDI018,Wheat,1823.0,24.0,,,,,False,26.875963718820863,1110.548,63.83673469387755,6
2026-02-18,MANDI009,Wheat,0.0,149.0,,,,,False,26.875963718820863,1110.548,63.83673469387755,6
2026-02-18,MANDI011,Wheat,0.0,146.0,,,,,False,26.875963718820863,1110.548,63.83673469387755,6
2026-02-18,MANDI013,Cotton,19038.0,131.0,,,,,False,26.875963718820863,1110.548,63.83673469387755,6
2026-02-18,MANDI015,Cotton,36208.0,130.0,,,,,False,26.875963718820863,1110.548,63.83673469387755,6
2026-02-18,MANDI028,Cotton,0.0,135.0,,,,,False,26.875963718820863,1110.548,63.83673469387755,6
2026-02-18,MANDI044,Sugarcane,0.0,0.0,3498.88,4270.2,,,False,26.875963718820863,1110.548,63.83673469387755,6
2026-02-18,MANDI046,Wheat,24094.0,41.0,,,,,False,26.875963718820863,1110.548,63.83673469387755,6
2026-02-18,MANDI048,Cotton,38738.0,113.0,,,,,False,26.875963718820863,1110.548,63.83673469387755,6
2026-02-18,MANDI004,Sugarcane,0.0,131.0,,,,,False,26.875963718820863,1110.548,63.83673469387755,6
2026-02-18,MANDI004,Wheat,6934.0,98.0,,,,,False,26.875963718820863,1110.548,63.83673469387755,6
2026-02-18,MANDI028,Rice,32771.0,85.0,,,,,False,26.875963718820863,1110.548,63.83673469387755,6
2026-02-18,MANDI012,Rice,0.0,127.0,,,,,False,26.875963718820863,1110.548,63.83673469387755,6
2026-02-18,MANDI024,Rice,17139.0,116.0,,,,,False,26.875963718820863,1110.548,63.83673469387755,6
2026-02-18,MANDI025,Cotton,44742.0,100.0,,,,,False,26.875963718820863,1110.548,63.83673469387755,6
2026-02-18,MANDI038,Mustard,29445.0,30.0,5783.44369713165,,,,False,26.875963718820863,1110.548,63.83673469387755,6
2026-02-19,MANDI015,Cotton,19728.0,0.0,,,,,False,26.72636534839925,1116.004,63.33898305084746,10
2026-02-19,MANDI013,Mustard,9229.0,40.0,,,5747.5,,True,26.72636534839925,1116.004,63.33898305084746,10
2026-02-19,MANDI025,Sugarcane,0.0,50.0,,,,,False,26.72636534839925,1116.004,63.33898305084746,10
2026-02-19,MANDI026,Wheat,28525.0,70.0,,,,,False,26.72636534839925,1116.004,63.33898305084746,10
2026-02-19,MANDI014,Cotton,11909.0,57.0,,,,,False,26.72636534839925,1116.004,63.33898305084746,10
2026-02-19,MANDI017,Sugarcane,42765.0,55.0,,,,,False,26.72636534839925,1116.004,63.33898305084746,10
2026-02-19,MANDI019,Mustard,20731.0,0.0,,,,,False,26.72636534839925,1116.004,63.33898305084746,10
2026-02-19,MANDI027,Cotton,48016.0,128.0,,,,,False,26.72636534839925,1116.004,63.33898305084746,10
2026-02-19,MANDI028,Mustard,48563.0,60.0,,,,,False,26.72636534839925,1116.004,63.33898305084746,10
2026-02-19,MANDI032,Sugarcane,0.0,242.0,,,3865.5,,True,26.72636534839925,1116.004,63.33898305084746,10
2026-02-19,MANDI034,Mustard,0.0,68.0,,,,,False,26.72636534839925,1116.004,63.33898305084746,10
2026-02-19,MANDI036,Mustard,35420.0,80.0,,,,,False,26.72636534839925,1116.004,63.33898305084746,10
2026-02-19,MANDI057,Rice,19352.0,0.0,,,,,False,26.72636534839925,1116.004,63.33898305084746,10
2026-02-19,MANDI033,Cotton,0.0,127.0,,,,,False,26.72636534839925,1116.004,63.33898305084746,10
2026-02-19,MANDI013,Cotton,15679.0,0.0,,,,,False,26.72636534839925,1116.004,63.33898305084746,10
2026-02-20,MANDI012,Cotton,12608.0,102.0,,,,,False,26.08888888888889,904.97,65.33333333333333,10
2026-02-20,MANDI001,Cotton,35978.0,0.0,,,,,False,26.08888888888889,904.97,65.33333333333333,10
2026-02-20,MANDI007,Sugarcane,0.0,59.0,,,,,False,26.08888888888889,904.97,65.33333333333333,10
2026-02-20,MANDI009,Sugarcane,30958.0,37.0,,,,,False,26.08888888888889,904.97,65.33333333333333,10
2026-02-20,MANDI013,Cotton,0.0,127.0,,,,,False,26.08888888888889,904.97,65.33333333333333,10
2026-02-20,MANDI041,Wheat,47863.0,80.0,,,,,False,26.08888888888889,904.97,65.33333333333333,10
2026-02-20,MANDI005,Rice,32784.0,103.0,,,,,False,26.08888888888889,904.97,65.33333333333333,10
2026-02-20,MANDI017,Wheat,44528.0,0.0,,,,,False,26.08888888888889,904.97,65.33333333333333,10
2026-02-20,MANDI018,Rice,35220.0,87.0,,,,,False,26.08888888888889,904.97,65.33333333333333,10
2026-02-20,MANDI021,Cotton,30450.0,140.0,,,,,False,26.08888888888889,904.97,65.33333333333333,10
2026-02-20,MANDI024,Wheat,19333.0,7.0,2002.76,2367.09,,2275.0,False,26.08888888888889,904.97,65.33333333333333,10
2026-02-20,MANDI024,Wheat,19333.0,7.0,,2568.83,2436.83,,True,26.08888888888889,904.97,65.33333333333333,10
2026-02-20,MANDI025,Maize,0.0,64.0,,,,,False,26.08888888888889,904.97,65.33333333333333,10
2026-02-20,MANDI032,Rice,1450.0,85.0,,,,,False,26.08888888888889,904.97,65.33333333333333,10
2026-02-20,MANDI033,Mustard,11540.0,0.0,,,,,False,26.08888888888889,904.97,65.33333333333333,10
2026-02-20,MANDI044,Cotton,0.0,0.0,,,,,False,26.08888888888889,904.97,65.33333333333333,10
2026-02-20,MANDI045,Wheat,0.0,47.0,,,,,False,26.08888888888889,904.97,65.33333333333333,10
2026-02-20,MANDI011,Wheat,11303.0,68.0,,,,,False,26.08888888888889,904.97,65.33333333333333,10
2026-02-20,MANDI033,Rice,2400.0,143.0,,,,,False,26.08888888888889,904.97,65.33333333333333,10
2026-02-20,MANDI006,Rice,41032.0,11.0,,,,,False,26.08888888888889,904.97,65.33333333333333,10
2026-02-20,MANDI012,Maize,0.0,0.0,,,,,False,26.08888888888889,904.97,65.33333333333333,10
2026-02-20,MANDI012,Rice,1880.0,64.0,,,,,False,26.08888888888889,904.97,65.33333333333333,10
2026-02-20,MANDI034,Sugarcane,0.0,65.0,,,,,False,26.08888888888889,904.97,65.33333333333333,10
2026-02-20,MANDI054,Cotton,6149.0,54.0,,,,,False,26.08888888888889,904.97,65.33333333333333,10
2026-02-21,MANDI055,Makki,17009.0,47.0,,,,,False,27.60282485875706,1253.67,64.77966101694915,9
2026-02-21,MANDI029,Sugarcane,35028.0,23.0,,,,,False,27.60282485875706,1253.67,64.77966101694915,9
2026-02-21,MANDI041,Mustard,36406.0,30.0,,,,,False,27.60282485875706,1253.67,64.77966101694915,9
2026-02-21,MANDI007,Maize,46624.0,114.0,,,,,False,27.60282485875706,1253.67,64.77966101694915,9
2026-02-21,MANDI008,Wheat,28299.0,136.0,,,,,False,27.60282485875706,1253.67,64.77966101694915,9
2026-02-21,MANDI008,Wheat,0.0,0.0,,,,,False,27.60282485875706,1253.67,64.77966101694915,9
2026-02-21,MANDI010,Cotton,0.0,45.0,,,,,False,27.60282485875706,1253.67,64.77966101694915,9
2026-02-21,MANDI021,Mustard,0.0,83.0,,,,,False,27.60282485875706,1253.67,64.77966101694915,9
2026-02-21,MANDI024,Mustard,11290.0,57.0,,,,,False,27.60282485875706,1253.67,64.77966101694915,9
2026-02-21,MANDI034,Mustard,0.0,77.0,,,,,False,27.60282485875706,1253.67,64.77966101694915,9
2026-02-21,MANDI035,Wheat,24857.0,38.0,,,,,False,27.60282485875706,1253.67,64.77966101694915,9
2026-02-21,MANDI037,Sugarcane,44322.0,99.0,,,,,False,27.60282485875706,1253.67,64.77966101694915,9
2026-02-21,MANDI045,Maize,1338.0,0.0,,,,,False,27.60282485875706,1253.67,64.77966101694915,9
2026-02-21,MANDI048,Sugarcane,46837.0,74.0,,,,,False,27.60282485875706,1253.67,64.77966101694915,9
2026-02-21,MANDI011,Mustard,32429.000000000004,105.0,,,,,False,27.60282485875706,1253.67,64.77966101694915,9
2026-02-21,MANDI023,Cotton,1330.0,40.0,,,,,False,27.60282485875706,1253.67,64.77966101694915,9
2026-02-21,MANDI054,Basmati,0.0,14.0,,,,,False,27.60282485875706,1253.67,64.77966101694915,9
2026-02-21,MANDI056,Wheat,0.0,78.0,,,,,False,27.60282485875706,1253.67,64.77966101694915,9
2026-02-22,MANDI033,Cotton,0.0,107.0,,,,,False,26.26687242798354,992.16,69.31481481481481,8
2026-02-22,MANDI040,Basmati,26736.0,32.0,,,,,False,26.26687242798354,992.16,69.31481481481481,8
2026-02-22,MANDI007,Cotton,0.0,56.0,,,,,False,26.26687242798354,992.16,69.31481481481481,8
2026-02-22,MANDI013,Mustard,37410.0,66.0,,5957.286109304638,5763.21,,True,26.26687242798354,992.16,69.31481481481481,8
2026-02-22,MANDI017,Wheat,24765.0,41.0,,,,,False,26.26687242798354,992.16,69.31481481481481,8
2026-02-22,MANDI045,Sugarcane,11586.0,46.0,,,,,False,26.26687242798354,992.16,69.31481481481481,8
2026-02-22,MANDI007,Sugarcane,29235.000000000004,0.0,,,,,False,26.26687242798354,992.16,69.31481481481481,8
2026-02-22,MANDI020,Wheat,25380.0,104.0,,,,,False,26.26687242798354,992.16,69.31481481481481,8
2026-02-22,MANDI028,Mustard,42591.0,0.0,5287.98,5684.62,,5650.0,False,26.26687242798354,992.16,69.31481481481481,8
2026-02-22,MANDI031,Maize,7478.0,108.0,,,,,False,26.26687242798354,992.16,69.31481481481481,8
2026-02-22,MANDI042,Wheat,22707.0,77.0,,,,,False,26.26687242798354,992.16,69.31481481481481,8
2026-02-22,MANDI043,Mustard,48420.0,28.0,,,,,False,26.26687242798354,992.16,69.31481481481481,8
2026-02-22,MANDI050,Mustard,42868.0,121.0,,,6303.76,,True,26.26687242798354,992.16,69.31481481481481,8
2026-02-22,MANDI004,Sugarcane,26739.0,48.0,,,,,False,26.26687242798354,992.16,69.31481481481481,8
2026-02-22,MANDI040,Cotton,40855.0,0.0,,,,,False,26.26687242798354,992.16,69.31481481481481,8
2026-02-22,MANDI053,Cotton,0.0,29.0,,,,,False,26.26687242798354,992.16,69.31481481481481,8
2026-02-23,MANDI006,Cotton,0.0,101.0,,,,,False,27.200910746812387,1047.616,63.032786885245905,10
2026-02-23,MANDI011,Cotton,4610.0,104.0,,,,,False,27.200910746812387,1047.616,63.032786885245905,10
2026-02-23,MANDI041,Sugarcane,38146.0,38.0,,,,,False,27.200910746812387,1047.616,63.032786885245905,10
2026-02-23,MANDI042,Maize,2732.0,98.0,,,,,False,27.200910746812387,1047.616,63.032786885245905,10
2026-02-23,MANDI049,Cotton,34447.0,99.0,,,,,False,27.200910746812387,1047.616,63.032786885245905,10
2026-02-23,MANDI001,Mustard,0.0,12.0,,,,,False,27.200910746812387,1047.616,63.032786885245905,10
2026-02-23,MANDI002,Sugarcane,25845.0,7.0,,,,,False,27.200910746812387,1047.616,63.032786885245905,10
2026-02-23,MANDI018,Mustard,5965.0,0.0,,,,,False,27.200910746812387,1047.616,63.032786885245905,10
2026-02-23,MANDI026,Sugarcane,0.0,136.0,,,,,False,27.200910746812387,1047.616,63.032786885245905,10
2026-02-23,MANDI038,Sugarcane,33829.0,70.0,,,,,False,27.200910746812387,1047.616,63.032786885245905,10
2026-02-23,MANDI042,Maize,0.0,75.0,,,,,False,27.200910746812387,1047.616,63.032786885245905,10
2026-02-23,MANDI045,Mustard,16653.0,0.0,,,,,False,27.200910746812387,1047.616,63.032786885245905,10
2026-02-23,MANDI048,Maize,3538.0000000000005,10.0,,,,,False,27.200910746812387,1047.616,63.032786885245905,10
2026-02-23,MANDI031,Makki,0.0,68.0,,,,,False,27.200910746812387,1047.616,63.032786885245905,10
2026-02-23,MANDI035,Wheat,10419.0,71.0,,,,,False,27.200910746812387,1047.616,63.032786885245905,10
2026-02-23,MANDI036,Mustard,0.0,69.0,5791.040321572948,,,,False,27.200910746812387,1047.616,63.032786885245905,10
2026-02-23,MANDI042,Maize,34972.0,0.0,,,,,False,27.200910746812387,1047.616,63.032786885245905,10
2026-02-24,MANDI014,Mustard,25886.0,105.0,,,,,False,28.54280510018215,1085.886,67.18032786885246,10
2026-02-24,MANDI041,Mustard,0.0,106.0,,,,,False,28.54280510018215,1085.886,67.18032786885246,10
2026-02-24,MANDI050,Sugarcane,0.0,120.0,,,,,False,28.54280510018215,1085.886,67.18032786885246,10
2026-02-24,MANDI040,Wheat,41386.0,61.0,,,,,False,28.54280510018215,1085.886,67.18032786885246,10
2026-02-24,MANDI002,Mustard,29735.000000000004,141.0,,,,,False,28.54280510018215,1085.886,67.18032786885246,10
2026-02-24,MANDI003,Sugarcane,9705.0,27.0,,,,,False,28.54280510018215,1085.886,67.18032786885246,10
2026-02-24,MANDI006,Maize,7959.999999999999,150.0,,,,,False,28.54280510018215,1085.886,67.18032786885246,10
2026-02-24,MANDI016,Wheat,41958.0,0.0,,,,,False,28.54280510018215,1085.886,67.18032786885246,10
2026-02-24,MANDI018,Cotton,43627.0,26.0,,,,,False,28.54280510018215,1085.886,67.18032786885246,10
2026-02-24,MANDI032,Cotton,28260.000000000004,78.0,,,,,False,28.54280510018215,1085.886,67.18032786885246,10
2026-02-24,MANDI033,Sugarcane,48861.0,0.0,,,,,False,28.54280510018215,1085.886,67.18032786885246,10
2026-02-24,MANDI040,Wheat,49126.0,65.0,,,,,False,28.54280510018215,1085.886,67.18032786885246,10
2026-02-24,MANDI042,Wheat,0.0,39.0,,,,,False,28.54280510018215,1085.886,67.18032786885246,10
2026-02-24,MANDI044,Wheat,0.0,0.0,2095.058373037084,,2160.85,2275.0,True,28.54280510018215,1085.886,67.18032786885246,10
2026-02-24,MANDI052,Maize,0.0,62.0,,,,,False,28.54280510018215,1085.886,67.18032786885246,10
2026-02-24,MANDI017,Mustard,4923.0,78.0,,,,,False,28.54280510018215,1085.886,67.18032786885246,10
2026-02-24,MANDI039,Sugarcane,20460.0,21.0,,,,,False,28.54280510018215,1085.886,67.18032786885246,10
2026-02-24,MANDI031,Cotton,4291.0,54.0,,,,,False,28.54280510018215,1085.886,67.18032786885246,10
2026-02-24,MANDI037,Cotton,33852.0,124.0,,,,,False,28.54280510018215,1085.886,67.18032786885246,10
2026-02-25,MANDI028,Maize,0.0,17.0,,,,,False,28.60897435897436,832.362,64.0,12
2026-02-25,MANDI015,Sugarcane,29407.0,84.0,,,,,False,28.60897435897436,832.362,64.0,12
2026-02-25,MANDI017,Wheat,44011.0,23.0,,2230.56,,,False,28.60897435897436,832.362,64.0,12
2026-02-25,MANDI017,Wheat,44011.0,23.0,,2455.4271537968743,,,False,28.60897435897436,832.362,64.0,12
2026-02-25,MANDI023,Rice,21048.0,0.0,,,,,False,28.60897435897436,832.362,64.0,12
2026-02-25,MANDI024,Cotton,20693.0,0.0,,,,,False,28.60897435897436,832.362,64.0,12
2026-02-25,MANDI029,Maize,45523.0,0.0,,,,,False,28.60897435897436,832.362,64.0,12
2026-02-25,MANDI029,Rice,0.0,76.0,,,,,False,28.60897435897436,832.362,64.0,12
2026-02-25,MANDI037,Sugarcane,22640.0,50.0,,,,,False,28.60897435897436,832.362,64.0,12
2026-02-25,MANDI042,Wheat,10852.0,10.0,,,,,False,28.60897435897436,832.362,64.0,12
2026-02-25,MANDI045,Wheat,41136.0,101.0,,,,,False,28.60897435897436,832.362,64.0,12
2026-02-25,MANDI025,Wheat,43124.0,96.0,,,,,False,28.60897435897436,832.362,64.0,12
2026-02-25,MANDI006,Maize,26777.0,98.0,,,,,False,28.60897435897436,832.362,64.0,12
2026-02-25,MANDI031,Sugarcane,11629.0,0.0,,,,,False,28.60897435897436,832.362,64.0,12
2026-02-25,MANDI041,Sugarcane,20799.0,24.0,,,,,False,28.60897435897436,832.362,64.0,12
2026-02-25,MANDI049,Maize,26136.0,43.0,,,,,False,28.60897435897436,832.362,64.0,12
2026-02-26,MANDI011,Cotton,0.0,0.0,,,,,False,28.137621832358676,1060.194,62.63157894736842,5
2026-02-26,MANDI012,Cotton,0.0,136.0,,,,,False,28.137621832358676,1060.194,62.63157894736842,5
2026-02-26,MANDI042,Rice,39486.0,21.0,,,,,False,28.137621832358676,1060.194,62.63157894736842,5
2026-02-26,MANDI001,Makki,12940.0,137.0,,,,,False,28.137621832358676,1060.194,62.63157894736842,5
2026-02-26,MANDI006,Sugarcane,30692.0,107.0,,,,,False,28.137621832358676,1060.194,62.63157894736842,5
2026-02-26,MANDI003,Maize,0.0,35.0,,,,,False,28.137621832358676,1060.194,62.63157894736842,5
2026-02-26,MANDI037,Maize,42000.0,105.0,,,,,False,28.137621832358676,1060.194,62.63157894736842,5
2026-02-26,MANDI039,Wheat,0.0,125.0,,,,,False,28.137621832358676,1060.194,62.63157894736842,5
2026-02-26,MANDI042,Sugarcane,0.0,140.0,,,,,False,28.137621832358676,1060.194,62.63157894736842,5
2026-02-26,MANDI043,Mustard,11093.0,79.0,,,,,False,28.137621832358676,1060.194,62.63157894736842,5
2026-02-26,MANDI048,Cotton,33608.0,16.0,,,,,False,28.137621832358676,1060.194,62.63157894736842,5
2026-02-26,MANDI025,Wheat,25825.0,129.0,2116.71,2442.45,,2275.0,False,28.137621832358676,1060.194,62.63157894736842,5
2026-02-27,MANDI057,Rice,4871.0,0.0,,,,,False,27.065196078431374,1403.552,63.6764705882353,7
2026-02-27,MANDI002,Maize,0.0,17.0,,,,,False,27.065196078431374,1403.552,63.6764705882353,7
2026-02-27,MANDI020,Cotton,41482.0,67.0,,,,,False,27.065196078431374,1403.552,63.6764705882353,7
2026-02-27,MANDI027,Wheat,45971.0,64.0,,,,,False,27.065196078431374,1403.552,63.6764705882353,7
2026-02-27,MANDI029,Cotton,20461.0,83.0,,,,,False,27.065196078431374,1403.552,63.6764705882353,7
2026-02-27,MANDI043,Mustard,12868.0,133.0,,,,,False,27.065196078431374,1403.552,63.6764705882353,7
2026-02-27,MANDI052,Sugarcane,42488.0,0.0,,,,,False,27.065196078431374,1403.552,63.6764705882353,7
2026-02-27,MANDI056,Wheat,39877.0,76.0,,,,,False,27.065196078431374,1403.552,63.6764705882353,7
2026-02-27,MANDI005,Sugarcane,36497.0,0.0,,,,,False,27.065196078431374,1403.552,63.6764705882353,7
2026-02-27,MANDI037,Makki,0.0,22.0,,,,,False,27.065196078431374,1403.552,63.6764705882353,7
2026-02-28,MANDI014,Rice,2457.0,0.0,,,,,False,25.795726495726495,1374.392,61.815384615384616,9
2026-02-28,MANDI034,Mustard,26220.0,109.0,5125.56,6095.151484406434,5610.36,,True,25.795726495726495,1374.392,61.815384615384616,9
2026-02-28,MANDI008,Cotton,43412.0,101.0,,,,,False,25.795726495726495,1374.392,61.815384615384616,9
2026-02-28,MANDI042,Cotton,1642.0000000000002,144.0,,,,,False,25.795726495726495,1374.392,61.815384615384616,9
2026-02-28,MANDI007,Wheat,42798.0,0.0,,,,,False,25.795726495726495,1374.392,61.815384615384616,9
2026-02-28,MANDI026,Sugarcane,7015.000000000001,41.0,,3899.7,3740.06,3500.0,True,25.795726495726495,1374.392,61.815384615384616,9
2026-02-28,MANDI032,Maize,0.0,0.0,,,,,False,25.795726495726495,1374.392,61.815384615384616,9
2026-02-28,MANDI044,Sugarcane,0.0,124.0,,,,,False,25.795726495726495,1374.392,61.815384615384616,9
2026-02-28,MANDI052,Rice,23723.0,107.0,,,,,False,25.795726495726495,1374.392,61.815384615384616,9
2026-02-28,MANDI052,Wheat,49818.0,128.0,,,,,False,25.795726495726495,1374.392,61.815384615384616,9
2026-02-28,MANDI020,Mustard,25339.0,0.0,,,,,False,25.795726495726495,1374.392,61.815384615384616,9
2026-02-28,MANDI023,Rice,31562.0,65.0,,,,,False,25.795726495726495,1374.392,61.815384615384616,9
2026-02-28,MANDI014,Wheat,4753.0,150.0,,,,,False,25.795726495726495,1374.392,61.815384615384616,9
2026-02-28,MANDI024,Wheat,0.0,142.0,,,,,False,25.795726495726495,1374.392,61.815384615384616,9
2026-02-28,MANDI036,Maize,45326.0,103.0,,,,,False,25.795726495726495,1374.392,61.815384615384616,9
2026-02-28,MANDI046,Wheat,24319.0,122.0,,,,,False,25.795726495726495,1374.392,61.815384615384616,9
2026-03-01,MANDI001,Cotton,30712.0,137.0,,,,,False,28.00885122410546,994.082,60.33898305084746,9
2026-03-01,MANDI043,Cotton,46689.0,128.0,,,,,False,28.00885122410546,994.082,60.33898305084746,9
2026-03-01,MANDI045,Cotton,0.0,14.0,,,,,False,28.00885122410546,994.082,60.33898305084746,9
2026-03-01,MANDI047,Sugarcane,36583.0,0.0,,,,,False,28.00885122410546,994.082,60.33898305084746,9
2026-03-01,MANDI021,Wheat,32900.0,89.0,,,,,False,28.00885122410546,994.082,60.33898305084746,9
2026-03-01,MANDI015,Wheat,41348.0,64.0,,,,,False,28.00885122410546,994.082,60.33898305084746,9
2026-03-01,MANDI004,Cotton,11058.0,52.0,6713.61,7482.19,7097.900917351039,,True,28.00885122410546,994.082,60.33898305084746,9
2026-03-01,MANDI010,Mustard,0.0,132.0,,,,,False,28.00885122410546,994.082,60.33898305084746,9
2026-03-01,MANDI016,Sugarcane,32004.000000000004,19.0,,,,,False,28.00885122410546,994.082,60.33898305084746,9
2026-03-01,MANDI019,Sugarcane,0.0,77.0,,,,,False,28.00885122410546,994.082,60.33898305084746,9
2026-03-01,MANDI023,Rice,8065.999999999999,35.0,,,,,False,28.00885122410546,994.082,60.33898305084746,9
2026-03-01,MANDI030,Sugarcane,17262.0,36.0,,,,,False,28.00885122410546,994.082,60.33898305084746,9
2026-03-01,MANDI032,Maize,43217.0,56.0,,,,,False,28.00885122410546,994.082,60.33898305084746,9
2026-03-01,MANDI040,Wheat,0.0,60.0,,,,,False,28.00885122410546,994.082,60.33898305084746,9
2026-03-01,MANDI048,Sugarcane,35356.0,88.0,,,,,False,28.00885122410546,994.082,60.33898305084746,9
2026-03-01,MANDI054,Rice,13037.0,0.0,,,,,False,28.00885122410546,994.082,60.33898305084746,9
2026-03-01,MANDI033,Rice,20589.0,85.0,,,,,False,28.00885122410546,994.082,60.33898305084746,9
2026-03-02,MANDI010,Rice,40077.0,109.0,,,,,False,27.99897435897436,1478.9759999999999,62.93846153846154,7
2026-03-02,MANDI017,Rice,28316.000000000004,26.0,,,,,False,27.99897435897436,1478.9759999999999,62.93846153846154,7
2026-03-02,MANDI002,Sugarcane,0.0,168.0,,,,,False,27.99897435897436,1478.9759999999999,62.93846153846154,7
2026-03-02,MANDI010,Cotton,22523.0,16.0,,,,,False,27.99897435897436,1478.9759999999999,62.93846153846154,7
2026-03-02,MANDI012,Cotton,0.0,145.0,,,,,False,27.99897435897436,1478.9759999999999,62.93846153846154,7
2026-03-02,MANDI022,Maize,5942.0,0.0,,,,,False,27.99897435897436,1478.9759999999999,62.93846153846154,7
2026-03-02,MANDI023,Cotton,24794.0,85.0,,,,,False,27.99897435897436,1478.9759999999999,62.93846153846154,7
2026-03-02,MANDI039,Maize,27812.0,0.0,,,,,False,27.99897435897436,1478.9759999999999,62.93846153846154,7
2026-03-02,MANDI057,Cotton,0.0,107.0,,,,,False,27.99897435897436,1478.9759999999999,62.93846153846154,7
2026-03-02,MANDI031,Rice,23702.0,51.0,,,,,False,27.99897435897436,1478.9759999999999,62.93846153846154,7
2026-03-03,MANDI008,Mustard,8733.0,0.0,,,,,False,28.204242424242423,881.686,60.67272727272727,9
2026-03-03,MANDI031,Sugarcane,14872.999999999998,0.0,,,,,False,28.204242424242423,881.686,60.67272727272727,9
2026-03-03,MANDI016,Mustard,0.0,129.0,,,,,False,28.204242424242423,881.686,60.67272727272727,9
2026-03-03,MANDI019,Mustard,31328.0,123.0,,6183.52,5727.58,5650.0,True,28.204242424242423,881.686,60.67272727272727,9
2026-03-03,MANDI027,Cotton,41518.0,62.0,,,,,False,28.204242424242423,881.686,60.67272727272727,9
2026-03-03,MANDI012,Mustard,32742.000000000004,51.0,,,,,False,28.204242424242423,881.686,60.67272727272727,9
2026-03-03,MANDI031,Sugarcane,7779.000000000001,76.0,,,,,False,28.204242424242423,881.686,60.67272727272727,9
2026-03-03,MANDI032,Maize,35569.0,62.0,,,,,False,28.204242424242423,881.686,60.67272727272727,9
2026-03-03,MANDI002,Mustard,14004.0,0.0,,,,,False,28.204242424242423,881.686,60.67272727272727,9
2026-03-03,MANDI006,Maize,36131.0,28.0,,,,,False,28.204242424242423,881.686,60.67272727272727,9
2026-03-03,MANDI008,Rice,5510.0,143.0,,,,,False,28.204242424242423,881.686,60.67272727272727,9
2026-03-03,MANDI011,Sugarcane,0.0,121.0,,,,,False,28.204242424242423,881.686,60.67272727272727,9
2026-03-03,MANDI014,Rice,13525.0,0.0,,2480.415712354739,,,False,28.204242424242423,881.686,60.67272727272727,9
2026-03-03,MANDI015,Rice,0.0,128.0,,,,,False,28.204242424242423,881.686,60.67272727272727,9
2026-03-03,MANDI023,Sugarcane,0.0,42.0,,,,,False,28.204242424242423,881.686,60.67272727272727,9
2026-03-03,MANDI028,Rice,34061.0,107.0,,,,,False,28.204242424242423,881.686,60.67272727272727,9
2026-03-03,MANDI054,Maize,0.0,24.0,,,,,False,28.204242424242423,881.686,60.67272727272727,9
2026-03-03,MANDI031,Mustard,44837.0,70.0,,,,,False,28.204242424242423,881.686,60.67272727272727,9
2026-03-03,MANDI040,Mustard,31522.0,0.0,,,,,False,28.204242424242423,881.686,60.67272727272727,9
2026-03-03,MANDI049,Sugarcane,41106.0,26.0,,,,,False,28.204242424242423,881.686,60.67272727272727,9
2026-03-03,MANDI004,Maize,0.0,63.0,,,,,False,28.204242424242423,881.686,60.67272727272727,9
2026-03-03,MANDI036,Wheat,0.0,264.0,,,,,False,28.204242424242423,881.686,60.67272727272727,9
2026-03-04,MANDI014,Sugarcane,8596.0,9.0,,,,,False,25.645702306079663,894.208,57.15094339622642,9
2026-03-04,MANDI034,Mustard,37520.0,94.0,,,,,False,25.645702306079663,894.208,57.15094339622642,9
2026-03-04,MANDI044,Rice,0.0,83.0,,,,,False,25.645702306079663,894.208,57.15094339622642,9
2026-03-04,MANDI002,Mustard,41732.0,0.0,,,,,False,25.645702306079663,894.208,57.15094339622642,9
2026-03-04,MANDI042,Rice,45029.0,143.0,,,,,False,25.645702306079663,894.208,57.15094339622642,9
2026-03-04,MANDI047,Sugarcane,0.0,99.0,,,,,False,25.645702306079663,894.208,57.15094339622642,9
2026-03-04,MANDI052,Cotton,22413.0,12.0,,,,,False,25.645702306079663,894.208,57.15094339622642,9
2026-03-04,MANDI035,Mustard,15387.0,49.0,,,,,False,25.645702306079663,894.208,57.15094339622642,9
2026-03-04,MANDI053,Mustard,49043.0,135.0,,,,,False,25.645702306079663,894.208,57.15094339622642,9
2026-03-05,MANDI048,Mustard,31100.0,61.0,,,,,False,28.054871794871794,1192.426,65.27692307692308,10
2026-03-05,MANDI003,Sugarcane,38848.0,61.0,,,,,False,28.054871794871794,1192.426,65.27692307692308,10
2026-03-05,MANDI029,Wheat,31991.000000000004,65.0,2290.209445851762,,,,False,28.054871794871794,1192.426,65.27692307692308,10
2026-03-05,MANDI032,Cotton,21595.0,127.0,,,,,False,28.054871794871794,1192.426,65.27692307692308,10
2026-03-05,MANDI051,Cotton,43623.0,51.0,,,,,False,28.054871794871794,1192.426,65.27692307692308,10
2026-03-05,MANDI010,Maize,49676.0,120.0,,,,,False,28.054871794871794,1192.426,65.27692307692308,10
2026-03-05,MANDI011,Basmati,0.0,19.0,,,,,False,28.054871794871794,1192.426,65.27692307692308,10
2026-03-05,MANDI025,Makki,29949.0,102.0,,,,,False,28.054871794871794,1192.426,65.27692307692308,10
2026-03-05,MANDI033,Wheat,0.0,82.0,,,,,False,28.054871794871794,1192.426,65.27692307692308,10
2026-03-05,MANDI024,Maize,5033.0,52.0,,,,,False,28.054871794871794,1192.426,65.27692307692308,10
2026-03-05,MANDI044,Rice,41021.0,74.0,,2659.946522976556,,,False,28.054871794871794,1192.426,65.27692307692308,10
2026-03-06,MANDI004,Mustard,25117.0,130.0,,,,,False,27.189957264957265,861.786,59.71153846153846,11
2026-03-06,MANDI042,Maize,2155.0,105.0,,,,,False,27.189957264957265,861.786,59.71153846153846,11
2026-03-06,MANDI051,Rice,0.0,71.0,,,,,False,27.189957264957265,861.786,59.71153846153846,11
2026-03-06,MANDI015,Basmati,17887.999999999996,87.0,,,,,False,27.189957264957265,861.786,59.71153846153846,11
2026-03-06,MANDI036,Wheat,25758.999999999996,65.0,,,2199.2,,True,27.189957264957265,861.786,59.71153846153846,11
2026-03-06,MANDI015,Rice,0.0,45.0,2004.92,2117.046821756811,,,False,27.189957264957265,861.786,59.71153846153846,11
2026-03-06,MANDI030,Makki,0.0,5.0,,,,,False,27.189957264957265,861.786,59.71153846153846,11
2026-03-06,MANDI011,Wheat,15774.0,0.0,,,,,False,27.189957264957265,861.786,59.71153846153846,11
2026-03-06,MANDI043,Cotton,38144.0,0.0,,,,,False,27.189957264957265,861.786,59.71153846153846,11
2026-03-06,MANDI001,Wheat,8151.0,90.0,,,,,False,27.189957264957265,861.786,59.71153846153846,11
2026-03-06,MANDI042,Rice,4045.0000000000005,47.0,,,,,False,27.189957264957265,861.786,59.71153846153846,11
2026-03-07,MANDI004,Cotton,15238.999999999998,60.0,,,,,False,27.719713261648746,964.912,61.61290322580645,14
2026-03-07,MANDI035,Maize,46518.0,12.0,,,,,False,27.719713261648746,964.912,61.61290322580645,14
2026-03-07,MANDI022,Wheat,24760.0,10.0,,,,,False,27.719713261648746,964.912,61.61290322580645,14
2026-03-07,MANDI031,Wheat,40062.0,32.0,,,,,False,27.719713261648746,964.912,61.61290322580645,14
2026-03-07,MANDI005,Mustard,5683.0,149.0,,,,,False,27.719713261648746,964.912,61.61290322580645,14
2026-03-07,MANDI034,Sugarcane,23406.0,139.0,,,,,False,27.719713261648746,964.912,61.61290322580645,14
2026-03-07,MANDI036,Sugarcane,0.0,174.0,,,,,False,27.719713261648746,964.912,61.61290322580645,14
2026-03-07,MANDI046,Wheat,36848.0,216.0,,,,,False,27.719713261648746,964.912,61.61290322580645,14
2026-03-07,MANDI053,Cotton,21551.0,91.0,,,,,False,27.719713261648746,964.912,61.61290322580645,14
2026-03-07,MANDI056,Wheat,30041.000000000004,116.0,,,,,False,27.719713261648746,964.912,61.61290322580645,14
2026-03-07,MANDI009,Wheat,38713.0,0.0,,,,,False,27.719713261648746,964.912,61.61290322580645,14
2026-03-07,MANDI010,Wheat,20162.0,79.0,,,,,False,27.719713261648746,964.912,61.61290322580645,14
2026-03-08,MANDI024,Mustard,0.0,85.0,,,,,False,26.632704402515724,1113.096,60.81132075471698,9
2026-03-08,MANDI050,Wheat,11177.0,108.0,,,,,False,26.632704402515724,1113.096,60.81132075471698,9
2026-03-08,MANDI011,Wheat,30615.0,119.0,,,2535.24,,True,26.632704402515724,1113.096,60.81132075471698,9
2026-03-08,MANDI014,Cotton,37040.0,141.0,,,,,False,26.632704402515724,1113.096,60.81132075471698,9
2026-03-08,MANDI043,Cotton,0.0,90.0,,,,,False,26.632704402515724,1113.096,60.81132075471698,9
2026-03-08,MANDI054,Wheat,7419.0,55.0,,,,,False,26.632704402515724,1113.096,60.81132075471698,9
2026-03-08,MANDI033,Mustard,40372.0,49.0,,,,,False,26.632704402515724,1113.096,60.81132075471698,9
2026-03-08,MANDI044,Sugarcane,0.0,89.0,,,,,False,26.632704402515724,1113.096,60.81132075471698,9
2026-03-08,MANDI043,Cotton,48385.00000000001,101.0,,,,,False,26.632704402515724,1113.096,60.81132075471698,9
2026-03-09,MANDI001,Mustard,29749.0,61.0,,,,,False,28.77596371882086,1046.952,61.51020408163265,7
2026-03-09,MANDI042,Sugarcane,49628.0,124.0,,,,,False,28.77596371882086,1046.952,61.51020408163265,7
2026-03-09,MANDI006,Mustard,38454.0,58.0,,,,,False,28.77596371882086,1046.952,61.51020408163265,7
2026-03-09,MANDI047,Rice,49504.0,58.0,,,,,False,28.77596371882086,1046.952,61.51020408163265,7
2026-03-09,MANDI002,Sugarcane,0.0,148.0,,,,,False,28.77596371882086,1046.952,61.51020408163265,7
2026-03-09,MANDI007,Maize,40380.0,51.0,,,,,False,28.77596371882086,1046.952,61.51020408163265,7
2026-03-09,MANDI007,Rice,91808.0,18.0,,,,,False,28.77596371882086,1046.952,61.51020408163265,7
2026-03-09,MANDI007,Wheat,21637.0,15.0,,,,,False,28.77596371882086,1046.952,61.51020408163265,7
2026-03-09,MANDI008,Maize,44466.0,75.0,,,,,False,28.77596371882086,1046.952,61.51020408163265,7
2026-03-09,MANDI017,Mustard,45041.0,8.0,,,,,False,28.77596371882086,1046.952,61.51020408163265,7
2026-03-09,MANDI020,Mustard,18279.0,54.0,5558.47,,,,False,28.77596371882086,1046.952,61.51020408163265,7
2026-03-09,MANDI021,Rice,10103.0,62.0,,,,,False,28.77596371882086,1046.952,61.51020408163265,7
2026-03-09,MANDI052,Wheat,46691.0,107.0,,,,,False,28.77596371882086,1046.952,61.51020408163265,7
2026-03-09,MANDI033,Sugarcane,33791.0,19.0,,,,,False,28.77596371882086,1046.952,61.51020408163265,7
2026-03-09,MANDI041,Mustard,0.0,139.0,,,,,False,28.77596371882086,1046.952,61.51020408163265,7
2026-03-09,MANDI004,Mustard,0.0,59.0,,,,,False,28.77596371882086,1046.952,61.51020408163265,7
2026-03-09,MANDI033,Maize,0.0,84.0,,,,,False,28.77596371882086,1046.952,61.51020408163265,7
2026-03-09,MANDI042,Sugarcane,15320.0,0.0,,,,,False,28.77596371882086,1046.952,61.51020408163265,7
2026-03-10,MANDI004,Mustard,17532.0,72.0,,,,,False,26.364888888888892,852.928,61.8,10
2026-03-10,MANDI034,Wheat,0.0,100.0,,,,,False,26.364888888888892,852.928,61.8,10
2026-03-10,MANDI050,Sugarcane,36885.0,0.0,,,,,False,26.364888888888892,852.928,61.8,10
2026-03-10,MANDI051,Sugarcane,14386.000000000002,0.0,,,,,False,26.364888888888892,852.928,61.8,10
2026-03-10,MANDI034,Cotton,47164.0,143.0,,,,,False,26.364888888888892,852.928,61.8,10
2026-03-10,MANDI038,Mustard,8300.0,45.0,,,,,False,26.364888888888892,852.928,61.8,10
2026-03-10,MANDI048,Cotton,27777.0,0.0,,,,,False,26.364888888888892,852.928,61.8,10
2026-03-11,MANDI028,Wheat,9475.0,14.0,1952.76,,,2275.0,False,28.782331511839708,1278.452,61.01639344262295,6
2026-03-11,MANDI016,Wheat,24904.0,10.0,,,,,False,28.782331511839708,1278.452,61.01639344262295,6
2026-03-11,MANDI033,Cotton,22549.0,53.0,,,,,False,28.782331511839708,1278.452,61.01639344262295,6
2026-03-11,MANDI001,Mustard,26258.0,53.0,,,,,False,28.782331511839708,1278.452,61.01639344262295,6
2026-03-11,MANDI006,Wheat,0.0,25.0,,,,,False,28.782331511839708,1278.452,61.01639344262295,6
2026-03-11,MANDI018,Mustard,7219.0,59.0,,,,,False,28.782331511839708,1278.452,61.01639344262295,6
2026-03-11,MANDI030,Cotton,36296.0,119.0,,,,,False,28.782331511839708,1278.452,61.01639344262295,6
2026-03-11,MANDI033,Mustard,39209.0,87.0,,,,,False,28.782331511839708,1278.452,61.01639344262295,6
2026-03-11,MANDI045,Rice,21953.0,66.0,,,,,False,28.782331511839708,1278.452,61.01639344262295,6
2026-03-11,MANDI004,Wheat,10216.0,95.0,,,,,False,28.782331511839708,1278.452,61.01639344262295,6
2026-03-11,MANDI024,Cotton,13638.999999999998,98.0,,,,,False,28.782331511839708,1278.452,61.01639344262295,6
2026-03-11,MANDI044,Mustard,0.0,64.0,,,,,False,28.782331511839708,1278.452,61.01639344262295,6
2026-03-11,MANDI049,Maize,28082.0,0.0,,,,,False,28.782331511839708,1278.452,61.01639344262295,6
2026-03-12,MANDI008,Maize,27804.0,70.0,,,,,False,26.779591836734696,771.864,61.48979591836735,13
2026-03-12,MANDI026,Cotton,18736.0,0.0,,,,,False,26.779591836734696,771.864,61.48979591836735,13
2026-03-12,MANDI007,Wheat,12663.0,81.0,,,,,False,26.779591836734696,771.864,61.48979591836735,13
2026-03-12,MANDI031,Basmati,6595.999999999999,111.0,,,,,False,26.779591836734696,771.864,61.48979591836735,13
2026-03-12,MANDI040,Mustard,22258.0,78.0,,,,,False,26.779591836734696,771.864,61.48979591836735,13
2026-03-12,MANDI017,Mustard,22971.0,96.0,,,,,False,26.779591836734696,771.864,61.48979591836735,13
2026-03-12,MANDI002,Wheat,48922.0,48.0,,,,,False,26.779591836734696,771.864,61.48979591836735,13
2026-03-12,MANDI009,Cotton,42280.0,36.0,,,,,False,26.779591836734696,771.864,61.48979591836735,13
2026-03-12,MANDI030,Cotton,32104.000000000004,110.0,,,,,False,26.779591836734696,771.864,61.48979591836735,13
2026-03-12,MANDI034,Cotton,49742.0,131.0,,,,,False,26.779591836734696,771.864,61.48979591836735,13
2026-03-12,MANDI035,Maize,4095.0000000000005,57.0,,,,,False,26.779591836734696,771.864,61.48979591836735,13
2026-03-12,MANDI040,Cotton,17567.0,61.0,,,,,False,26.779591836734696,771.864,61.48979591836735,13
2026-03-12,MANDI057,Sugarcane,0.0,90.0,,,,,False,26.779591836734696,771.864,61.48979591836735,13
2026-03-12,MANDI002,Cotton,39179.0,0.0,,,,,False,26.779591836734696,771.864,61.48979591836735,13
2026-03-12,MANDI012,Cotton,13949.0,141.0,,,,,False,26.779591836734696,771.864,61.48979591836735,13
2026-03-12,MANDI025,Wheat,0.0,0.0,,,,,False,26.779591836734696,771.864,61.48979591836735,13
2026-03-12,MANDI018,Rice,7998.0,145.0,,,,,False,26.779591836734696,771.864,61.48979591836735,13
2026-03-12,MANDI026,Rice,18776.0,103.0,,,,,False,26.779591836734696,771.864,61.48979591836735,13
2026-03-13,MANDI005,Sugarcane,23858.0,0.0,,,,,False,28.4880174291939,945.174,58.05882352941177,8
2026-03-13,MANDI008,Mustard,17853.0,25.0,,,,,False,28.4880174291939,945.174,58.05882352941177,8
2026-03-13,MANDI018,Cotton,47429.0,5.0,,,,,False,28.4880174291939,945.174,58.05882352941177,8
2026-03-13,MANDI041,Cotton,28781.0,126.0,,,,,False,28.4880174291939,945.174,58.05882352941177,8
2026-03-13,MANDI001,Wheat,36403.0,72.0,,,,,False,28.4880174291939,945.174,58.05882352941177,8
2026-03-13,MANDI020,Rice,0.0,75.0,,,,,False,28.4880174291939,945.174,58.05882352941177,8
2026-03-13,MANDI042,Wheat,16271.0,64.0,,,,,False,28.4880174291939,945.174,58.05882352941177,8
2026-03-13,MANDI016,Cotton,38663.0,73.0,,,,,False,28.4880174291939,945.174,58.05882352941177,8
2026-03-13,MANDI017,Rice,22376.0,107.0,,,,,False,28.4880174291939,945.174,58.05882352941177,8
2026-03-13,MANDI040,Cotton,0.0,9.0,,,,,False,28.4880174291939,945.174,58.05882352941177,8
2026-03-13,MANDI009,Sugarcane,0.0,114.0,,,,,False,28.4880174291939,945.174,58.05882352941177,8
2026-03-13,MANDI011,Rice,0.0,23.0,,,,,False,28.4880174291939,945.174,58.05882352941177,8
2026-03-13,MANDI027,Maize,40125.0,27.0,,,,,False,28.4880174291939,945.174,58.05882352941177,8
2026-03-14,MANDI053,Mustard,13522.0,0.0,,,,,False,28.114444444444445,905.102,65.15,6
2026-03-14,MANDI005,Mustard,20555.0,48.0,,,,,False,28.114444444444445,905.102,65.15,6
2026-03-14,MANDI038,Cotton,0.0,84.0,,,,,False,28.114444444444445,905.102,65.15,6
2026-03-14,MANDI026,Rice,6567.0,128.0,,,,,False,28.114444444444445,905.102,65.15,6
2026-03-14,MANDI035,Sugarcane,42344.0,98.0,,,,,False,28.114444444444445,905.102,65.15,6
2026-03-14,MANDI037,Sugarcane,23933.0,0.0,,,3646.0,,True,28.114444444444445,905.102,65.15,6
2026-03-14,MANDI040,Cotton,19898.0,6.0,,,,,False,28.114444444444445,905.102,65.15,6
2026-03-14,MANDI055,Rice,0.0,55.0,,,,,False,28.114444444444445,905.102,65.15,6
2026-03-14,MANDI022,Makki,0.0,5.0,,,,,False,28.114444444444445,905.102,65.15,6
2026-03-14,MANDI037,Maize,22309.0,0.0,,,,,False,28.114444444444445,905.102,65.15,6
2026-03-14,MANDI048,Cotton,14830.000000000002,46.0,,,,,False,28.114444444444445,905.102,65.15,6
2026-03-14,MANDI055,Maize,0.0,27.0,,,,,False,28.114444444444445,905.102,65.15,6
2026-03-14,MANDI026,Sugarcane,23102.0,148.0,,3950.487256784075,,3500.0,False,28.114444444444445,905.102,65.15,6
2026-03-14,MANDI037,Maize,3608.0,34.0,,,,,False,28.114444444444445,905.102,65.15,6
2026-03-14,MANDI056,Mustard,3656.0,13.0,,,,,False,28.114444444444445,905.102,65.15,6
2026-03-15,MANDI021,Wheat,45450.0,69.0,,,,,False,25.432758620689654,1212.9279999999999,64.15517241379311,13
2026-03-15,MANDI036,Wheat,21125.0,61.0,,,,,False,25.432758620689654,1212.9279999999999,64.15517241379311,13
2026-03-15,MANDI010,Maize,2285.0,56.0,,,,,False,25.432758620689654,1212.9279999999999,64.15517241379311,13
2026-03-15,MANDI029,Sugarcane,85332.0,76.0,,,,,False,25.432758620689654,1212.9279999999999,64.15517241379311,13
2026-03-15,MANDI044,Rice,0.0,16.0,,,,,False,25.432758620689654,1212.9279999999999,64.15517241379311,13
2026-03-15,MANDI011,Wheat,0.0,40.0,,,,,False,25.432758620689654,1212.9279999999999,64.15517241379311,13
2026-03-15,MANDI017,Rice,30693.0,93.0,,,,,False,25.432758620689654,1212.9279999999999,64.15517241379311,13
2026-03-15,MANDI018,Sugarcane,4951.0,38.0,,,,,False,25.432758620689654,1212.9279999999999,64.15517241379311,13
2026-03-15,MANDI029,Cotton,30173.0,141.0,,,,,False,25.432758620689654,1212.9279999999999,64.15517241379311,13
2026-03-15,MANDI039,Cotton,30095.999999999996,67.0,,,,,False,25.432758620689654,1212.9279999999999,64.15517241379311,13
2026-03-15,MANDI043,Sugarcane,5002.0,109.0,,,,,False,25.432758620689654,1212.9279999999999,64.15517241379311,13
2026-03-15,MANDI050,Wheat,41203.0,0.0,,,,,False,25.432758620689654,1212.9279999999999,64.15517241379311,13
2026-03-15,MANDI015,Makki,0.0,120.0,,,,,False,25.432758620689654,1212.9279999999999,64.15517241379311,13
2026-03-15,MANDI027,Maize,34487.0,120.0,,,,,False,25.432758620689654,1212.9279999999999,64.15517241379311,13
2026-03-16,MANDI006,Cotton,34487.0,0.0,,,,,False,27.72171717171717,788.114,60.0,9
2026-03-16,MANDI036,Rice,44498.0,65.0,,,,,False,27.72171717171717,788.114,60.0,9
2026-03-16,MANDI041,Cotton,0.0,0.0,,6884.09,,6620.0,False,27.72171717171717,788.114,60.0,9
2026-03-16,MANDI048,Wheat,0.0,84.0,,,,,False,27.72171717171717,788.114,60.0,9
2026-03-16,MANDI053,Cotton,42858.0,100.0,,,,,False,27.72171717171717,788.114,60.0,9
2026-03-16,MANDI022,Sugarcane,43255.0,0.0,,,,,False,27.72171717171717,788.114,60.0,9
2026-03-16,MANDI044,Maize,8275.0,0.0,,,,,False,27.72171717171717,788.114,60.0,9
2026-03-16,MANDI024,Sugarcane,0.0,298.0,,,,,False,27.72171717171717,788.114,60.0,9
2026-03-16,MANDI027,Maize,88310.0,220.0,,,,,False,27.72171717171717,788.114,60.0,9
2026-03-16,MANDI035,Mustard,0.0,43.0,,,,,False,27.72171717171717,788.114,60.0,9
2026-03-16,MANDI038,Wheat,48031.0,81.0,,,,,False,27.72171717171717,788.114,60.0,9
2026-03-16,MANDI042,Cotton,6310.0,0.0,,,,,False,27.72171717171717,788.114,60.0,9
2026-03-16,MANDI052,Makki,32554.000000000004,60.0,,,,,False,27.72171717171717,788.114,60.0,9
2026-03-16,MANDI053,Rice,46682.0,40.0,,,,,False,27.72171717171717,788.114,60.0,9
2026-03-16,MANDI054,Cotton,33721.0,96.0,,,,,False,27.72171717171717,788.114,60.0,9
2026-03-16,MANDI030,Mustard,0.0,82.0,,,,,False,27.72171717171717,788.114,60.0,9
2026-03-17,MANDI003,Sugarcane,21247.0,0.0,,,,,False,26.76425925925926,1117.09,62.233333333333334,7
2026-03-17,MANDI022,Rice,40454.0,101.0,,,,,False,26.76425925925926,1117.09,62.233333333333334,7
2026-03-17,MANDI027,Wheat,5756.0,136.0,,,,,False,26.76425925925926,1117.09,62.233333333333334,7
2026-03-17,MANDI048,Cotton,22734.0,38.0,,,,,False,26.76425925925926,1117.09,62.233333333333334,7
2026-03-17,MANDI004,Maize,36375.0,116.0,,,,,False,26.76425925925926,1117.09,62.233333333333334,7
2026-03-17,MANDI019,Mustard,23302.0,0.0,,,,,False,26.76425925925926,1117.09,62.233333333333334,7
2026-03-17,MANDI020,Rice,35732.0,128.0,,,,,False,26.76425925925926,1117.09,62.233333333333334,7
2026-03-17,MANDI025,Cotton,0.0,24.0,,,,,False,26.76425925925926,1117.09,62.233333333333334,7
2026-03-17,MANDI033,Rice,0.0,115.0,1982.64,,2116.628160794807,2183.0,True,26.76425925925926,1117.09,62.233333333333334,7
2026-03-17,MANDI037,Sugarcane,24071.0,108.0,,3812.92,3538.6675339982885,,True,26.76425925925926,1117.09,62.233333333333334,7
2026-03-17,MANDI040,Rice,29589.0,7.0,,,,,False,26.76425925925926,1117.09,62.233333333333334,7
2026-03-17,MANDI051,Cotton,7230.0,82.0,,,,,False,26.76425925925926,1117.09,62.233333333333334,7
2026-03-17,MANDI034,Basmati,37137.0,0.0,,,,,False,26.76425925925926,1117.09,62.233333333333334,7
2026-03-17,MANDI021,Sugarcane,43203.0,78.0,,,,,False,26.76425925925926,1117.09,62.233333333333334,7
2026-03-17,MANDI029,Cotton,0.0,92.0,,,6072.24,,True,26.76425925925926,1117.09,62.233333333333334,7
2026-03-17,MANDI042,Mustard,0.0,90.0,,,,,False,26.76425925925926,1117.09,62.233333333333334,7
2026-03-17,MANDI052,Maize,43634.0,140.0,,,,,False,26.76425925925926,1117.09,62.233333333333334,7
2026-03-18,MANDI007,Mustard,29907.0,61.0,,,,,False,26.349555555555558,1125.208,67.46,7
2026-03-18,MANDI047,Cotton,48228.0,38.0,,,,,False,26.349555555555558,1125.208,67.46,7
2026-03-18,MANDI007,Sugarcane,7931.999999999999,55.0,,,,,False,26.349555555555558,1125.208,67.46,7
2026-03-18,MANDI007,Cotton,23954.0,41.0,,,,,False,26.349555555555558,1125.208,67.46,7
2026-03-18,MANDI022,Mustard,0.0,18.0,,,,,False,26.349555555555558,1125.208,67.46,7
2026-03-18,MANDI010,Rice,29314.0,103.0,,,,,False,26.349555555555558,1125.208,67.46,7
2026-03-18,MANDI014,Rice,0.0,33.0,,,,,False,26.349555555555558,1125.208,67.46,7
2026-03-18,MANDI021,Maize,0.0,0.0,,,,,False,26.349555555555558,1125.208,67.46,7
2026-03-18,MANDI035,Wheat,0.0,140.0,,,,,False,26.349555555555558,1125.208,67.46,7
2026-03-18,MANDI053,Wheat,13504.0,5.0,,,,,False,26.349555555555558,1125.208,67.46,7
2026-03-18,MANDI003,Cotton,23994.0,89.0,,,,,False,26.349555555555558,1125.208,67.46,7
2026-03-18,MANDI045,Rice,1462.0,50.0,,,,,False,26.349555555555558,1125.208,67.46,7
2026-03-18,MANDI013,Sugarcane,0.0,86.0,,,,,False,26.349555555555558,1125.208,67.46,7
2026-03-18,MANDI026,Mustard,48051.0,72.0,,,,,False,26.349555555555558,1125.208,67.46,7
2026-03-19,MANDI031,Wheat,7329.000000000001,93.0,,,,,False,28.165050505050505,961.868,61.67272727272727,12
2026-03-19,MANDI012,Sugarcane,36665.0,42.0,,,,,False,28.165050505050505,961.868,61.67272727272727,12
2026-03-19,MANDI025,Rice,37511.0,75.0,,,,,False,28.165050505050505,961.868,61.67272727272727,12
2026-03-19,MANDI039,Wheat,16464.0,96.0,,,,,False,28.165050505050505,961.868,61.67272727272727,12
2026-03-19,MANDI040,Cotton,30669.0,148.0,,,,,False,28.165050505050505,961.868,61.67272727272727,12
2026-03-19,MANDI041,Rice,0.0,98.0,,,,,False,28.165050505050505,961.868,61.67272727272727,12
2026-03-19,MANDI051,Cotton,0.0,0.0,,,,,False,28.165050505050505,961.868,61.67272727272727,12
2026-03-19,MANDI022,Sugarcane,10994.0,95.0,,,,,False,28.165050505050505,961.868,61.67272727272727,12
2026-03-19,MANDI002,Cotton,9744.0,31.0,,,,,False,28.165050505050505,961.868,61.67272727272727,12
2026-03-19,MANDI013,Cotton,3859.0000000000005,23.0,,,,,False,28.165050505050505,961.868,61.67272727272727,12
2026-03-19,MANDI015,Sugarcane,0.0,67.0,,,,,False,28.165050505050505,961.868,61.67272727272727,12
2026-03-19,MANDI056,Mustard,46377.0,18.0,,,,,False,28.165050505050505,961.868,61.67272727272727,12
2026-03-20,MANDI026,Cotton,39176.0,85.0,,,,,False,28.760348583877995,973.202,61.549019607843135,6
2026-03-20,MANDI057,Maize,46124.0,130.0,,,,,False,28.760348583877995,973.202,61.549019607843135,6
2026-03-20,MANDI003,Cotton,15466.0,50.0,,,,,False,28.760348583877995,973.202,61.549019607843135,6
2026-03-20,MANDI001,Basmati,39646.0,61.0,,,,,False,28.760348583877995,973.202,61.549019607843135,6
2026-03-20,MANDI002,Wheat,84792.0,250.0,,,2365.18,,True,28.760348583877995,973.202,61.549019607843135,6
2026-03-20,MANDI008,Maize,2196.0,116.0,,,,,False,28.760348583877995,973.202,61.549019607843135,6
2026-03-20,MANDI019,Mustard,11152.0,150.0,,,,,False,28.760348583877995,973.202,61.549019607843135,6
2026-03-20,MANDI021,Maize,26538.0,16.0,,,,,False,28.760348583877995,973.202,61.549019607843135,6
2026-03-20,MANDI021,Sugarcane,25786.0,0.0,,4023.28,,,False,28.760348583877995,973.202,61.549019607843135,6
2026-03-20,MANDI022,Sugarcane,19460.0,139.0,,,,,False,28.760348583877995,973.202,61.549019607843135,6
2026-03-20,MANDI024,Sugarcane,30970.0,62.0,,,,,False,28.760348583877995,973.202,61.549019607843135,6
2026-03-20,MANDI027,Cotton,0.0,117.0,,,,,False,28.760348583877995,973.202,61.549019607843135,6
2026-03-20,MANDI039,Rice,40524.0,147.0,,,2401.87,2183.0,True,28.760348583877995,973.202,61.549019607843135,6
2026-03-20,MANDI044,Wheat,0.0,134.0,,,,,False,28.760348583877995,973.202,61.549019607843135,6
2026-03-20,MANDI044,Rice,0.0,96.0,,,,,False,28.760348583877995,973.202,61.549019607843135,6
2026-03-20,MANDI050,Cotton,17311.0,69.0,,,,,False,28.760348583877995,973.202,61.549019607843135,6
2026-03-20,MANDI054,Mustard,12725.0,51.0,,,,,False,28.760348583877995,973.202,61.549019607843135,6
2026-03-20,MANDI057,Rice,24222.0,51.0,,,,,False,28.760348583877995,973.202,61.549019607843135,6
2026-03-20,MANDI052,Rice,17725.0,102.0,2008.08,,2254.76,,True,28.760348583877995,973.202,61.549019607843135,6
2026-03-20,MANDI038,Basmati,37843.0,138.0,,,,,False,28.760348583877995,973.202,61.549019607843135,6
2026-03-20,MANDI047,Cotton,5867.0,59.0,,,,,False,28.760348583877995,973.202,61.549019607843135,6
2026-03-21,MANDI017,Rice,0.0,136.0,,,,,False,29.86243386243386,684.636,56.76190476190476,11
2026-03-21,MANDI006,Sugarcane,6470.0,105.0,,,,,False,29.86243386243386,684.636,56.76190476190476,11
2026-03-21,MANDI014,Sugarcane,24942.0,102.0,,,,,False,29.86243386243386,684.636,56.76190476190476,11
2026-03-21,MANDI014,Wheat,10040.0,44.0,,,,,False,29.86243386243386,684.636,56.76190476190476,11
2026-03-21,MANDI031,Maize,24706.0,73.0,,,,,False,29.86243386243386,684.636,56.76190476190476,11
2026-03-21,MANDI038,Sugarcane,44761.0,26.0,,,,,False,29.86243386243386,684.636,56.76190476190476,11
2026-03-21,MANDI039,Mustard,37095.0,69.0,,,,,False,29.86243386243386,684.636,56.76190476190476,11
2026-03-21,MANDI055,Mustard,27665.0,129.0,,,,,False,29.86243386243386,684.636,56.76190476190476,11
2026-03-21,MANDI001,Mustard,0.0,112.0,,,,,False,29.86243386243386,684.636,56.76190476190476,11
2026-03-21,MANDI021,Rice,0.0,0.0,,,,,False,29.86243386243386,684.636,56.76190476190476,11
2026-03-21,MANDI024,Sugarcane,19680.0,137.0,,,,,False,29.86243386243386,684.636,56.76190476190476,11
2026-03-21,MANDI032,Sugarcane,1614.9999999999998,68.0,,,,,False,29.86243386243386,684.636,56.76190476190476,11
2026-03-21,MANDI045,Sugarcane,47842.0,91.0,,,,,False,29.86243386243386,684.636,56.76190476190476,11
2026-03-22,MANDI040,Mustard,12510.0,64.0,,,,,False,26.631205673758867,890.876,63.59574468085106,5
2026-03-22,MANDI002,Wheat,0.0,114.0,,,,,False,26.631205673758867,890.876,63.59574468085106,5
2026-03-22,MANDI034,Cotton,17147.0,51.0,,,,,False,26.631205673758867,890.876,63.59574468085106,5
2026-03-22,MANDI048,Maize,6836.0,127.0,,,,,False,26.631205673758867,890.876,63.59574468085106,5
2026-03-22,MANDI033,Mustard,0.0,79.0,,,,,False,26.631205673758867,890.876,63.59574468085106,5
2026-03-22,MANDI046,Rice,2431.0,84.0,,,,,False,26.631205673758867,890.876,63.59574468085106,5
2026-03-22,MANDI054,Maize,32533.999999999996,102.0,,2168.68,,2090.0,False,26.631205673758867,890.876,63.59574468085106,5
2026-03-22,MANDI001,Maize,0.0,32.0,,,,,False,26.631205673758867,890.876,63.59574468085106,5
2026-03-22,MANDI004,Wheat,14032.0,0.0,,,,,False,26.631205673758867,890.876,63.59574468085106,5
2026-03-22,MANDI008,Wheat,0.0,143.0,,,,,False,26.631205673758867,890.876,63.59574468085106,5
2026-03-23,MANDI011,Rice,45980.0,128.0,,,,,False,27.223196881091617,961.864,64.3157894736842,8
2026-03-23,MANDI033,Cotton,21688.0,142.0,,,,,False,27.223196881091617,961.864,64.3157894736842,8
2026-03-23,MANDI002,Wheat,0.0,53.0,,,,,False,27.223196881091617,961.864,64.3157894736842,8
2026-03-23,MANDI005,Mustard,41774.0,9.0,,,,,False,27.223196881091617,961.864,64.3157894736842,8
2026-03-23,MANDI007,Wheat,29535.000000000004,89.0,,,,,False,27.223196881091617,961.864,64.3157894736842,8
2026-03-23,MANDI012,Wheat,21570.0,80.0,,,,,False,27.223196881091617,961.864,64.3157894736842,8
2026-03-23,MANDI038,Wheat,48125.0,90.0,,,,,False,27.223196881091617,961.864,64.3157894736842,8
2026-03-23,MANDI049,Cotton,2279.0,117.0,,,,,False,27.223196881091617,961.864,64.3157894736842,8
2026-03-23,MANDI034,Sugarcane,47051.0,67.0,,,,,False,27.223196881091617,961.864,64.3157894736842,8
2026-03-24,MANDI024,Maize,30208.0,132.0,,,,,False,27.13069679849341,1276.804,61.08474576271186,6
2026-03-24,MANDI002,Cotton,39517.0,41.0,,,,,False,27.13069679849341,1276.804,61.08474576271186,6
2026-03-24,MANDI037,Maize,30037.0,116.0,,,,,False,27.13069679849341,1276.804,61.08474576271186,6
2026-03-24,MANDI055,Rice,19587.0,48.0,,,,,False,27.13069679849341,1276.804,61.08474576271186,6
2026-03-24,MANDI011,Sugarcane,27345.0,0.0,,,,,False,27.13069679849341,1276.804,61.08474576271186,6
2026-03-24,MANDI012,Cotton,16088.0,0.0,,,,,False,27.13069679849341,1276.804,61.08474576271186,6
2026-03-24,MANDI023,Mustard,8654.0,54.0,,,,,False,27.13069679849341,1276.804,61.08474576271186,6
2026-03-24,MANDI051,Rice,33365.0,78.0,,,,,False,27.13069679849341,1276.804,61.08474576271186,6
2026-03-24,MANDI007,Sugarcane,0.0,107.0,,,,,False,27.13069679849341,1276.804,61.08474576271186,6
2026-03-24,MANDI006,Cotton,24669.0,51.0,,,,,False,27.13069679849341,1276.804,61.08474576271186,6
2026-03-24,MANDI006,Sugarcane,16371.0,122.0,,,,,False,27.13069679849341,1276.804,61.08474576271186,6
2026-03-24,MANDI017,Maize,47298.0,49.0,,,,,False,27.13069679849341,1276.804,61.08474576271186,6
2026-03-25,MANDI006,Rice,36523.0,103.0,,,,,False,28.20661938534279,1105.512,63.702127659574465,4
2026-03-25,MANDI016,Wheat,45350.0,65.0,,,,,False,28.20661938534279,1105.512,63.702127659574465,4
2026-03-25,MANDI034,Cotton,10303.0,0.0,,,,,False,28.20661938534279,1105.512,63.702127659574465,4
2026-03-25,MANDI044,Sugarcane,0.0,55.0,,,,,False,28.20661938534279,1105.512,63.702127659574465,4
2026-03-25,MANDI057,Sugarcane,42803.0,96.0,,,,,False,28.20661938534279,1105.512,63.702127659574465,4
2026-03-25,MANDI024,Rice,30005.0,58.0,,,,,False,28.20661938534279,1105.512,63.702127659574465,4
2026-03-25,MANDI029,Wheat,31436.0,15.0,,,,,False,28.20661938534279,1105.512,63.702127659574465,4
2026-03-25,MANDI042,Wheat,38289.0,61.0,,,,,False,28.20661938534279,1105.512,63.702127659574465,4
2026-03-25,MANDI057,Maize,33815.0,65.0,,,,,False,28.20661938534279,1105.512,63.702127659574465,4
2026-03-25,MANDI026,Wheat,44996.0,142.0,,,,,False,28.20661938534279,1105.512,63.702127659574465,4
2026-03-26,MANDI038,Maize,0.0,33.0,,,,,False,26.912368972746332,1079.91,61.84905660377358,11
2026-03-26,MANDI016,Sugarcane,22870.0,95.0,,,,,False,26.912368972746332,1079.91,61.84905660377358,11
2026-03-26,MANDI024,Cotton,46495.0,62.0,,,,,False,26.912368972746332,1079.91,61.84905660377358,11
2026-03-26,MANDI037,Rice,6645.0,26.0,,,,,False,26.912368972746332,1079.91,61.84905660377358,11
2026-03-26,MANDI010,Maize,29076.0,101.0,,,,,False,26.912368972746332,1079.91,61.84905660377358,11
2026-03-26,MANDI015,Sugarcane,18877.0,0.0,,,,,False,26.912368972746332,1079.91,61.84905660377358,11
2026-03-26,MANDI022,Wheat,47130.0,109.0,,,,,False,26.912368972746332,1079.91,61.84905660377358,11
2026-03-26,MANDI044,Rice,25529.0,114.0,,,,,False,26.912368972746332,1079.91,61.84905660377358,11
2026-03-26,MANDI052,Sugarcane,0.0,110.0,,,,,False,26.912368972746332,1079.91,61.84905660377358,11
2026-03-26,MANDI050,Cotton,21827.0,129.0,,,,,False,26.912368972746332,1079.91,61.84905660377358,11
2026-03-26,MANDI026,Wheat,91718.0,0.0,,,,,False,26.912368972746332,1079.91,61.84905660377358,11
2026-03-26,MANDI035,Sugarcane,44606.0,74.0,,,,,False,26.912368972746332,1079.91,61.84905660377358,11
2026-03-26,MANDI042,Maize,10991.0,0.0,,,,,False,26.912368972746332,1079.91,61.84905660377358,11
2026-03-27,MANDI008,Mustard,0.0,0.0,,,,,False,27.23,1156.674,62.86666666666667,8
2026-03-27,MANDI014,Mustard,19657.0,51.0,,,,,False,27.23,1156.674,62.86666666666667,8
2026-03-27,MANDI044,Rice,15943.0,9.0,,,,,False,27.23,1156.674,62.86666666666667,8
2026-03-27,MANDI002,Wheat,15047.999999999998,72.0,,,,,False,27.23,1156.674,62.86666666666667,8
2026-03-27,MANDI012,Rice,49422.0,20.0,,,,,False,27.23,1156.674,62.86666666666667,8
2026-03-27,MANDI013,Wheat,0.0,55.0,,,,,False,27.23,1156.674,62.86666666666667,8
2026-03-27,MANDI047,Maize,7781.0,127.0,,,,,False,27.23,1156.674,62.86666666666667,8
2026-03-27,MANDI057,Cotton,33459.0,71.0,,,,,False,27.23,1156.674,62.86666666666667,8
2026-03-27,MANDI001,Maize,85954.0,120.0,,,,,False,27.23,1156.674,62.86666666666667,8
2026-03-27,MANDI011,Sugarcane,10884.0,40.0,,,,,False,27.23,1156.674,62.86666666666667,8
2026-03-28,MANDI020,Rice,31139.0,150.0,,,,,False,27.793408662900188,1181.654,64.10169491525424,7
2026-03-28,MANDI036,Cotton,32560.000000000004,73.0,,,,,False,27.793408662900188,1181.654,64.10169491525424,7
2026-03-28,MANDI043,Mustard,47859.0,103.0,,5136.12,,,False,27.793408662900188,1181.654,64.10169491525424,7
2026-03-28,MANDI054,Wheat,42728.0,142.0,,,,,False,27.793408662900188,1181.654,64.10169491525424,7
2026-03-28,MANDI001,Sugarcane,10194.0,32.0,,,,,False,27.793408662900188,1181.654,64.10169491525424,7
2026-03-28,MANDI004,Wheat,0.0,56.0,,,,,False,27.793408662900188,1181.654,64.10169491525424,7
2026-03-28,MANDI012,Basmati,15032.0,47.0,,,,,False,27.793408662900188,1181.654,64.10169491525424,7
2026-03-28,MANDI015,Sugarcane,10521.0,141.0,,,,,False,27.793408662900188,1181.654,64.10169491525424,7
2026-03-28,MANDI028,Mustard,0.0,145.0,,,,,False,27.793408662900188,1181.654,64.10169491525424,7
2026-03-28,MANDI057,Maize,17169.999999999996,110.0,,,2176.73,,True,27.793408662900188,1181.654,64.10169491525424,7
2026-03-28,MANDI001,Sugarcane,7100.0,0.0,,,,,False,27.793408662900188,1181.654,64.10169491525424,7
2026-03-28,MANDI006,Maize,15913.999999999998,108.0,,,,,False,27.793408662900188,1181.654,64.10169491525424,7
2026-03-28,MANDI020,Mustard,24002.0,56.0,,,,,False,27.793408662900188,1181.654,64.10169491525424,7
2026-03-29,MANDI026,Cotton,35465.0,0.0,,,,,False,27.673131313131314,1152.386,65.6,8
2026-03-29,MANDI032,Maize,0.0,126.0,,,,,False,27.673131313131314,1152.386,65.6,8
2026-03-29,MANDI044,Maize,7770.999999999999,0.0,,,,,False,27.673131313131314,1152.386,65.6,8
2026-03-29,MANDI031,Sugarcane,24864.0,111.0,,,,,False,27.673131313131314,1152.386,65.6,8
2026-03-29,MANDI038,Cotton,17846.0,0.0,,,,,False,27.673131313131314,1152.386,65.6,8
2026-03-29,MANDI051,Mustard,0.0,82.0,,,,,False,27.673131313131314,1152.386,65.6,8
2026-03-29,MANDI005,Sugarcane,49508.0,26.0,,,,,False,27.673131313131314,1152.386,65.6,8
2026-03-29,MANDI016,Rice,20579.0,43.0,,,,,False,27.673131313131314,1152.386,65.6,8
2026-03-29,MANDI020,Rice,13619.999999999998,129.0,,,,,False,27.673131313131314,1152.386,65.6,8
2026-03-29,MANDI053,Wheat,24719.0,0.0,,,,,False,27.673131313131314,1152.386,65.6,8
2026-03-30,MANDI031,Basmati,3303.0,122.0,,,,,False,28.08555555555556,900.694,63.8,7
2026-03-30,MANDI041,Rice,12572.0,90.0,,,,,False,28.08555555555556,900.694,63.8,7
2026-03-30,MANDI015,Cotton,19312.0,95.0,,,,,False,28.08555555555556,900.694,63.8,7
2026-03-30,MANDI004,Cotton,32799.0,19.0,,,,,False,28.08555555555556,900.694,63.8,7
2026-03-30,MANDI007,Makki,0.0,94.0,,,,,False,28.08555555555556,900.694,63.8,7
2026-03-30,MANDI017,Rice,0.0,0.0,,,,,False,28.08555555555556,900.694,63.8,7
2026-03-30,MANDI019,Mustard,48788.0,77.0,,,,,False,28.08555555555556,900.694,63.8,7
2026-03-30,MANDI032,Sugarcane,6768.000000000001,150.0,3478.99,4292.83,,,False,28.08555555555556,900.694,63.8,7
2026-03-30,MANDI032,Sugarcane,6768.000000000001,150.0,,3364.76,,,False,28.08555555555556,900.694,63.8,7
2026-03-30,MANDI035,Mustard,35202.0,72.0,,,,,False,28.08555555555556,900.694,63.8,7
2026-03-30,MANDI041,Mustard,12984.0,97.0,,,,,False,28.08555555555556,900.694,63.8,7
2026-03-30,MANDI046,Rice,0.0,8.0,,,,,False,28.08555555555556,900.694,63.8,7
2026-03-30,MANDI027,Cotton,17206.0,48.0,,,,,False,28.08555555555556,900.694,63.8,7
2026-03-30,MANDI049,Wheat,76968.0,0.0,,,,,False,28.08555555555556,900.694,63.8,7
2026-03-30,MANDI054,Wheat,41288.0,76.0,,,,,False,28.08555555555556,900.694,63.8,7
2026-03-30,MANDI010,Mustard,0.0,63.0,,,,,False,28.08555555555556,900.694,63.8,7
2026-03-30,MANDI015,Makki,0.0,85.0,,,,,False,28.08555555555556,900.694,63.8,7
2026-03-30,MANDI028,Sugarcane,0.0,136.0,,,,,False,28.08555555555556,900.694,63.8,7
2026-03-30,MANDI052,Mustard,0.0,32.0,,,,,False,28.08555555555556,900.694,63.8,7
2026-03-31,MANDI029,Cotton,47409.0,122.0,,,,,False,29.718082788671026,825.602,59.529411764705884,6
2026-03-31,MANDI041,Makki,45842.0,124.0,,,,,False,29.718082788671026,825.602,59.529411764705884,6
2026-03-31,MANDI048,Maize,0.0,74.0,,,,,False,29.718082788671026,825.602,59.529411764705884,6
2026-03-31,MANDI035,Maize,3030.0,39.0,,,,,False,29.718082788671026,825.602,59.529411764705884,6
2026-03-31,MANDI043,Sugarcane,44710.0,24.0,,,,,False,29.718082788671026,825.602,59.529411764705884,6
2026-03-31,MANDI048,Sugarcane,38410.0,31.0,3232.75,,3460.0,3500.0,True,29.718082788671026,825.602,59.529411764705884,6
2026-03-31,MANDI003,Cotton,23251.0,45.0,,,,,False,29.718082788671026,825.602,59.529411764705884,6
2026-03-31,MANDI013,Mustard,0.0,45.0,,,,,False,29.718082788671026,825.602,59.529411764705884,6
2026-03-31,MANDI016,Cotton,7478.0,0.0,,,,,False,29.718082788671026,825.602,59.529411764705884,6
2026-03-31,MANDI029,Mustard,27733.0,71.0,,,,,False,29.718082788671026,825.602,59.529411764705884,6
2026-03-31,MANDI051,Maize,30692.0,0.0,,,,,False,29.718082788671026,825.602,59.529411764705884,6
2026-03-31,MANDI053,Mustard,0.0,62.0,,,,,False,29.718082788671026,825.602,59.529411764705884,6
2026-03-31,MANDI033,Wheat,19299.0,45.0,,,,,False,29.718082788671026,825.602,59.529411764705884,6
2026-03-31,MANDI006,Mustard,0.0,63.0,,,,,False,29.718082788671026,825.602,59.529411764705884,6
2026-04-01,MANDI039,Rice,3304.0,113.0,,,,,False,25.716468253968255,1046.804,60.607142857142854,12
2026-04-01,MANDI019,Wheat,9361.0,10.0,,,,,False,25.716468253968255,1046.804,60.607142857142854,12
2026-04-01,MANDI049,Cotton,34244.0,11.0,6734.09,7617.93,,6620.0,False,25.716468253968255,1046.804,60.607142857142854,12
2026-04-01,MANDI007,Maize,23655.0,0.0,,,,,False,25.716468253968255,1046.804,60.607142857142854,12
2026-04-01,MANDI030,Wheat,20789.0,118.0,,,,,False,25.716468253968255,1046.804,60.607142857142854,12
2026-04-01,MANDI014,Sugarcane,48084.0,5.0,,,,,False,25.716468253968255,1046.804,60.607142857142854,12
2026-04-01,MANDI016,Mustard,32652.0,105.0,,,,,False,25.716468253968255,1046.804,60.607142857142854,12
2026-04-01,MANDI020,Sugarcane,0.0,69.0,,,,,False,25.716468253968255,1046.804,60.607142857142854,12
2026-04-01,MANDI013,Sugarcane,29087.0,100.0,,,,,False,25.716468253968255,1046.804,60.607142857142854,12
2026-04-01,MANDI015,Rice,47121.0,74.0,,,,,False,25.716468253968255,1046.804,60.607142857142854,12
2026-04-01,MANDI018,Sugarcane,0.0,0.0,,,,,False,25.716468253968255,1046.804,60.607142857142854,12
2026-04-01,MANDI043,Maize,42028.0,127.0,,,,,False,25.716468253968255,1046.804,60.607142857142854,12
2026-04-01,MANDI050,Cotton,0.0,98.0,,,,,False,25.716468253968255,1046.804,60.607142857142854,12
2026-04-01,MANDI051,Wheat,0.0,139.0,,,,,False,25.716468253968255,1046.804,60.607142857142854,12
2026-04-02,MANDI013,Cotton,21768.0,93.0,,,,,False,27.367085953878405,879.386,66.26415094339623,8
2026-04-02,MANDI024,Cotton,18308.0,0.0,,,,,False,27.367085953878405,879.386,66.26415094339623,8
2026-04-02,MANDI032,Wheat,0.0,51.0,,,,,False,27.367085953878405,879.386,66.26415094339623,8
2026-04-02,MANDI014,Rice,22370.0,34.0,,,,,False,27.367085953878405,879.386,66.26415094339623,8
2026-04-02,MANDI041,Maize,3176.0,15.0,,,,,False,27.367085953878405,879.386,66.26415094339623,8
2026-04-02,MANDI004,Maize,35961.0,0.0,,,,,False,27.367085953878405,879.386,66.26415094339623,8
2026-04-02,MANDI010,Rice,9043.0,116.0,,,,,False,27.367085953878405,879.386,66.26415094339623,8
2026-04-02,MANDI014,Maize,6973.999999999999,0.0,,,,,False,27.367085953878405,879.386,66.26415094339623,8
2026-04-02,MANDI014,Wheat,19907.0,83.0,,,,,False,27.367085953878405,879.386,66.26415094339623,8
2026-04-02,MANDI015,Mustard,36054.0,134.0,,,,,False,27.367085953878405,879.386,66.26415094339623,8
2026-04-02,MANDI021,Mustard,86020.0,84.0,,,,,False,27.367085953878405,879.386,66.26415094339623,8
2026-04-02,MANDI022,Maize,8889.0,130.0,,,,,False,27.367085953878405,879.386,66.26415094339623,8
2026-04-02,MANDI023,Cotton,79014.0,206.0,,,,,False,27.367085953878405,879.386,66.26415094339623,8
2026-04-02,MANDI035,Mustard,21459.0,18.0,,,,,False,27.367085953878405,879.386,66.26415094339623,8
2026-04-02,MANDI042,Wheat,0.0,18.0,,,,,False,27.367085953878405,879.386,66.26415094339623,8
2026-04-02,MANDI044,Cotton,2403.0,0.0,,,,,False,27.367085953878405,879.386,66.26415094339623,8
2026-04-02,MANDI052,Rice,7878.0,142.0,,,,,False,27.367085953878405,879.386,66.26415094339623,8
2026-04-02,MANDI056,Rice,34090.0,0.0,,,,,False,27.367085953878405,879.386,66.26415094339623,8
2026-04-02,MANDI056,Mustard,30674.0,42.0,,,,,False,27.367085953878405,879.386,66.26415094339623,8
2026-04-02,MANDI010,Cotton,0.0,51.0,,,,,False,27.367085953878405,879.386,66.26415094339623,8
2026-04-02,MANDI014,Rice,16539.0,108.0,,,,,False,27.367085953878405,879.386,66.26415094339623,8
2026-04-02,MANDI040,Rice,17968.0,114.0,,,,,False,27.367085953878405,879.386,66.26415094339623,8
2026-04-02,MANDI043,Cotton,8295.0,81.0,6049.90311877899,,6557.35,6620.0,True,27.367085953878405,879.386,66.26415094339623,8
2026-04-03,MANDI001,Wheat,36425.0,132.0,,,,,False,27.93013468013468,1170.008,63.59090909090909,14
2026-04-03,MANDI013,Maize,30835.0,47.0,1987.18,,,,False,27.93013468013468,1170.008,63.59090909090909,14
2026-04-03,MANDI021,Wheat,0.0,96.0,,,,,False,27.93013468013468,1170.008,63.59090909090909,14
2026-04-03,MANDI025,Wheat,15965.0,0.0,,,,,False,27.93013468013468,1170.008,63.59090909090909,14
2026-04-03,MANDI037,Sugarcane,30969.0,36.0,,,,,False,27.93013468013468,1170.008,63.59090909090909,14
2026-04-03,MANDI038,Mustard,21598.0,46.0,,,,,False,27.93013468013468,1170.008,63.59090909090909,14
2026-04-03,MANDI042,Basmati,0.0,137.0,,,,,False,27.93013468013468,1170.008,63.59090909090909,14
2026-04-03,MANDI042,Mustard,49092.0,0.0,,,,,False,27.93013468013468,1170.008,63.59090909090909,14
2026-04-03,MANDI043,Mustard,48176.0,18.0,,,,,False,27.93013468013468,1170.008,63.59090909090909,14
2026-04-03,MANDI046,Cotton,30592.0,45.0,,,,,False,27.93013468013468,1170.008,63.59090909090909,14
2026-04-03,MANDI048,Maize,0.0,118.0,1884.3607597778996,2254.809523146583,,,False,27.93013468013468,1170.008,63.59090909090909,14
2026-04-03,MANDI053,Mustard,0.0,118.0,,,,,False,27.93013468013468,1170.008,63.59090909090909,14
2026-04-03,MANDI027,Sugarcane,9249.0,0.0,,,,,False,27.93013468013468,1170.008,63.59090909090909,14
2026-04-03,MANDI018,Wheat,42565.0,147.0,,,,,False,27.93013468013468,1170.008,63.59090909090909,14
2026-04-03,MANDI034,Rice,5054.0,123.0,,,,,False,27.93013468013468,1170.008,63.59090909090909,14
2026-04-03,MANDI056,Maize,0.0,72.0,,,,,False,27.93013468013468,1170.008,63.59090909090909,14
2026-04-03,MANDI056,Rice,0.0,92.0,,,,,False,27.93013468013468,1170.008,63.59090909090909,14
2026-04-04,MANDI028,Maize,36086.0,127.0,,,,,False,27.48830409356725,974.948,62.666666666666664,8
2026-04-04,MANDI021,Sugarcane,0.0,98.0,,,,,False,27.48830409356725,974.948,62.666666666666664,8
2026-04-04,MANDI023,Cotton,39063.0,124.0,,,,,False,27.48830409356725,974.948,62.666666666666664,8
2026-04-04,MANDI029,Mustard,1455.0,118.0,,,,,False,27.48830409356725,974.948,62.666666666666664,8
2026-04-04,MANDI036,Wheat,23118.0,0.0,,,,,False,27.48830409356725,974.948,62.666666666666664,8
2026-04-04,MANDI047,Cotton,0.0,26.0,,,,,False,27.48830409356725,974.948,62.666666666666664,8
2026-04-04,MANDI054,Cotton,0.0,6.0,,,,,False,27.48830409356725,974.948,62.666666666666664,8
2026-04-04,MANDI012,Wheat,0.0,147.0,,,,,False,27.48830409356725,974.948,62.666666666666664,8
2026-04-04,MANDI017,Rice,26173.0,99.0,,,,,False,27.48830409356725,974.948,62.666666666666664,8
2026-04-04,MANDI018,Wheat,0.0,7.0,,,,,False,27.48830409356725,974.948,62.666666666666664,8
2026-04-04,MANDI025,Wheat,0.0,48.0,,,,,False,27.48830409356725,974.948,62.666666666666664,8
2026-04-04,MANDI026,Maize,11301.0,54.0,,,,,False,27.48830409356725,974.948,62.666666666666664,8
2026-04-04,MANDI026,Mustard,23287.0,143.0,,,,,False,27.48830409356725,974.948,62.666666666666664,8
2026-04-04,MANDI026,Wheat,12542.0,139.0,,,,,False,27.48830409356725,974.948,62.666666666666664,8
2026-04-04,MANDI039,Mustard,0.0,85.0,,,,,False,27.48830409356725,974.948,62.666666666666664,8
2026-04-04,MANDI045,Cotton,5366.0,24.0,,,,,False,27.48830409356725,974.948,62.666666666666664,8
2026-04-04,MANDI027,Mustard,47923.0,112.0,,,,,False,27.48830409356725,974.948,62.666666666666664,8
2026-04-04,MANDI003,Mustard,14303.999999999998,83.0,,,,,False,27.48830409356725,974.948,62.666666666666664,8
2026-04-04,MANDI015,Cotton,38686.0,34.0,,,,,False,27.48830409356725,974.948,62.666666666666664,8
2026-04-04,MANDI025,Wheat,0.0,21.0,,,,,False,27.48830409356725,974.948,62.666666666666664,8
2026-04-05,MANDI014,Mustard,5916.0,26.0,,,,,False,28.90727272727273,1049.728,61.89090909090909,6
2026-04-05,MANDI019,Cotton,37454.0,39.0,,,,,False,28.90727272727273,1049.728,61.89090909090909,6
2026-04-05,MANDI029,Wheat,16602.0,50.0,,,,,False,28.90727272727273,1049.728,61.89090909090909,6
2026-04-05,MANDI032,Sugarcane,30901.0,34.0,,,,,False,28.90727272727273,1049.728,61.89090909090909,6
2026-04-05,MANDI036,Wheat,30856.0,146.0,,,,,False,28.90727272727273,1049.728,61.89090909090909,6
2026-04-05,MANDI039,Wheat,0.0,130.0,,,2303.077169994178,,True,28.90727272727273,1049.728,61.89090909090909,6
2026-04-05,MANDI042,Cotton,10393.0,125.0,,,,,False,28.90727272727273,1049.728,61.89090909090909,6
2026-04-05,MANDI042,Mustard,0.0,83.0,,,,,False,28.90727272727273,1049.728,61.89090909090909,6
2026-04-05,MANDI048,Sugarcane,12287.0,135.0,,,,,False,28.90727272727273,1049.728,61.89090909090909,6
2026-04-05,MANDI050,Rice,27876.0,0.0,,,,,False,28.90727272727273,1049.728,61.89090909090909,6
2026-04-05,MANDI057,Wheat,25929.000000000004,106.0,,,,,False,28.90727272727273,1049.728,61.89090909090909,6
2026-04-05,MANDI029,Rice,9688.0,109.0,,,,,False,28.90727272727273,1049.728,61.89090909090909,6
2026-04-05,MANDI038,Wheat,17407.0,0.0,,,,,False,28.90727272727273,1049.728,61.89090909090909,6
2026-04-05,MANDI012,Maize,0.0,150.0,,,,,False,28.90727272727273,1049.728,61.89090909090909,6
2026-04-06,MANDI008,Wheat,24543.0,116.0,,,,,False,26.90041928721174,836.266,66.66037735849056,10
2026-04-06,MANDI014,Cotton,6670.999999999999,0.0,,,,,False,26.90041928721174,836.266,66.66037735849056,10
2026-04-06,MANDI014,Mustard,6622.0,85.0,,,,,False,26.90041928721174,836.266,66.66037735849056,10
2026-04-06,MANDI017,Maize,2615.0,104.0,,,,,False,26.90041928721174,836.266,66.66037735849056,10
2026-04-06,MANDI024,Mustard,0.0,0.0,,,,,False,26.90041928721174,836.266,66.66037735849056,10
2026-04-06,MANDI027,Maize,0.0,97.0,,,,,False,26.90041928721174,836.266,66.66037735849056,10
2026-04-06,MANDI031,Makki,6343.999999999999,149.0,,,,,False,26.90041928721174,836.266,66.66037735849056,10
2026-04-06,MANDI035,Maize,0.0,90.0,,,,,False,26.90041928721174,836.266,66.66037735849056,10
2026-04-06,MANDI039,Maize,41031.0,13.0,,,,,False,26.90041928721174,836.266,66.66037735849056,10
2026-04-06,MANDI049,Mustard,46362.0,101.0,,,,,False,26.90041928721174,836.266,66.66037735849056,10
2026-04-06,MANDI055,Cotton,39108.0,0.0,,,,,False,26.90041928721174,836.266,66.66037735849056,10
2026-04-06,MANDI055,Sugarcane,7187.0,107.0,,,,,False,26.90041928721174,836.266,66.66037735849056,10
2026-04-06,MANDI056,Cotton,41586.0,0.0,,,,,False,26.90041928721174,836.266,66.66037735849056,10
2026-04-06,MANDI020,Wheat,9906.0,130.0,,,,,False,26.90041928721174,836.266,66.66037735849056,10
2026-04-06,MANDI011,Cotton,29697.000000000004,130.0,,,,,False,26.90041928721174,836.266,66.66037735849056,10
2026-04-06,MANDI011,Maize,38956.0,142.0,,2069.59,,2090.0,False,26.90041928721174,836.266,66.66037735849056,10
2026-04-06,MANDI018,Rice,15983.000000000002,0.0,,,,,False,26.90041928721174,836.266,66.66037735849056,10
2026-04-06,MANDI029,Cotton,26044.0,0.0,,,,,False,26.90041928721174,836.266,66.66037735849056,10
2026-04-07,MANDI004,Mustard,15456.0,116.0,5088.04,,,5650.0,False,25.73544061302682,952.158,63.5,9
2026-04-07,MANDI021,Cotton,0.0,38.0,,,,,False,25.73544061302682,952.158,63.5,9
2026-04-07,MANDI056,Cotton,46824.0,0.0,,,,,False,25.73544061302682,952.158,63.5,9
2026-04-07,MANDI001,Wheat,0.0,11.0,2383.65,,,,False,25.73544061302682,952.158,63.5,9
2026-04-07,MANDI033,Cotton,15479.0,150.0,,,,,False,25.73544061302682,952.158,63.5,9
2026-04-07,MANDI035,Wheat,18483.0,50.0,,2318.4155278757903,,,False,25.73544061302682,952.158,63.5,9
2026-04-07,MANDI036,Rice,0.0,142.0,,,,,False,25.73544061302682,952.158,63.5,9
2026-04-07,MANDI053,Makki,75646.0,232.0,,,,,False,25.73544061302682,952.158,63.5,9
2026-04-07,MANDI041,Sugarcane,29510.000000000004,104.0,,,,,False,25.73544061302682,952.158,63.5,9
2026-04-07,MANDI048,Cotton,10722.0,63.0,,,,,False,25.73544061302682,952.158,63.5,9
2026-04-08,MANDI015,Wheat,0.0,124.0,,,,,False,27.708680555555556,1376.444,61.203125,5
2026-04-08,MANDI018,Makki,10047.0,73.0,,,,,False,27.708680555555556,1376.444,61.203125,5
2026-04-08,MANDI053,Maize,22912.0,93.0,,,,,False,27.708680555555556,1376.444,61.203125,5
2026-04-08,MANDI004,Rice,17132.0,32.0,,,,,False,27.708680555555556,1376.444,61.203125,5
2026-04-08,MANDI004,Wheat,30356.0,42.0,,,,,False,27.708680555555556,1376.444,61.203125,5
2026-04-08,MANDI019,Cotton,7714.0,35.0,,,,,False,27.708680555555556,1376.444,61.203125,5
2026-04-08,MANDI021,Sugarcane,0.0,35.0,,,,,False,27.708680555555556,1376.444,61.203125,5
2026-04-08,MANDI034,Cotton,27832.0,99.0,,,,,False,27.708680555555556,1376.444,61.203125,5
2026-04-08,MANDI035,Maize,28004.000000000004,128.0,,,,,False,27.708680555555556,1376.444,61.203125,5
2026-04-08,MANDI036,Maize,29723.000000000004,0.0,,2362.3,,2090.0,False,27.708680555555556,1376.444,61.203125,5
2026-04-08,MANDI036,Wheat,13972.0,136.0,,,,,False,27.708680555555556,1376.444,61.203125,5
2026-04-08,MANDI045,Wheat,22313.0,95.0,,,,,False,27.708680555555556,1376.444,61.203125,5
2026-04-08,MANDI056,Maize,9207.0,121.0,,,,,False,27.708680555555556,1376.444,61.203125,5
2026-04-08,MANDI057,Maize,0.0,98.0,,,,,False,27.708680555555556,1376.444,61.203125,5
2026-04-08,MANDI029,Mustard,2968.0,258.0,,,,,False,27.708680555555556,1376.444,61.203125,5
2026-04-08,MANDI057,Cotton,34048.0,0.0,,,,,False,27.708680555555556,1376.444,61.203125,5
2026-04-08,MANDI008,Maize,26968.0,111.0,,,,,False,27.708680555555556,1376.444,61.203125,5
2026-04-09,MANDI029,Mustard,0.0,0.0,,,,,False,26.54616858237548,1059.198,66.5,9
2026-04-09,MANDI038,Maize,0.0,84.0,,,,,False,26.54616858237548,1059.198,66.5,9
2026-04-09,MANDI041,Rice,41437.0,53.0,,,,,False,26.54616858237548,1059.198,66.5,9
2026-04-09,MANDI027,Rice,0.0,21.0,,,,,False,26.54616858237548,1059.198,66.5,9
2026-04-09,MANDI006,Sugarcane,0.0,146.0,,,,,False,26.54616858237548,1059.198,66.5,9
2026-04-09,MANDI007,Wheat,17002.0,55.0,2375.54,2690.8666620419026,,,False,26.54616858237548,1059.198,66.5,9
2026-04-09,MANDI011,Cotton,28901.0,81.0,,,,,False,26.54616858237548,1059.198,66.5,9
2026-04-09,MANDI026,Mustard,26426.0,22.0,,,,,False,26.54616858237548,1059.198,66.5,9
2026-04-09,MANDI035,Maize,29787.0,0.0,,,,,False,26.54616858237548,1059.198,66.5,9
2026-04-09,MANDI039,Sugarcane,98338.0,126.0,,,,,False,26.54616858237548,1059.198,66.5,9
2026-04-09,MANDI041,Maize,26123.0,90.0,,,,,False,26.54616858237548,1059.198,66.5,9
2026-04-09,MANDI041,Rice,12747.0,129.0,,,,,False,26.54616858237548,1059.198,66.5,9
2026-04-09,MANDI056,Cotton,46803.0,32.0,,,,,False,26.54616858237548,1059.198,66.5,9
2026-04-09,MANDI018,Wheat,0.0,136.0,,,,,False,26.54616858237548,1059.198,66.5,9
2026-04-09,MANDI037,Cotton,0.0,0.0,,7310.24,,,False,26.54616858237548,1059.198,66.5,9
2026-04-09,MANDI037,Cotton,0.0,0.0,,6370.157050444184,6016.86,6620.0,True,26.54616858237548,1059.198,66.5,9
2026-04-09,MANDI038,Wheat,36366.0,147.0,,,,,False,26.54616858237548,1059.198,66.5,9
2026-04-09,MANDI051,Wheat,3021.0,124.0,2188.53,2451.53,,2275.0,False,26.54616858237548,1059.198,66.5,9
2026-04-09,MANDI034,Mustard,41451.0,76.0,,,,,False,26.54616858237548,1059.198,66.5,9
2026-04-09,MANDI036,Sugarcane,2475.0,0.0,,,,,False,26.54616858237548,1059.198,66.5,9
2026-04-10,MANDI001,Mustard,48175.0,80.0,,,,,False,27.113247863247864,1019.26,65.40384615384616,5
2026-04-10,MANDI011,Maize,35736.00000000001,130.0,,,,,False,27.113247863247864,1019.26,65.40384615384616,5
2026-04-10,MANDI014,Rice,0.0,138.0,,,,,False,27.113247863247864,1019.26,65.40384615384616,5
2026-04-10,MANDI001,Basmati,12947.999999999998,41.0,,,,,False,27.113247863247864,1019.26,65.40384615384616,5
2026-04-10,MANDI001,Mustard,0.0,0.0,,,,,False,27.113247863247864,1019.26,65.40384615384616,5
2026-04-10,MANDI001,Rice,19506.0,126.0,,,,,False,27.113247863247864,1019.26,65.40384615384616,5
2026-04-10,MANDI009,Maize,6970.0,97.0,,,,,False,27.113247863247864,1019.26,65.40384615384616,5
2026-04-10,MANDI009,Sugarcane,24162.0,27.0,,,,,False,27.113247863247864,1019.26,65.40384615384616,5
2026-04-10,MANDI021,Rice,5988.0,35.0,,,,,False,27.113247863247864,1019.26,65.40384615384616,5
2026-04-10,MANDI043,Cotton,48402.0,106.0,,,,,False,27.113247863247864,1019.26,65.40384615384616,5
2026-04-10,MANDI047,Makki,16022.0,11.0,,,,,False,27.113247863247864,1019.26,65.40384615384616,5
2026-04-10,MANDI012,Maize,18059.0,0.0,,,,,False,27.113247863247864,1019.26,65.40384615384616,5
2026-04-10,MANDI039,Rice,19036.0,0.0,,,,,False,27.113247863247864,1019.26,65.40384615384616,5
2026-04-11,MANDI002,Cotton,32313.0,57.0,,,,,False,27.160536398467432,1070.268,62.793103448275865,6
2026-04-11,MANDI028,Cotton,0.0,12.0,,,,,False,27.160536398467432,1070.268,62.793103448275865,6
2026-04-11,MANDI030,Wheat,40461.0,61.0,,,,,False,27.160536398467432,1070.268,62.793103448275865,6
2026-04-11,MANDI033,Wheat,36011.0,65.0,,,,,False,27.160536398467432,1070.268,62.793103448275865,6
2026-04-11,MANDI009,Sugarcane,35468.0,0.0,,,,,False,27.160536398467432,1070.268,62.793103448275865,6
2026-04-11,MANDI012,Cotton,0.0,117.0,,,,,False,27.160536398467432,1070.268,62.793103448275865,6
2026-04-11,MANDI033,Wheat,0.0,21.0,,,,,False,27.160536398467432,1070.268,62.793103448275865,6
2026-04-11,MANDI043,Wheat,18058.0,31.0,2076.4724519781835,,,2275.0,False,27.160536398467432,1070.268,62.793103448275865,6
2026-04-11,MANDI047,Sugarcane,0.0,0.0,,,,,False,27.160536398467432,1070.268,62.793103448275865,6
2026-04-11,MANDI052,Mustard,5314.0,43.0,,,,,False,27.160536398467432,1070.268,62.793103448275865,6
2026-04-11,MANDI016,Cotton,0.0,124.0,,,,,False,27.160536398467432,1070.268,62.793103448275865,6
2026-04-11,MANDI033,Maize,24372.0,81.0,,,,,False,27.160536398467432,1070.268,62.793103448275865,6
2026-04-11,MANDI048,Mustard,28908.0,136.0,,,,,False,27.160536398467432,1070.268,62.793103448275865,6
2026-04-11,MANDI050,Sugarcane,0.0,67.0,,,,,False,27.160536398467432,1070.268,62.793103448275865,6
2026-04-11,MANDI022,Wheat,48899.0,44.0,,,,,False,27.160536398467432,1070.268,62.793103448275865,6
2026-04-12,MANDI030,Cotton,46115.0,119.0,,,,,False,27.910858585858588,898.64,65.8409090909091,6
2026-04-12,MANDI020,Makki,48507.0,107.0,,,,,False,27.910858585858588,898.64,65.8409090909091,6
2026-04-12,MANDI021,Mustard,43234.0,83.0,,,,,False,27.910858585858588,898.64,65.8409090909091,6
2026-04-12,MANDI025,Maize,0.0,29.0,,,,,False,27.910858585858588,898.64,65.8409090909091,6
2026-04-12,MANDI031,Mustard,37963.0,19.0,,,,,False,27.910858585858588,898.64,65.8409090909091,6
2026-04-12,MANDI004,Maize,12573.0,29.0,,,,,False,27.910858585858588,898.64,65.8409090909091,6
2026-04-12,MANDI024,Wheat,42512.0,126.0,,,,,False,27.910858585858588,898.64,65.8409090909091,6
2026-04-12,MANDI032,Mustard,30058.0,62.0,,,,,False,27.910858585858588,898.64,65.8409090909091,6
2026-04-12,MANDI034,Mustard,21796.0,132.0,,,,,False,27.910858585858588,898.64,65.8409090909091,6
2026-04-12,MANDI034,Sugarcane,0.0,143.0,,,,,False,27.910858585858588,898.64,65.8409090909091,6
2026-04-12,MANDI035,Wheat,0.0,0.0,,,,,False,27.910858585858588,898.64,65.8409090909091,6
2026-04-12,MANDI043,Mustard,12965.0,149.0,,,,,False,27.910858585858588,898.64,65.8409090909091,6
2026-04-12,MANDI055,Wheat,28808.0,107.0,,,,,False,27.910858585858588,898.64,65.8409090909091,6
2026-04-12,MANDI039,Wheat,23662.0,0.0,,,,,False,27.910858585858588,898.64,65.8409090909091,6
2026-04-12,MANDI057,Cotton,0.0,22.0,,,,,False,27.910858585858588,898.64,65.8409090909091,6
2026-04-13,MANDI050,Wheat,22382.0,61.0,,,,,False,27.708333333333336,1413.808,59.661764705882355,5
2026-04-13,MANDI002,Mustard,31703.0,0.0,,,,,False,27.708333333333336,1413.808,59.661764705882355,5
2026-04-13,MANDI012,Maize,0.0,61.0,,,,,False,27.708333333333336,1413.808,59.661764705882355,5
2026-04-13,MANDI032,Sugarcane,3479.0,147.0,,,,,False,27.708333333333336,1413.808,59.661764705882355,5
2026-04-13,MANDI019,Mustard,0.0,101.0,5459.37,6096.64,,,False,27.708333333333336,1413.808,59.661764705882355,5
2026-04-13,MANDI024,Cotton,57226.0,89.0,,,,,False,27.708333333333336,1413.808,59.661764705882355,5
2026-04-13,MANDI039,Makki,7790.000000000001,46.0,,,,,False,27.708333333333336,1413.808,59.661764705882355,5
2026-04-13,MANDI046,Cotton,37399.0,137.0,,,,,False,27.708333333333336,1413.808,59.661764705882355,5
2026-04-13,MANDI051,Cotton,3041.0,8.0,,,,,False,27.708333333333336,1413.808,59.661764705882355,5
2026-04-13,MANDI052,Maize,6698.999999999999,117.0,,,,,False,27.708333333333336,1413.808,59.661764705882355,5
2026-04-13,MANDI022,Rice,0.0,0.0,,,,,False,27.708333333333336,1413.808,59.661764705882355,5
2026-04-13,MANDI022,Rice,15594.999999999998,115.0,,,,,False,27.708333333333336,1413.808,59.661764705882355,5
2026-04-13,MANDI035,Cotton,13368.0,133.0,,,,,False,27.708333333333336,1413.808,59.661764705882355,5
2026-04-14,MANDI033,Mustard,49514.0,13.0,,,,,False,26.82605363984674,1069.486,59.36206896551724,12
2026-04-14,MANDI030,Mustard,16166.0,87.0,,,,,False,26.82605363984674,1069.486,59.36206896551724,12
2026-04-14,MANDI041,Cotton,10763.0,54.0,,,,,False,26.82605363984674,1069.486,59.36206896551724,12
2026-04-14,MANDI021,Cotton,22592.0,31.0,,,,,False,26.82605363984674,1069.486,59.36206896551724,12
2026-04-14,MANDI034,Wheat,0.0,143.0,,,,,False,26.82605363984674,1069.486,59.36206896551724,12
2026-04-14,MANDI041,Mustard,0.0,86.0,,,,,False,26.82605363984674,1069.486,59.36206896551724,12
2026-04-14,MANDI051,Cotton,24349.0,6.0,,,,,False,26.82605363984674,1069.486,59.36206896551724,12
2026-04-14,MANDI054,Cotton,30864.0,32.0,,,,,False,26.82605363984674,1069.486,59.36206896551724,12
2026-04-14,MANDI003,Maize,11476.0,131.0,,2151.08,2032.01,,True,26.82605363984674,1069.486,59.36206896551724,12
2026-04-14,MANDI014,Wheat,0.0,101.0,,,,,False,26.82605363984674,1069.486,59.36206896551724,12
2026-04-14,MANDI019,Maize,4811.0,70.0,,,,,False,26.82605363984674,1069.486,59.36206896551724,12
2026-04-14,MANDI022,Maize,41726.0,0.0,,,,,False,26.82605363984674,1069.486,59.36206896551724,12
2026-04-14,MANDI044,Sugarcane,42462.0,0.0,,,,,False,26.82605363984674,1069.486,59.36206896551724,12
2026-04-14,MANDI046,Mustard,45790.0,102.0,,,,,False,26.82605363984674,1069.486,59.36206896551724,12
2026-04-14,MANDI015,Makki,0.0,62.0,,,,,False,26.82605363984674,1069.486,59.36206896551724,12
2026-04-14,MANDI050,Mustard,28065.0,22.0,,,,,False,26.82605363984674,1069.486,59.36206896551724,12
2026-04-15,MANDI021,Cotton,32432.0,138.0,,,,,False,27.246,937.89,60.72,6
2026-04-15,MANDI012,Sugarcane,27077.0,116.0,,,,,False,27.246,937.89,60.72,6
2026-04-15,MANDI033,Maize,47562.0,0.0,,,,,False,27.246,937.89,60.72,6
2026-04-15,MANDI052,Mustard,14915.0,62.0,,,,,False,27.246,937.89,60.72,6
2026-04-15,MANDI003,Wheat,16610.0,18.0,,,,,False,27.246,937.89,60.72,6
2026-04-15,MANDI018,Cotton,16484.0,88.0,,,,,False,27.246,937.89,60.72,6
2026-04-15,MANDI020,Rice,34725.0,19.0,,,,,False,27.246,937.89,60.72,6
2026-04-15,MANDI029,Wheat,0.0,0.0,,,,,False,27.246,937.89,60.72,6
2026-04-15,MANDI034,Cotton,14108.000000000002,108.0,,,,,False,27.246,937.89,60.72,6
2026-04-16,MANDI015,Maize,25785.000000000004,28.0,,,,,False,26.98913043478261,992.41,59.26086956521739,7
2026-04-16,MANDI009,Cotton,0.0,72.0,,,,,False,26.98913043478261,992.41,59.26086956521739,7
2026-04-16,MANDI044,Maize,12296.0,128.0,1970.0335107676167,,,,False,26.98913043478261,992.41,59.26086956521739,7
2026-04-16,MANDI036,Wheat,27627.0,108.0,,,,,False,26.98913043478261,992.41,59.26086956521739,7
2026-04-16,MANDI004,Wheat,0.0,62.0,,,,,False,26.98913043478261,992.41,59.26086956521739,7
2026-04-16,MANDI013,Wheat,20617.0,146.0,,,,,False,26.98913043478261,992.41,59.26086956521739,7
2026-04-16,MANDI029,Cotton,39245.0,43.0,,,,,False,26.98913043478261,992.41,59.26086956521739,7
2026-04-16,MANDI037,Mustard,1440.0,107.0,,,,,False,26.98913043478261,992.41,59.26086956521739,7
2026-04-16,MANDI038,Makki,0.0,121.0,,,,,False,26.98913043478261,992.41,59.26086956521739,7
2026-04-16,MANDI040,Mustard,14022.999999999998,48.0,,,,,False,26.98913043478261,992.41,59.26086956521739,7
2026-04-16,MANDI053,Maize,36814.0,0.0,,,,,False,26.98913043478261,992.41,59.26086956521739,7
2026-04-16,MANDI017,Wheat,20072.0,80.0,,,,,False,26.98913043478261,992.41,59.26086956521739,7
2026-04-16,MANDI030,Maize,0.0,87.0,,,,,False,26.98913043478261,992.41,59.26086956521739,7
2026-04-16,MANDI032,Wheat,0.0,142.0,,,,,False,26.98913043478261,992.41,59.26086956521739,7
2026-04-16,MANDI039,Cotton,7179.000000000001,0.0,,,,,False,26.98913043478261,992.41,59.26086956521739,7
2026-04-16,MANDI042,Sugarcane,0.0,123.0,,,,,False,26.98913043478261,992.41,59.26086956521739,7
2026-04-17,MANDI010,Mustard,24921.0,97.0,,,,,False,27.01220043572985,1154.462,64.66666666666667,2
2026-04-17,MANDI027,Rice,0.0,105.0,,,,,False,27.01220043572985,1154.462,64.66666666666667,2
2026-04-17,MANDI041,Cotton,41685.0,123.0,,,,,False,27.01220043572985,1154.462,64.66666666666667,2
2026-04-17,MANDI047,Wheat,24391.0,113.0,,,,,False,27.01220043572985,1154.462,64.66666666666667,2
2026-04-17,MANDI009,Wheat,1261.0,80.0,,,,,False,27.01220043572985,1154.462,64.66666666666667,2
2026-04-17,MANDI012,Maize,46227.0,0.0,,,,,False,27.01220043572985,1154.462,64.66666666666667,2
2026-04-17,MANDI025,Maize,0.0,232.0,,,,,False,27.01220043572985,1154.462,64.66666666666667,2
2026-04-17,MANDI027,Cotton,9189.0,137.0,,,,,False,27.01220043572985,1154.462,64.66666666666667,2
2026-04-17,MANDI031,Mustard,36810.0,29.0,,,,,False,27.01220043572985,1154.462,64.66666666666667,2
2026-04-17,MANDI038,Rice,28932.0,0.0,,,,,False,27.01220043572985,1154.462,64.66666666666667,2
2026-04-17,MANDI047,Maize,0.0,137.0,,,,,False,27.01220043572985,1154.462,64.66666666666667,2
2026-04-17,MANDI028,Mustard,14158.000000000002,0.0,,,,,False,27.01220043572985,1154.462,64.66666666666667,2
2026-04-17,MANDI046,Cotton,46606.0,137.0,,,,,False,27.01220043572985,1154.462,64.66666666666667,2
2026-04-17,MANDI047,Maize,0.0,46.0,,,,,False,27.01220043572985,1154.462,64.66666666666667,2
2026-04-17,MANDI027,Rice,44030.0,125.0,,,,,False,27.01220043572985,1154.462,64.66666666666667,2
2026-04-17,MANDI036,Rice,0.0,260.0,,,,,False,27.01220043572985,1154.462,64.66666666666667,2
2026-04-18,MANDI008,Maize,33079.0,38.0,,,,,False,28.415972222222223,815.78,60.5625,3
2026-04-18,MANDI015,Maize,0.0,31.0,,,,,False,28.415972222222223,815.78,60.5625,3
2026-04-18,MANDI056,Cotton,41459.0,0.0,,,,,False,28.415972222222223,815.78,60.5625,3
2026-04-18,MANDI009,Cotton,32370.0,0.0,,,,,False,28.415972222222223,815.78,60.5625,3
2026-04-18,MANDI022,Maize,43213.0,108.0,,,,,False,28.415972222222223,815.78,60.5625,3
2026-04-18,MANDI024,Mustard,0.0,67.0,,,,,False,28.415972222222223,815.78,60.5625,3
2026-04-18,MANDI035,Sugarcane,15765.0,0.0,,,,,False,28.415972222222223,815.78,60.5625,3
2026-04-18,MANDI048,Rice,40774.0,74.0,,,,,False,28.415972222222223,815.78,60.5625,3
2026-04-18,MANDI051,Maize,0.0,0.0,,,,,False,28.415972222222223,815.78,60.5625,3
2026-04-18,MANDI057,Wheat,34128.0,70.0,,,,,False,28.415972222222223,815.78,60.5625,3
2026-04-18,MANDI036,Rice,49220.0,103.0,,,,,False,28.415972222222223,815.78,60.5625,3
2026-04-18,MANDI045,Cotton,37918.0,117.0,,,,,False,28.415972222222223,815.78,60.5625,3
2026-04-18,MANDI048,Mustard,41262.0,38.0,,,,,False,28.415972222222223,815.78,60.5625,3
2026-04-18,MANDI054,Sugarcane,0.0,136.0,,,,,False,28.415972222222223,815.78,60.5625,3
2026-04-18,MANDI025,Maize,4606.0,17.0,,,,,False,28.415972222222223,815.78,60.5625,3
2026-04-18,MANDI035,Wheat,31163.0,138.0,,,,,False,28.415972222222223,815.78,60.5625,3
2026-04-19,MANDI007,Sugarcane,28013.0,0.0,,,,,False,27.504700854700857,1052.838,57.63461538461539,5
2026-04-19,MANDI008,Sugarcane,25634.0,77.0,,,,,False,27.504700854700857,1052.838,57.63461538461539,5
2026-04-19,MANDI001,Makki,30464.0,132.0,,,,,False,27.504700854700857,1052.838,57.63461538461539,5
2026-04-19,MANDI011,Cotton,20696.0,0.0,,,,,False,27.504700854700857,1052.838,57.63461538461539,5
2026-04-19,MANDI025,Rice,26132.0,144.0,,,,,False,27.504700854700857,1052.838,57.63461538461539,5
2026-04-19,MANDI045,Sugarcane,28469.0,137.0,,,,,False,27.504700854700857,1052.838,57.63461538461539,5
2026-04-19,MANDI047,Mustard,45325.0,62.0,,,,,False,27.504700854700857,1052.838,57.63461538461539,5
2026-04-19,MANDI001,Mustard,36383.0,82.0,,,,,False,27.504700854700857,1052.838,57.63461538461539,5
2026-04-19,MANDI001,Sugarcane,22731.0,0.0,,,,,False,27.504700854700857,1052.838,57.63461538461539,5
2026-04-19,MANDI009,Wheat,26582.0,113.0,,,,,False,27.504700854700857,1052.838,57.63461538461539,5
2026-04-19,MANDI014,Wheat,0.0,50.0,,,,,False,27.504700854700857,1052.838,57.63461538461539,5
2026-04-19,MANDI047,Mustard,43923.0,93.0,,,,,False,27.504700854700857,1052.838,57.63461538461539,5
2026-04-19,MANDI056,Cotton,29533.0,79.0,,,,,False,27.504700854700857,1052.838,57.63461538461539,5
2026-04-19,MANDI057,Rice,14684.0,59.0,,,,,False,27.504700854700857,1052.838,57.63461538461539,5
2026-04-19,MANDI007,Maize,18901.0,76.0,,,,,False,27.504700854700857,1052.838,57.63461538461539,5
2026-04-19,MANDI010,Rice,47155.0,102.0,,,,,False,27.504700854700857,1052.838,57.63461538461539,5
2026-04-19,MANDI019,Sugarcane,35030.0,148.0,,,,,False,27.504700854700857,1052.838,57.63461538461539,5
2026-04-19,MANDI008,Mustard,16984.0,75.0,,6169.33,,5650.0,False,27.504700854700857,1052.838,57.63461538461539,5
2026-04-19,MANDI051,Mustard,16368.000000000002,80.0,,,,,False,27.504700854700857,1052.838,57.63461538461539,5
2026-04-20,MANDI042,Maize,0.0,19.0,,,,,False,26.734814814814815,953.42,59.666666666666664,7
2026-04-20,MANDI044,Sugarcane,39296.0,94.0,3572.964857551538,,3723.06,,True,26.734814814814815,953.42,59.666666666666664,7
2026-04-20,MANDI005,Cotton,40515.0,144.0,,,,,False,26.734814814814815,953.42,59.666666666666664,7
2026-04-20,MANDI055,Wheat,34983.0,49.0,,,,,False,26.734814814814815,953.42,59.666666666666664,7
2026-04-20,MANDI057,Cotton,0.0,117.0,,,,,False,26.734814814814815,953.42,59.666666666666664,7
2026-04-20,MANDI011,Makki,43793.0,76.0,,,,,False,26.734814814814815,953.42,59.666666666666664,7
2026-04-20,MANDI019,Cotton,48080.0,109.0,,,,,False,26.734814814814815,953.42,59.666666666666664,7
2026-04-20,MANDI033,Rice,33413.0,148.0,,,,,False,26.734814814814815,953.42,59.666666666666664,7
2026-04-20,MANDI041,Mustard,0.0,15.0,,,,,False,26.734814814814815,953.42,59.666666666666664,7
2026-04-20,MANDI042,Makki,21909.0,135.0,,,,,False,26.734814814814815,953.42,59.666666666666664,7
2026-04-20,MANDI046,Cotton,0.0,122.0,,,,,False,26.734814814814815,953.42,59.666666666666664,7
2026-04-20,MANDI056,Cotton,29583.999999999996,7.0,,,,,False,26.734814814814815,953.42,59.666666666666664,7
2026-04-20,MANDI014,Sugarcane,42112.0,0.0,,,,,False,26.734814814814815,953.42,59.666666666666664,7
2026-04-20,MANDI018,Sugarcane,15158.0,124.0,,,,,False,26.734814814814815,953.42,59.666666666666664,7
2026-04-20,MANDI025,Wheat,2869.0,47.0,,,,,False,26.734814814814815,953.42,59.666666666666664,7
2026-04-20,MANDI056,Cotton,7028.0,62.0,,,,,False,26.734814814814815,953.42,59.666666666666664,7
2026-04-21,MANDI009,Rice,26708.999999999996,39.0,,,,,False,27.233115468409586,838.5840000000001,61.3921568627451,11
2026-04-21,MANDI024,Wheat,21282.0,113.0,,,2275.32,2275.0,True,27.233115468409586,838.5840000000001,61.3921568627451,11
2026-04-21,MANDI036,Mustard,1355.0,120.0,5590.59929945728,,6013.37,,True,27.233115468409586,838.5840000000001,61.3921568627451,11
2026-04-21,MANDI014,Mustard,14409.0,99.0,,,,,False,27.233115468409586,838.5840000000001,61.3921568627451,11
2026-04-21,MANDI020,Basmati,39100.0,61.0,,,,,False,27.233115468409586,838.5840000000001,61.3921568627451,11
2026-04-21,MANDI020,Cotton,37650.0,8.0,,,,,False,27.233115468409586,838.5840000000001,61.3921568627451,11
2026-04-21,MANDI035,Cotton,0.0,36.0,,,,,False,27.233115468409586,838.5840000000001,61.3921568627451,11
2026-04-21,MANDI040,Wheat,21502.0,90.0,,,,,False,27.233115468409586,838.5840000000001,61.3921568627451,11
2026-04-21,MANDI045,Wheat,0.0,110.0,,,,,False,27.233115468409586,838.5840000000001,61.3921568627451,11
2026-04-21,MANDI051,Rice,24134.0,38.0,,,,,False,27.233115468409586,838.5840000000001,61.3921568627451,11
2026-04-21,MANDI056,Cotton,23919.0,36.0,,,,,False,27.233115468409586,838.5840000000001,61.3921568627451,11
2026-04-21,MANDI012,Sugarcane,0.0,0.0,,,,,False,27.233115468409586,838.5840000000001,61.3921568627451,11
2026-04-21,MANDI049,Mustard,0.0,123.0,,,,,False,27.233115468409586,838.5840000000001,61.3921568627451,11
2026-04-21,MANDI017,Mustard,31875.0,147.0,,,,,False,27.233115468409586,838.5840000000001,61.3921568627451,11
2026-04-21,MANDI018,Sugarcane,0.0,0.0,,,,,False,27.233115468409586,838.5840000000001,61.3921568627451,11
2026-04-21,MANDI020,Wheat,8661.0,69.0,,,,,False,27.233115468409586,838.5840000000001,61.3921568627451,11
2026-04-22,MANDI050,Cotton,0.0,89.0,,,,,False,26.872955974842768,996.452,64.54716981132076,10
2026-04-22,MANDI055,Maize,42069.0,141.0,,2422.594776733022,,,False,26.872955974842768,996.452,64.54716981132076,10
2026-04-22,MANDI053,Wheat,67028.0,0.0,,,,,False,26.872955974842768,996.452,64.54716981132076,10
2026-04-22,MANDI040,Maize,28233.999999999996,0.0,,,,,False,26.872955974842768,996.452,64.54716981132076,10
2026-04-22,MANDI057,Rice,43719.0,127.0,,,,,False,26.872955974842768,996.452,64.54716981132076,10
2026-04-22,MANDI032,Mustard,43079.0,148.0,,,,,False,26.872955974842768,996.452,64.54716981132076,10
2026-04-22,MANDI018,Cotton,0.0,36.0,,,,,False,26.872955974842768,996.452,64.54716981132076,10
2026-04-23,MANDI044,Rice,0.0,70.0,,,,,False,28.392007797270956,1110.72,63.36842105263158,8
2026-04-23,MANDI043,Mustard,45976.0,89.0,,,,,False,28.392007797270956,1110.72,63.36842105263158,8
2026-04-23,MANDI018,Wheat,0.0,38.0,,,,,False,28.392007797270956,1110.72,63.36842105263158,8
2026-04-23,MANDI026,Rice,0.0,52.0,,,,,False,28.392007797270956,1110.72,63.36842105263158,8
2026-04-23,MANDI042,Sugarcane,38920.0,48.0,,,,,False,28.392007797270956,1110.72,63.36842105263158,8
2026-04-23,MANDI050,Maize,17827.0,38.0,,,,,False,28.392007797270956,1110.72,63.36842105263158,8
2026-04-23,MANDI054,Sugarcane,17238.999999999996,60.0,,,,,False,28.392007797270956,1110.72,63.36842105263158,8
2026-04-23,MANDI057,Wheat,10870.0,66.0,,,,,False,28.392007797270956,1110.72,63.36842105263158,8
2026-04-23,MANDI004,Wheat,0.0,16.0,,,,,False,28.392007797270956,1110.72,63.36842105263158,8
2026-04-23,MANDI010,Rice,14114.0,144.0,,,,,False,28.392007797270956,1110.72,63.36842105263158,8
2026-04-23,MANDI003,Cotton,25600.0,117.0,,,,,False,28.392007797270956,1110.72,63.36842105263158,8
2026-04-23,MANDI010,Maize,0.0,107.0,,,,,False,28.392007797270956,1110.72,63.36842105263158,8
2026-04-24,MANDI013,Wheat,0.0,9.0,,,,,False,26.24732510288066,1049.9080000000001,65.74074074074075,9
2026-04-24,MANDI048,Wheat,35204.0,0.0,,,,,False,26.24732510288066,1049.9080000000001,65.74074074074075,9
2026-04-24,MANDI051,Mustard,0.0,131.0,,,,,False,26.24732510288066,1049.9080000000001,65.74074074074075,9
2026-04-24,MANDI012,Maize,8654.0,93.0,,,,,False,26.24732510288066,1049.9080000000001,65.74074074074075,9
2026-04-24,MANDI044,Wheat,22016.0,46.0,,,,,False,26.24732510288066,1049.9080000000001,65.74074074074075,9
2026-04-24,MANDI045,Sugarcane,0.0,0.0,,,,,False,26.24732510288066,1049.9080000000001,65.74074074074075,9
2026-04-24,MANDI048,Cotton,24648.0,131.0,,,,,False,26.24732510288066,1049.9080000000001,65.74074074074075,9
2026-04-24,MANDI005,Cotton,41371.0,66.0,,,,,False,26.24732510288066,1049.9080000000001,65.74074074074075,9
2026-04-24,MANDI012,Maize,0.0,85.0,,,,,False,26.24732510288066,1049.9080000000001,65.74074074074075,9
2026-04-24,MANDI048,Rice,21800.0,5.0,,,,,False,26.24732510288066,1049.9080000000001,65.74074074074075,9
2026-04-24,MANDI005,Mustard,0.0,113.0,,,,,False,26.24732510288066,1049.9080000000001,65.74074074074075,9
2026-04-24,MANDI009,Maize,0.0,19.0,,,,,False,26.24732510288066,1049.9080000000001,65.74074074074075,9
2026-04-25,MANDI014,Mustard,45050.0,0.0,,,,,False,28.231914893617024,895.266,63.8936170212766,4
2026-04-25,MANDI036,Basmati,41047.0,111.0,,,,,False,28.231914893617024,895.266,63.8936170212766,4
2026-04-25,MANDI056,Sugarcane,31019.0,111.0,,,,,False,28.231914893617024,895.266,63.8936170212766,4
2026-04-25,MANDI004,Mustard,34613.0,79.0,,,,,False,28.231914893617024,895.266,63.8936170212766,4
2026-04-25,MANDI021,Maize,22321.0,118.0,,,,,False,28.231914893617024,895.266,63.8936170212766,4
2026-04-25,MANDI021,Mustard,0.0,93.0,,,,,False,28.231914893617024,895.266,63.8936170212766,4
2026-04-25,MANDI050,Maize,2994.0,121.0,,,,,False,28.231914893617024,895.266,63.8936170212766,4
2026-04-25,MANDI013,Maize,9861.0,67.0,1815.11,,,,False,28.231914893617024,895.266,63.8936170212766,4
2026-04-25,MANDI027,Rice,7770.999999999999,79.0,,2343.04,,2183.0,False,28.231914893617024,895.266,63.8936170212766,4
2026-04-25,MANDI031,Cotton,0.0,88.0,,,,,False,28.231914893617024,895.266,63.8936170212766,4
2026-04-25,MANDI033,Sugarcane,7089.0,62.0,,,,,False,28.231914893617024,895.266,63.8936170212766,4
2026-04-25,MANDI036,Cotton,40368.0,123.0,,,,,False,28.231914893617024,895.266,63.8936170212766,4
2026-04-25,MANDI038,Mustard,38107.0,127.0,,,,,False,28.231914893617024,895.266,63.8936170212766,4
2026-04-25,MANDI024,Sugarcane,0.0,0.0,,,3747.91,,True,28.231914893617024,895.266,63.8936170212766,4
2026-04-25,MANDI038,Maize,2927.0,138.0,,,,,False,28.231914893617024,895.266,63.8936170212766,4
2026-04-25,MANDI038,Basmati,48553.0,95.0,,,,,False,28.231914893617024,895.266,63.8936170212766,4
2026-04-26,MANDI012,Cotton,38675.0,113.0,,6955.14,,6620.0,False,28.342380952380953,1772.252,62.82857142857143,3
2026-04-26,MANDI024,Mustard,28436.0,106.0,,,,,False,28.342380952380953,1772.252,62.82857142857143,3
2026-04-26,MANDI043,Wheat,4253.0,35.0,,,,,False,28.342380952380953,1772.252,62.82857142857143,3
2026-04-26,MANDI048,Makki,40761.0,103.0,,,,,False,28.342380952380953,1772.252,62.82857142857143,3
2026-04-26,MANDI002,Mustard,0.0,46.0,,,,,False,28.342380952380953,1772.252,62.82857142857143,3
2026-04-26,MANDI009,Wheat,0.0,0.0,,,,,False,28.342380952380953,1772.252,62.82857142857143,3
2026-04-26,MANDI019,Mustard,30689.0,85.0,,,,,False,28.342380952380953,1772.252,62.82857142857143,3
2026-04-26,MANDI026,Sugarcane,0.0,121.0,,,,,False,28.342380952380953,1772.252,62.82857142857143,3
2026-04-26,MANDI048,Maize,0.0,110.0,,,,,False,28.342380952380953,1772.252,62.82857142857143,3
2026-04-26,MANDI030,Wheat,7443.000000000001,37.0,,,,,False,28.342380952380953,1772.252,62.82857142857143,3
2026-04-26,MANDI007,Rice,8059.0,147.0,,,,,False,28.342380952380953,1772.252,62.82857142857143,3
2026-04-26,MANDI051,Cotton,46696.0,129.0,,,,,False,28.342380952380953,1772.252,62.82857142857143,3
2026-04-26,MANDI054,Cotton,48694.0,124.0,,,,,False,28.342380952380953,1772.252,62.82857142857143,3
2026-04-26,MANDI009,Sugarcane,13640.0,73.0,,,,,False,28.342380952380953,1772.252,62.82857142857143,3
2026-04-27,MANDI021,Wheat,17348.0,124.0,,,2280.467887115089,,True,25.971980676328506,677.478,58.19565217391305,11
2026-04-27,MANDI030,Wheat,42647.0,94.0,,,,,False,25.971980676328506,677.478,58.19565217391305,11
2026-04-27,MANDI057,Cotton,44717.0,116.0,,,,,False,25.971980676328506,677.478,58.19565217391305,11
2026-04-27,MANDI006,Cotton,4522.0,99.0,,,,,False,25.971980676328506,677.478,58.19565217391305,11
2026-04-27,MANDI006,Sugarcane,26360.000000000004,65.0,,,,,False,25.971980676328506,677.478,58.19565217391305,11
2026-04-27,MANDI022,Wheat,22936.0,107.0,,,,,False,25.971980676328506,677.478,58.19565217391305,11
2026-04-27,MANDI044,Cotton,36235.0,63.0,,,,,False,25.971980676328506,677.478,58.19565217391305,11
2026-04-27,MANDI005,Mustard,39455.0,97.0,,,,,False,25.971980676328506,677.478,58.19565217391305,11
2026-04-27,MANDI009,Sugarcane,6700.0,116.0,,,,,False,25.971980676328506,677.478,58.19565217391305,11
2026-04-27,MANDI026,Mustard,0.0,30.0,,5733.512964568675,,,False,25.971980676328506,677.478,58.19565217391305,11
2026-04-27,MANDI032,Cotton,1165.0,145.0,,,,,False,25.971980676328506,677.478,58.19565217391305,11
2026-04-27,MANDI042,Wheat,0.0,129.0,,,,,False,25.971980676328506,677.478,58.19565217391305,11
2026-04-27,MANDI044,Cotton,15103.0,41.0,,,,,False,25.971980676328506,677.478,58.19565217391305,11
2026-04-27,MANDI048,Cotton,2006.0,43.0,,,,,False,25.971980676328506,677.478,58.19565217391305,11
2026-04-27,MANDI007,Rice,34024.0,32.0,,,,,False,25.971980676328506,677.478,58.19565217391305,11
2026-04-27,MANDI019,Wheat,0.0,144.0,,,,,False,25.971980676328506,677.478,58.19565217391305,11
2026-04-27,MANDI010,Sugarcane,35786.0,10.0,3482.65,,,,False,25.971980676328506,677.478,58.19565217391305,11
2026-04-27,MANDI028,Makki,0.0,95.0,,,,,False,25.971980676328506,677.478,58.19565217391305,11
2026-04-27,MANDI047,Wheat,21031.0,146.0,,,,,False,25.971980676328506,677.478,58.19565217391305,11
2026-04-28,MANDI014,Rice,21718.0,150.0,,,,,False,27.16825396825397,745.21,64.71428571428571,7
2026-04-28,MANDI020,Sugarcane,7906.999999999999,0.0,3485.1248997515004,,3614.02,,True,27.16825396825397,745.21,64.71428571428571,7
2026-04-28,MANDI032,Maize,9956.0,0.0,,,,,False,27.16825396825397,745.21,64.71428571428571,7
2026-04-28,MANDI047,Sugarcane,21512.0,108.0,,,,,False,27.16825396825397,745.21,64.71428571428571,7
2026-04-28,MANDI007,Sugarcane,0.0,144.0,3117.165663431326,3594.02,,,False,27.16825396825397,745.21,64.71428571428571,7
2026-04-28,MANDI017,Sugarcane,47639.0,72.0,,,,,False,27.16825396825397,745.21,64.71428571428571,7
2026-04-28,MANDI035,Sugarcane,0.0,48.0,,,,,False,27.16825396825397,745.21,64.71428571428571,7
2026-04-28,MANDI054,Rice,11277.0,54.0,,,,,False,27.16825396825397,745.21,64.71428571428571,7
2026-04-28,MANDI003,Wheat,0.0,51.0,,,2254.17,2275.0,True,27.16825396825397,745.21,64.71428571428571,7
2026-04-28,MANDI014,Sugarcane,0.0,109.0,,,,,False,27.16825396825397,745.21,64.71428571428571,7
2026-04-28,MANDI046,Mustard,14863.0,59.0,,,,,False,27.16825396825397,745.21,64.71428571428571,7
2026-04-28,MANDI050,Basmati,0.0,24.0,,,,,False,27.16825396825397,745.21,64.71428571428571,7
2026-04-28,MANDI008,Maize,0.0,138.0,,2280.97,,,False,27.16825396825397,745.21,64.71428571428571,7
2026-04-28,MANDI041,Maize,0.0,119.0,,,,,False,27.16825396825397,745.21,64.71428571428571,7
2026-04-29,MANDI044,Cotton,0.0,50.0,,,,,False,28.645351473922904,1019.734,60.285714285714285,7
2026-04-29,MANDI005,Rice,46754.0,70.0,,,,,False,28.645351473922904,1019.734,60.285714285714285,7
2026-04-29,MANDI020,Wheat,18698.0,0.0,,,,,False,28.645351473922904,1019.734,60.285714285714285,7
2026-04-29,MANDI025,Mustard,2414.0,27.0,,,,,False,28.645351473922904,1019.734,60.285714285714285,7
2026-04-29,MANDI033,Rice,27547.000000000004,23.0,,,,,False,28.645351473922904,1019.734,60.285714285714285,7
2026-04-29,MANDI045,Wheat,30032.0,0.0,,,,,False,28.645351473922904,1019.734,60.285714285714285,7
2026-04-29,MANDI049,Wheat,0.0,18.0,,,,,False,28.645351473922904,1019.734,60.285714285714285,7
2026-04-29,MANDI051,Mustard,14618.0,15.0,,,,,False,28.645351473922904,1019.734,60.285714285714285,7
2026-04-29,MANDI025,Maize,0.0,85.0,,,,,False,28.645351473922904,1019.734,60.285714285714285,7
2026-04-29,MANDI029,Cotton,34310.0,0.0,,7988.044845778428,,,False,28.645351473922904,1019.734,60.285714285714285,7
2026-04-29,MANDI032,Wheat,10984.0,112.0,,,,,False,28.645351473922904,1019.734,60.285714285714285,7
2026-04-29,MANDI036,Mustard,24489.0,36.0,,5758.69,5567.23,,True,28.645351473922904,1019.734,60.285714285714285,7
2026-04-29,MANDI046,Rice,44030.0,124.0,,,,,False,28.645351473922904,1019.734,60.285714285714285,7
2026-04-30,MANDI009,Cotton,5869.0,81.0,,,,,False,27.309333333333335,944.148,66.82,7
2026-04-30,MANDI042,Sugarcane,0.0,141.0,,,,,False,27.309333333333335,944.148,66.82,7
2026-04-30,MANDI053,Cotton,29997.000000000004,19.0,,,,,False,27.309333333333335,944.148,66.82,7
2026-04-30,MANDI002,Sugarcane,13200.0,150.0,,,,,False,27.309333333333335,944.148,66.82,7
2026-04-30,MANDI006,Sugarcane,10205.0,46.0,,,,,False,27.309333333333335,944.148,66.82,7
2026-04-30,MANDI019,Rice,39593.0,47.0,,,,,False,27.309333333333335,944.148,66.82,7
2026-04-30,MANDI032,Sugarcane,0.0,129.0,,,,,False,27.309333333333335,944.148,66.82,7
2026-04-30,MANDI033,Rice,13602.000000000002,131.0,,,,,False,27.309333333333335,944.148,66.82,7
2026-04-30,MANDI036,Maize,41715.0,99.0,,,,,False,27.309333333333335,944.148,66.82,7
2026-04-30,MANDI037,Cotton,0.0,57.0,,,,,False,27.309333333333335,944.148,66.82,7
2026-04-30,MANDI049,Sugarcane,14166.999999999998,30.0,,,,,False,27.309333333333335,944.148,66.82,7
2026-04-30,MANDI022,Sugarcane,17716.0,0.0,,,,,False,27.309333333333335,944.148,66.82,7
2026-04-30,MANDI030,Wheat,0.0,33.0,,,,,False,27.309333333333335,944.148,66.82,7
2026-04-30,MANDI043,Sugarcane,0.0,50.0,,,,,False,27.309333333333335,944.148,66.82,7
2026-04-30,MANDI046,Cotton,25433.0,0.0,,,,,False,27.309333333333335,944.148,66.82,7
2026-05-01,MANDI050,Mustard,28463.0,37.0,,,,,False,28.206150793650796,888.41,57.07142857142857,6
2026-05-01,MANDI003,Wheat,21716.0,109.0,,,,,False,28.206150793650796,888.41,57.07142857142857,6
2026-05-01,MANDI046,Cotton,35590.0,80.0,,,,,False,28.206150793650796,888.41,57.07142857142857,6
2026-05-01,MANDI001,Maize,30742.0,113.0,,,,,False,28.206150793650796,888.41,57.07142857142857,6
2026-05-01,MANDI005,Wheat,6667.0,36.0,,,,,False,28.206150793650796,888.41,57.07142857142857,6
2026-05-01,MANDI023,Mustard,39526.0,11.0,,,,,False,28.206150793650796,888.41,57.07142857142857,6
2026-05-01,MANDI016,Makki,1857.0,101.0,,,,,False,28.206150793650796,888.41,57.07142857142857,6
2026-05-01,MANDI019,Mustard,49678.0,26.0,,,,,False,28.206150793650796,888.41,57.07142857142857,6
2026-05-01,MANDI055,Rice,24184.0,100.0,,,,,False,28.206150793650796,888.41,57.07142857142857,6
2026-05-01,MANDI003,Wheat,2468.0,51.0,,,,,False,28.206150793650796,888.41,57.07142857142857,6
2026-05-01,MANDI040,Sugarcane,7433.0,113.0,,,,,False,28.206150793650796,888.41,57.07142857142857,6
2026-05-01,MANDI023,Wheat,25538.0,0.0,2125.5,2428.3725757901466,,2275.0,False,28.206150793650796,888.41,57.07142857142857,6
2026-05-02,MANDI017,Sugarcane,48709.0,121.0,,,,,False,29.018930041152263,808.828,60.53703703703704,8
2026-05-02,MANDI005,Maize,49592.0,0.0,2149.85,,2395.27,,True,29.018930041152263,808.828,60.53703703703704,8
2026-05-02,MANDI035,Mustard,38378.0,36.0,,,,,False,29.018930041152263,808.828,60.53703703703704,8
2026-05-02,MANDI023,Mustard,0.0,54.0,,,,,False,29.018930041152263,808.828,60.53703703703704,8
2026-05-02,MANDI033,Maize,0.0,49.0,,,,,False,29.018930041152263,808.828,60.53703703703704,8
2026-05-02,MANDI044,Cotton,33718.0,0.0,,,,,False,29.018930041152263,808.828,60.53703703703704,8
2026-05-02,MANDI050,Rice,19105.0,39.0,,,,,False,29.018930041152263,808.828,60.53703703703704,8
2026-05-02,MANDI054,Sugarcane,35343.0,131.0,,,,,False,29.018930041152263,808.828,60.53703703703704,8
2026-05-02,MANDI012,Wheat,19823.0,0.0,,,2477.1,,True,29.018930041152263,808.828,60.53703703703704,8
2026-05-02,MANDI046,Cotton,41708.0,64.0,,,,,False,29.018930041152263,808.828,60.53703703703704,8
2026-05-03,MANDI049,Rice,24439.0,41.0,,,,,False,26.80851063829787,1025.296,63.702127659574465,7
2026-05-03,MANDI054,Sugarcane,46104.0,105.0,,,,,False,26.80851063829787,1025.296,63.702127659574465,7
2026-05-03,MANDI004,Sugarcane,0.0,86.0,,,,,False,26.80851063829787,1025.296,63.702127659574465,7
2026-05-03,MANDI003,Wheat,26944.0,58.0,,,,,False,26.80851063829787,1025.296,63.702127659574465,7
2026-05-03,MANDI009,Maize,19480.0,103.0,,,,,False,26.80851063829787,1025.296,63.702127659574465,7
2026-05-03,MANDI011,Sugarcane,29636.0,113.0,,,,,False,26.80851063829787,1025.296,63.702127659574465,7
2026-05-03,MANDI012,Rice,34174.0,0.0,,,,,False,26.80851063829787,1025.296,63.702127659574465,7
2026-05-03,MANDI015,Sugarcane,14353.0,14.0,,,,,False,26.80851063829787,1025.296,63.702127659574465,7
2026-05-03,MANDI018,Rice,16561.0,127.0,,,,,False,26.80851063829787,1025.296,63.702127659574465,7
2026-05-03,MANDI019,Maize,39309.0,0.0,,,,,False,26.80851063829787,1025.296,63.702127659574465,7
2026-05-03,MANDI025,Wheat,21084.0,16.0,,,,,False,26.80851063829787,1025.296,63.702127659574465,7
2026-05-03,MANDI028,Maize,19145.0,119.0,,,,,False,26.80851063829787,1025.296,63.702127659574465,7
2026-05-03,MANDI030,Sugarcane,0.0,33.0,,,,,False,26.80851063829787,1025.296,63.702127659574465,7
2026-05-03,MANDI033,Sugarcane,29120.999999999996,24.0,3462.72,4043.87,,,False,26.80851063829787,1025.296,63.702127659574465,7
2026-05-03,MANDI047,Rice,0.0,90.0,,,,,False,26.80851063829787,1025.296,63.702127659574465,7
2026-05-03,MANDI051,Basmati,6216.0,29.0,,,,,False,26.80851063829787,1025.296,63.702127659574465,7
2026-05-03,MANDI040,Wheat,31383.0,33.0,,,,,False,26.80851063829787,1025.296,63.702127659574465,7
2026-05-03,MANDI050,Rice,0.0,76.0,,,,,False,26.80851063829787,1025.296,63.702127659574465,7
2026-05-03,MANDI054,Mustard,0.0,21.0,,,,,False,26.80851063829787,1025.296,63.702127659574465,7
2026-05-04,MANDI049,Sugarcane,0.0,110.0,,,,,False,26.821802935010485,1197.088,62.75471698113208,8
2026-05-04,MANDI030,Mustard,0.0,25.0,,6257.756457968391,,5650.0,False,26.821802935010485,1197.088,62.75471698113208,8
2026-05-04,MANDI036,Cotton,21005.0,123.0,,,,,False,26.821802935010485,1197.088,62.75471698113208,8
2026-05-04,MANDI026,Mustard,38772.0,26.0,,,,,False,26.821802935010485,1197.088,62.75471698113208,8
2026-05-04,MANDI035,Rice,0.0,141.0,,,,,False,26.821802935010485,1197.088,62.75471698113208,8
2026-05-04,MANDI055,Maize,11410.0,120.0,,,,,False,26.821802935010485,1197.088,62.75471698113208,8
2026-05-04,MANDI008,Wheat,0.0,0.0,,,,,False,26.821802935010485,1197.088,62.75471698113208,8
2026-05-04,MANDI013,Maize,5595.0,91.0,,,,,False,26.821802935010485,1197.088,62.75471698113208,8
2026-05-04,MANDI015,Mustard,34814.0,19.0,,,,,False,26.821802935010485,1197.088,62.75471698113208,8
2026-05-04,MANDI018,Wheat,33176.0,48.0,,,,,False,26.821802935010485,1197.088,62.75471698113208,8
2026-05-04,MANDI055,Maize,17633.0,117.0,,,,,False,26.821802935010485,1197.088,62.75471698113208,8
2026-05-05,MANDI007,Cotton,36910.0,0.0,,,,,False,27.285555555555558,994.7099999999999,62.25,15
2026-05-05,MANDI045,Sugarcane,44347.0,62.0,,,,,False,27.285555555555558,994.7099999999999,62.25,15
2026-05-05,MANDI004,Rice,3433.0,103.0,,,,,False,27.285555555555558,994.7099999999999,62.25,15
2026-05-05,MANDI006,Rice,25078.0,137.0,,,,,False,27.285555555555558,994.7099999999999,62.25,15
2026-05-05,MANDI015,Rice,33372.0,99.0,,,,,False,27.285555555555558,994.7099999999999,62.25,15
2026-05-05,MANDI036,Maize,32035.000000000004,59.0,,,,,False,27.285555555555558,994.7099999999999,62.25,15
2026-05-05,MANDI040,Rice,36343.0,53.0,,,,,False,27.285555555555558,994.7099999999999,62.25,15
2026-05-05,MANDI040,Sugarcane,26533.0,0.0,,,,,False,27.285555555555558,994.7099999999999,62.25,15
2026-05-05,MANDI055,Maize,45973.0,102.0,,,,,False,27.285555555555558,994.7099999999999,62.25,15
2026-05-05,MANDI022,Wheat,26744.0,48.0,,,,,False,27.285555555555558,994.7099999999999,62.25,15
2026-05-05,MANDI017,Rice,0.0,32.0,,,,,False,27.285555555555558,994.7099999999999,62.25,15
2026-05-05,MANDI047,Mustard,49120.0,81.0,,5945.89,,,False,27.285555555555558,994.7099999999999,62.25,15
2026-05-06,MANDI048,Maize,49094.0,42.0,,,,,False,26.944008714596947,912.01,63.450980392156865,8
2026-05-06,MANDI012,Cotton,0.0,96.0,,,,,False,26.944008714596947,912.01,63.450980392156865,8
2026-05-06,MANDI030,Rice,42948.0,52.0,,2318.45,,2183.0,False,26.944008714596947,912.01,63.450980392156865,8
2026-05-06,MANDI020,Maize,44535.0,91.0,,,,,False,26.944008714596947,912.01,63.450980392156865,8
2026-05-06,MANDI031,Cotton,14428.0,112.0,,,,,False,26.944008714596947,912.01,63.450980392156865,8
2026-05-06,MANDI034,Sugarcane,37138.0,30.0,,,,,False,26.944008714596947,912.01,63.450980392156865,8
2026-05-06,MANDI053,Rice,28644.0,127.0,,,,,False,26.944008714596947,912.01,63.450980392156865,8
2026-05-06,MANDI056,Makki,0.0,120.0,,,,,False,26.944008714596947,912.01,63.450980392156865,8
2026-05-06,MANDI056,Wheat,14916.999999999998,70.0,,,,,False,26.944008714596947,912.01,63.450980392156865,8
2026-05-06,MANDI006,Wheat,40170.0,137.0,,,,,False,26.944008714596947,912.01,63.450980392156865,8
2026-05-06,MANDI023,Sugarcane,0.0,125.0,,,,,False,26.944008714596947,912.01,63.450980392156865,8
2026-05-07,MANDI029,Mustard,47135.00000000001,58.0,,,,,False,27.444249512670567,1201.286,62.421052631578945,10
2026-05-07,MANDI032,Mustard,1234.0,0.0,,,,,False,27.444249512670567,1201.286,62.421052631578945,10
2026-05-07,MANDI003,Cotton,0.0,71.0,,,,,False,27.444249512670567,1201.286,62.421052631578945,10
2026-05-07,MANDI018,Wheat,29836.0,0.0,,,,,False,27.444249512670567,1201.286,62.421052631578945,10
2026-05-07,MANDI029,Sugarcane,21816.0,87.0,,,,,False,27.444249512670567,1201.286,62.421052631578945,10
2026-05-07,MANDI042,Sugarcane,0.0,127.0,,,,,False,27.444249512670567,1201.286,62.421052631578945,10
2026-05-07,MANDI055,Maize,27801.0,86.0,,,,,False,27.444249512670567,1201.286,62.421052631578945,10
2026-05-07,MANDI006,Sugarcane,39085.0,20.0,,,,,False,27.444249512670567,1201.286,62.421052631578945,10
2026-05-07,MANDI042,Mustard,4475.0,103.0,,,,,False,27.444249512670567,1201.286,62.421052631578945,10
2026-05-07,MANDI057,Sugarcane,2763.0,147.0,,,,,False,27.444249512670567,1201.286,62.421052631578945,10
2026-05-08,MANDI011,Sugarcane,35076.0,24.0,,,,,False,28.749603174603177,994.736,60.267857142857146,6
2026-05-08,MANDI024,Mustard,10524.0,89.0,,5731.87,,,False,28.749603174603177,994.736,60.267857142857146,6
2026-05-08,MANDI031,Sugarcane,5912.0,125.0,,,,,False,28.749603174603177,994.736,60.267857142857146,6
2026-05-08,MANDI025,Maize,10552.0,114.0,,,,,False,28.749603174603177,994.736,60.267857142857146,6
2026-05-08,MANDI034,Rice,21436.0,0.0,,,,,False,28.749603174603177,994.736,60.267857142857146,6
2026-05-08,MANDI050,Sugarcane,47866.0,139.0,,,,,False,28.749603174603177,994.736,60.267857142857146,6
2026-05-08,MANDI054,Mustard,0.0,52.0,,6246.35,,,False,28.749603174603177,994.736,60.267857142857146,6
2026-05-08,MANDI001,Rice,0.0,60.0,,,,,False,28.749603174603177,994.736,60.267857142857146,6
2026-05-08,MANDI009,Maize,0.0,143.0,,,,,False,28.749603174603177,994.736,60.267857142857146,6
2026-05-08,MANDI012,Rice,49723.0,0.0,,,,,False,28.749603174603177,994.736,60.267857142857146,6
2026-05-08,MANDI022,Mustard,11011.0,97.0,,,,,False,28.749603174603177,994.736,60.267857142857146,6
2026-05-08,MANDI022,Rice,24114.0,73.0,,,,,False,28.749603174603177,994.736,60.267857142857146,6
2026-05-08,MANDI036,Mustard,27126.0,59.0,,,,,False,28.749603174603177,994.736,60.267857142857146,6
2026-05-08,MANDI042,Cotton,23387.0,92.0,,,,,False,28.749603174603177,994.736,60.267857142857146,6
2026-05-08,MANDI044,Mustard,0.0,21.0,,,,,False,28.749603174603177,994.736,60.267857142857146,6
2026-05-08,MANDI048,Maize,16018.0,116.0,,,,,False,28.749603174603177,994.736,60.267857142857146,6
2026-05-08,MANDI053,Maize,80426.0,40.0,,,,,False,28.749603174603177,994.736,60.267857142857146,6
2026-05-08,MANDI055,Sugarcane,34475.0,64.0,,,,,False,28.749603174603177,994.736,60.267857142857146,6
2026-05-08,MANDI037,Sugarcane,11811.0,111.0,,,,,False,28.749603174603177,994.736,60.267857142857146,6
2026-05-08,MANDI047,Wheat,12884.0,47.0,,,,,False,28.749603174603177,994.736,60.267857142857146,6
2026-05-08,MANDI016,Sugarcane,33868.0,54.0,,,,,False,28.749603174603177,994.736,60.267857142857146,6
2026-05-08,MANDI023,Cotton,78788.0,300.0,,,,,False,28.749603174603177,994.736,60.267857142857146,6
2026-05-08,MANDI025,Wheat,4931.0,46.0,,,,,False,28.749603174603177,994.736,60.267857142857146,6
2026-05-08,MANDI046,Wheat,36551.0,97.0,,,,,False,28.749603174603177,994.736,60.267857142857146,6
2026-05-08,MANDI049,Mustard,0.0,105.0,,,,,False,28.749603174603177,994.736,60.267857142857146,6
2026-05-09,MANDI026,Maize,6800.0,83.0,,,,,False,27.591152263374486,899.576,62.51851851851852,8
2026-05-09,MANDI004,Rice,37631.0,126.0,1998.5255404803129,2435.17426488289,2216.8499026816016,2183.0,True,27.591152263374486,899.576,62.51851851851852,8
2026-05-09,MANDI008,Wheat,32860.0,142.0,,,,,False,27.591152263374486,899.576,62.51851851851852,8
2026-05-09,MANDI011,Cotton,46022.0,136.0,,,,,False,27.591152263374486,899.576,62.51851851851852,8
2026-05-09,MANDI011,Mustard,0.0,97.0,,,,,False,27.591152263374486,899.576,62.51851851851852,8
2026-05-09,MANDI033,Mustard,34797.00000000001,76.0,,,,,False,27.591152263374486,899.576,62.51851851851852,8
2026-05-09,MANDI042,Cotton,0.0,131.0,,,,,False,27.591152263374486,899.576,62.51851851851852,8
2026-05-09,MANDI044,Rice,19567.0,17.0,,,,,False,27.591152263374486,899.576,62.51851851851852,8
2026-05-09,MANDI004,Sugarcane,0.0,83.0,,,,,False,27.591152263374486,899.576,62.51851851851852,8
2026-05-09,MANDI050,Sugarcane,46841.0,137.0,,,,,False,27.591152263374486,899.576,62.51851851851852,8
2026-05-09,MANDI028,Wheat,0.0,146.0,,,,,False,27.591152263374486,899.576,62.51851851851852,8
2026-05-09,MANDI037,Cotton,10027.0,79.0,,,,,False,27.591152263374486,899.576,62.51851851851852,8
2026-05-09,MANDI044,Wheat,0.0,99.0,,,,,False,27.591152263374486,899.576,62.51851851851852,8
2026-05-10,MANDI036,Mustard,6115.0,121.0,,,,,False,28.90787037037037,939.564,64.75,10
2026-05-10,MANDI041,Rice,88846.0,118.0,,,,,False,28.90787037037037,939.564,64.75,10
2026-05-10,MANDI054,Basmati,0.0,131.0,,,,,False,28.90787037037037,939.564,64.75,10
2026-05-10,MANDI003,Maize,25910.000000000004,128.0,,,,,False,28.90787037037037,939.564,64.75,10
2026-05-10,MANDI019,Cotton,0.0,22.0,,,,,False,28.90787037037037,939.564,64.75,10
2026-05-10,MANDI025,Sugarcane,46385.0,101.0,3344.63,3690.06,,,False,28.90787037037037,939.564,64.75,10
2026-05-10,MANDI029,Maize,45396.0,93.0,,,,,False,28.90787037037037,939.564,64.75,10
2026-05-10,MANDI044,Cotton,38470.0,124.0,,,,,False,28.90787037037037,939.564,64.75,10
2026-05-10,MANDI051,Wheat,18688.0,21.0,,,,,False,28.90787037037037,939.564,64.75,10
2026-05-10,MANDI054,Cotton,0.0,0.0,,,,,False,28.90787037037037,939.564,64.75,10
2026-05-10,MANDI007,Maize,19604.0,105.0,,,,,False,28.90787037037037,939.564,64.75,10
2026-05-10,MANDI047,Cotton,12614.0,6.0,,,,,False,28.90787037037037,939.564,64.75,10
2026-05-10,MANDI023,Maize,0.0,5.0,,,,,False,28.90787037037037,939.564,64.75,10
2026-05-10,MANDI037,Rice,0.0,14.0,,,,,False,28.90787037037037,939.564,64.75,10
2026-05-11,MANDI008,Cotton,14327.000000000002,47.0,,,,,False,26.473232323232324,889.638,63.18181818181818,5
2026-05-11,MANDI037,Sugarcane,24489.0,47.0,,,,,False,26.473232323232324,889.638,63.18181818181818,5
2026-05-11,MANDI042,Wheat,4260.0,0.0,,,,,False,26.473232323232324,889.638,63.18181818181818,5
2026-05-11,MANDI016,Cotton,16774.0,69.0,,,,,False,26.473232323232324,889.638,63.18181818181818,5
2026-05-11,MANDI033,Cotton,35043.0,49.0,,,,,False,26.473232323232324,889.638,63.18181818181818,5
2026-05-11,MANDI046,Wheat,12293.0,120.0,,,,,False,26.473232323232324,889.638,63.18181818181818,5
2026-05-11,MANDI051,Sugarcane,0.0,110.0,,,,,False,26.473232323232324,889.638,63.18181818181818,5
2026-05-11,MANDI029,Wheat,49464.0,138.0,,,,,False,26.473232323232324,889.638,63.18181818181818,5
2026-05-11,MANDI052,Sugarcane,22566.0,43.0,,,,,False,26.473232323232324,889.638,63.18181818181818,5
2026-05-11,MANDI020,Mustard,0.0,0.0,,,,,False,26.473232323232324,889.638,63.18181818181818,5
2026-05-11,MANDI035,Sugarcane,3010.0,72.0,,,,,False,26.473232323232324,889.638,63.18181818181818,5
2026-05-11,MANDI039,Cotton,0.0,20.0,,,,,False,26.473232323232324,889.638,63.18181818181818,5
2026-05-12,MANDI003,Rice,0.0,109.0,,,,,False,28.508333333333336,899.068,56.833333333333336,6
2026-05-12,MANDI007,Cotton,0.0,116.0,,,,,False,28.508333333333336,899.068,56.833333333333336,6
2026-05-12,MANDI022,Wheat,16116.999999999998,38.0,,,,,False,28.508333333333336,899.068,56.833333333333336,6
2026-05-12,MANDI029,Maize,44111.0,29.0,,,,,False,28.508333333333336,899.068,56.833333333333336,6
2026-05-12,MANDI006,Mustard,42050.0,51.0,,,,,False,28.508333333333336,899.068,56.833333333333336,6
2026-05-12,MANDI023,Wheat,34472.0,0.0,,,,,False,28.508333333333336,899.068,56.833333333333336,6
2026-05-12,MANDI005,Wheat,9062.0,40.0,,,,,False,28.508333333333336,899.068,56.833333333333336,6
2026-05-12,MANDI011,Mustard,23519.0,35.0,,,,,False,28.508333333333336,899.068,56.833333333333336,6
2026-05-12,MANDI038,Sugarcane,11294.0,51.0,,,,,False,28.508333333333336,899.068,56.833333333333336,6
2026-05-12,MANDI047,Cotton,0.0,65.0,,,,,False,28.508333333333336,899.068,56.833333333333336,6
2026-05-12,MANDI052,Rice,14108.0,0.0,,,2164.54,,True,28.508333333333336,899.068,56.833333333333336,6
2026-05-12,MANDI033,Mustard,43241.0,16.0,,,,,False,28.508333333333336,899.068,56.833333333333336,6
2026-05-12,MANDI054,Rice,29656.0,101.0,,,,,False,28.508333333333336,899.068,56.833333333333336,6
2026-05-12,MANDI034,Cotton,3279.0,6.0,,,,,False,28.508333333333336,899.068,56.833333333333336,6
2026-05-12,MANDI038,Mustard,28744.0,139.0,,,,,False,28.508333333333336,899.068,56.833333333333336,6
2026-05-12,MANDI052,Rice,21613.0,61.0,,,2164.54,,True,28.508333333333336,899.068,56.833333333333336,6
2026-05-13,MANDI032,Mustard,0.0,95.0,,,,,False,27.842222222222222,581.4979999999999,60.3,5
2026-05-13,MANDI043,Sugarcane,32223.0,20.0,,3436.63,3256.77,3500.0,True,27.842222222222222,581.4979999999999,60.3,5
2026-05-13,MANDI045,Maize,46819.0,66.0,,,,,False,27.842222222222222,581.4979999999999,60.3,5
2026-05-13,MANDI002,Rice,48475.0,88.0,,,,,False,27.842222222222222,581.4979999999999,60.3,5
2026-05-13,MANDI017,Maize,0.0,145.0,,,,,False,27.842222222222222,581.4979999999999,60.3,5
2026-05-13,MANDI019,Makki,22349.0,65.0,,,,,False,27.842222222222222,581.4979999999999,60.3,5
2026-05-13,MANDI034,Sugarcane,15459.0,97.0,,,,,False,27.842222222222222,581.4979999999999,60.3,5
2026-05-13,MANDI038,Mustard,16294.0,80.0,,,,,False,27.842222222222222,581.4979999999999,60.3,5
2026-05-13,MANDI045,Cotton,29224.0,32.0,,,,,False,27.842222222222222,581.4979999999999,60.3,5
2026-05-13,MANDI052,Mustard,3904.9999999999995,131.0,,,,,False,27.842222222222222,581.4979999999999,60.3,5
2026-05-13,MANDI054,Mustard,10161.0,140.0,,,,,False,27.842222222222222,581.4979999999999,60.3,5
2026-05-13,MANDI023,Maize,19795.0,133.0,,,,,False,27.842222222222222,581.4979999999999,60.3,5
2026-05-13,MANDI033,Maize,27623.0,0.0,,,,,False,27.842222222222222,581.4979999999999,60.3,5
2026-05-14,MANDI055,Mustard,33029.0,116.0,,,,,False,27.26170634920635,1101.204,59.214285714285715,8
2026-05-14,MANDI014,Maize,47717.0,78.0,,,,,False,27.26170634920635,1101.204,59.214285714285715,8
2026-05-14,MANDI024,Cotton,49679.0,104.0,,,,,False,27.26170634920635,1101.204,59.214285714285715,8
2026-05-14,MANDI054,Sugarcane,20525.0,83.0,,,3231.87,3500.0,True,27.26170634920635,1101.204,59.214285714285715,8
2026-05-14,MANDI031,Sugarcane,36647.00000000001,76.0,,,,,False,27.26170634920635,1101.204,59.214285714285715,8
2026-05-14,MANDI032,Makki,23591.0,0.0,,,,,False,27.26170634920635,1101.204,59.214285714285715,8
2026-05-14,MANDI033,Sugarcane,21690.0,120.0,,,,,False,27.26170634920635,1101.204,59.214285714285715,8
2026-05-14,MANDI034,Mustard,0.0,124.0,,,,,False,27.26170634920635,1101.204,59.214285714285715,8
2026-05-14,MANDI036,Cotton,49348.0,84.0,,,,,False,27.26170634920635,1101.204,59.214285714285715,8
2026-05-14,MANDI002,Wheat,0.0,99.0,1979.87,,,,False,27.26170634920635,1101.204,59.214285714285715,8
2026-05-14,MANDI004,Wheat,46580.0,0.0,,,,,False,27.26170634920635,1101.204,59.214285714285715,8
2026-05-14,MANDI020,Maize,11005.0,22.0,,,,,False,27.26170634920635,1101.204,59.214285714285715,8
2026-05-14,MANDI022,Maize,47823.0,40.0,,2364.96,,2090.0,False,27.26170634920635,1101.204,59.214285714285715,8
2026-05-14,MANDI024,Mustard,7869.0,66.0,,,,,False,27.26170634920635,1101.204,59.214285714285715,8
2026-05-14,MANDI044,Wheat,0.0,106.0,,,,,False,27.26170634920635,1101.204,59.214285714285715,8
2026-05-14,MANDI051,Wheat,0.0,0.0,,,,,False,27.26170634920635,1101.204,59.214285714285715,8
2026-05-14,MANDI003,Rice,0.0,45.0,,2645.65,,2183.0,False,27.26170634920635,1101.204,59.214285714285715,8
2026-05-14,MANDI016,Mustard,9012.0,52.0,,,,,False,27.26170634920635,1101.204,59.214285714285715,8
2026-05-14,MANDI030,Rice,49060.0,0.0,,,,,False,27.26170634920635,1101.204,59.214285714285715,8
2026-05-14,MANDI041,Cotton,46768.0,137.0,,,,,False,27.26170634920635,1101.204,59.214285714285715,8
2026-05-15,MANDI001,Maize,28632.0,33.0,,,,,False,28.142521367521365,1000.396,61.17307692307692,6
2026-05-15,MANDI010,Maize,0.0,109.0,,,,,False,28.142521367521365,1000.396,61.17307692307692,6
2026-05-15,MANDI011,Cotton,37479.0,103.0,,,,,False,28.142521367521365,1000.396,61.17307692307692,6
2026-05-15,MANDI013,Mustard,12748.0,62.0,5152.660232581992,,5532.2,,True,28.142521367521365,1000.396,61.17307692307692,6
2026-05-15,MANDI016,Mustard,14635.0,33.0,,,,,False,28.142521367521365,1000.396,61.17307692307692,6
2026-05-15,MANDI022,Mustard,2491.0,36.0,,,,,False,28.142521367521365,1000.396,61.17307692307692,6
2026-05-15,MANDI038,Mustard,9662.0,21.0,,,,,False,28.142521367521365,1000.396,61.17307692307692,6
2026-05-15,MANDI039,Mustard,20821.0,77.0,,,,,False,28.142521367521365,1000.396,61.17307692307692,6
2026-05-15,MANDI042,Maize,32795.0,44.0,,,,,False,28.142521367521365,1000.396,61.17307692307692,6
2026-05-15,MANDI052,Mustard,48405.0,67.0,,6605.7346782623845,6092.386088092027,5650.0,True,28.142521367521365,1000.396,61.17307692307692,6
2026-05-15,MANDI021,Maize,32233.0,6.0,,,,,False,28.142521367521365,1000.396,61.17307692307692,6
2026-05-15,MANDI022,Cotton,5918.0,76.0,,,,,False,28.142521367521365,1000.396,61.17307692307692,6
2026-05-15,MANDI029,Sugarcane,10968.0,92.0,,,,,False,28.142521367521365,1000.396,61.17307692307692,6
2026-05-16,MANDI007,Cotton,31078.0,137.0,,,,,False,28.28,999.242,59.41818181818182,8
2026-05-16,MANDI026,Sugarcane,31660.000000000004,14.0,,,,,False,28.28,999.242,59.41818181818182,8
2026-05-16,MANDI044,Mustard,4372.0,145.0,,,,,False,28.28,999.242,59.41818181818182,8
2026-05-16,MANDI044,Sugarcane,2935.0,124.0,,,,,False,28.28,999.242,59.41818181818182,8
2026-05-16,MANDI007,Rice,28342.0,64.0,,,,,False,28.28,999.242,59.41818181818182,8
2026-05-16,MANDI027,Cotton,9819.0,0.0,,,,,False,28.28,999.242,59.41818181818182,8
2026-05-16,MANDI034,Wheat,0.0,143.0,,,,,False,28.28,999.242,59.41818181818182,8
2026-05-16,MANDI051,Wheat,1125.0,96.0,,,,,False,28.28,999.242,59.41818181818182,8
2026-05-16,MANDI052,Mustard,33118.0,68.0,,,,,False,28.28,999.242,59.41818181818182,8
2026-05-16,MANDI007,Makki,27614.0,0.0,,,,,False,28.28,999.242,59.41818181818182,8
2026-05-16,MANDI011,Basmati,31828.0,131.0,,,,,False,28.28,999.242,59.41818181818182,8
2026-05-16,MANDI018,Wheat,21574.0,5.0,,,,,False,28.28,999.242,59.41818181818182,8
2026-05-16,MANDI041,Cotton,28298.0,0.0,,,,,False,28.28,999.242,59.41818181818182,8
2026-05-16,MANDI048,Wheat,0.0,142.0,,,,,False,28.28,999.242,59.41818181818182,8
2026-05-16,MANDI057,Cotton,1974.0,20.0,,,,,False,28.28,999.242,59.41818181818182,8
2026-05-16,MANDI022,Maize,35587.0,66.0,,,,,False,28.28,999.242,59.41818181818182,8
2026-05-16,MANDI051,Cotton,49266.0,34.0,,,,,False,28.28,999.242,59.41818181818182,8
2026-05-17,MANDI033,Cotton,47877.0,122.0,,,,,False,26.757777777777775,1125.59,64.14545454545454,8
2026-05-17,MANDI011,Maize,48476.0,12.0,,,,,False,26.757777777777775,1125.59,64.14545454545454,8
2026-05-17,MANDI029,Mustard,32482.0,89.0,,,,,False,26.757777777777775,1125.59,64.14545454545454,8
2026-05-17,MANDI039,Wheat,32382.0,17.0,,,,,False,26.757777777777775,1125.59,64.14545454545454,8
2026-05-17,MANDI014,Cotton,37579.0,0.0,,,6362.47528263049,,True,26.757777777777775,1125.59,64.14545454545454,8
2026-05-17,MANDI026,Mustard,17662.0,98.0,,,,,False,26.757777777777775,1125.59,64.14545454545454,8
2026-05-17,MANDI030,Rice,6314.0,46.0,,,,,False,26.757777777777775,1125.59,64.14545454545454,8
2026-05-17,MANDI036,Wheat,3141.0,112.0,,,,,False,26.757777777777775,1125.59,64.14545454545454,8
2026-05-17,MANDI008,Mustard,23013.0,0.0,4832.13,5272.04,,5650.0,False,26.757777777777775,1125.59,64.14545454545454,8
2026-05-17,MANDI008,Mustard,23013.0,0.0,5643.35,6319.84,,,False,26.757777777777775,1125.59,64.14545454545454,8
2026-05-17,MANDI056,Mustard,0.0,115.0,,6816.5461500525225,,5650.0,False,26.757777777777775,1125.59,64.14545454545454,8
2026-05-18,MANDI003,Cotton,33095.0,107.0,,,,,False,27.03829365079365,1260.252,66.19642857142857,6
2026-05-18,MANDI045,Rice,46718.0,72.0,,,,,False,27.03829365079365,1260.252,66.19642857142857,6
2026-05-18,MANDI009,Mustard,31680.0,0.0,,,,,False,27.03829365079365,1260.252,66.19642857142857,6
2026-05-18,MANDI013,Wheat,23580.0,127.0,,,,,False,27.03829365079365,1260.252,66.19642857142857,6
2026-05-18,MANDI040,Maize,19047.0,49.0,,,,,False,27.03829365079365,1260.252,66.19642857142857,6
2026-05-18,MANDI054,Mustard,3192.0,100.0,,,,,False,27.03829365079365,1260.252,66.19642857142857,6
2026-05-18,MANDI002,Sugarcane,47012.0,55.0,,,,,False,27.03829365079365,1260.252,66.19642857142857,6
2026-05-18,MANDI007,Mustard,0.0,111.0,,,,,False,27.03829365079365,1260.252,66.19642857142857,6
2026-05-18,MANDI010,Wheat,4594.0,118.0,,,,,False,27.03829365079365,1260.252,66.19642857142857,6
2026-05-18,MANDI027,Cotton,31911.0,135.0,,,,,False,27.03829365079365,1260.252,66.19642857142857,6
2026-05-18,MANDI027,Rice,33622.0,27.0,,,,,False,27.03829365079365,1260.252,66.19642857142857,6
2026-05-18,MANDI028,Makki,23703.0,129.0,,,,,False,27.03829365079365,1260.252,66.19642857142857,6
2026-05-18,MANDI029,Wheat,13716.0,178.0,,,,,False,27.03829365079365,1260.252,66.19642857142857,6
2026-05-18,MANDI030,Wheat,0.0,30.0,,,,,False,27.03829365079365,1260.252,66.19642857142857,6
2026-05-18,MANDI032,Sugarcane,0.0,70.0,,,,,False,27.03829365079365,1260.252,66.19642857142857,6
2026-05-18,MANDI048,Wheat,20053.0,92.0,,,,,False,27.03829365079365,1260.252,66.19642857142857,6
2026-05-18,MANDI052,Wheat,25718.0,25.0,,,,,False,27.03829365079365,1260.252,66.19642857142857,6
2026-05-18,MANDI011,Mustard,19937.0,49.0,,,,,False,27.03829365079365,1260.252,66.19642857142857,6
2026-05-18,MANDI056,Mustard,45174.0,0.0,,,,,False,27.03829365079365,1260.252,66.19642857142857,6
2026-05-18,MANDI031,Mustard,32691.000000000004,0.0,,,,,False,27.03829365079365,1260.252,66.19642857142857,6
2026-05-18,MANDI051,Mustard,16509.0,85.0,5232.77,,,,False,27.03829365079365,1260.252,66.19642857142857,6
2026-05-18,MANDI055,Mustard,24594.0,89.0,,,,,False,27.03829365079365,1260.252,66.19642857142857,6
2026-05-19,MANDI004,Mustard,15502.0,75.0,,,,,False,29.082428940568477,740.556,64.76744186046511,9
2026-05-19,MANDI024,Wheat,9600.0,21.0,,,,,False,29.082428940568477,740.556,64.76744186046511,9
2026-05-19,MANDI001,Cotton,16483.0,112.0,,,,,False,29.082428940568477,740.556,64.76744186046511,9
2026-05-19,MANDI006,Sugarcane,0.0,119.0,,,,,False,29.082428940568477,740.556,64.76744186046511,9
2026-05-19,MANDI016,Maize,5757.0,18.0,,,,,False,29.082428940568477,740.556,64.76744186046511,9
2026-05-19,MANDI007,Maize,0.0,97.0,,,,,False,29.082428940568477,740.556,64.76744186046511,9
2026-05-19,MANDI011,Maize,0.0,69.0,,,,,False,29.082428940568477,740.556,64.76744186046511,9
2026-05-19,MANDI013,Maize,4566.0,26.0,,,,,False,29.082428940568477,740.556,64.76744186046511,9
2026-05-19,MANDI013,Rice,0.0,146.0,,,,,False,29.082428940568477,740.556,64.76744186046511,9
2026-05-19,MANDI028,Cotton,0.0,90.0,,,,,False,29.082428940568477,740.556,64.76744186046511,9
2026-05-19,MANDI035,Rice,0.0,125.0,,,,,False,29.082428940568477,740.556,64.76744186046511,9
2026-05-19,MANDI043,Sugarcane,60775.0,97.0,,,,,False,29.082428940568477,740.556,64.76744186046511,9
2026-05-19,MANDI045,Maize,3380.0,115.0,,,,,False,29.082428940568477,740.556,64.76744186046511,9
2026-05-19,MANDI047,Sugarcane,11315.0,19.0,,,,,False,29.082428940568477,740.556,64.76744186046511,9
2026-05-19,MANDI048,Cotton,21757.0,46.0,,,,,False,29.082428940568477,740.556,64.76744186046511,9
2026-05-19,MANDI051,Rice,0.0,7.0,,,,,False,29.082428940568477,740.556,64.76744186046511,9
2026-05-19,MANDI055,Maize,9287.0,16.0,,,,,False,29.082428940568477,740.556,64.76744186046511,9
2026-05-19,MANDI057,Mustard,15997.0,98.0,,,,,False,29.082428940568477,740.556,64.76744186046511,9
2026-05-19,MANDI014,Mustard,20973.0,77.0,,,,,False,29.082428940568477,740.556,64.76744186046511,9
2026-05-19,MANDI024,Rice,0.0,47.0,,,,,False,29.082428940568477,740.556,64.76744186046511,9
2026-05-19,MANDI037,Mustard,30701.0,73.0,,,,,False,29.082428940568477,740.556,64.76744186046511,9
2026-05-19,MANDI041,Cotton,0.0,68.0,,,,,False,29.082428940568477,740.556,64.76744186046511,9
2026-05-19,MANDI042,Basmati,46898.0,106.0,,,,,False,29.082428940568477,740.556,64.76744186046511,9
2026-05-19,MANDI053,Mustard,13227.000000000002,50.0,,,,,False,29.082428940568477,740.556,64.76744186046511,9
2026-05-20,MANDI046,Sugarcane,47909.0,110.0,,,,,False,27.08425925925926,775.03,58.916666666666664,4
2026-05-20,MANDI001,Cotton,0.0,118.0,,,,,False,27.08425925925926,775.03,58.916666666666664,4
2026-05-20,MANDI025,Maize,45921.0,51.0,,,,,False,27.08425925925926,775.03,58.916666666666664,4
2026-05-20,MANDI045,Mustard,7912.999999999999,129.0,,,,,False,27.08425925925926,775.03,58.916666666666664,4
2026-05-20,MANDI045,Wheat,0.0,93.0,,,,,False,27.08425925925926,775.03,58.916666666666664,4
2026-05-20,MANDI001,Mustard,37320.0,59.0,,,,,False,27.08425925925926,775.03,58.916666666666664,4
2026-05-20,MANDI016,Mustard,39991.0,121.0,,,,,False,27.08425925925926,775.03,58.916666666666664,4
2026-05-20,MANDI022,Mustard,18910.0,123.0,,,,,False,27.08425925925926,775.03,58.916666666666664,4
2026-05-20,MANDI024,Maize,0.0,0.0,,,,,False,27.08425925925926,775.03,58.916666666666664,4
2026-05-20,MANDI030,Sugarcane,38536.0,99.0,,,,,False,27.08425925925926,775.03,58.916666666666664,4
2026-05-20,MANDI056,Cotton,5096.0,95.0,,,,,False,27.08425925925926,775.03,58.916666666666664,4
2026-05-21,MANDI051,Rice,19807.0,55.0,,,,,False,26.748,1021.062,68.48,8
2026-05-21,MANDI009,Maize,15504.0,115.0,,2451.94,2213.54,,True,26.748,1021.062,68.48,8
2026-05-21,MANDI024,Wheat,14527.000000000002,98.0,,,,,False,26.748,1021.062,68.48,8
2026-05-21,MANDI011,Cotton,0.0,17.0,,,,,False,26.748,1021.062,68.48,8
2026-05-21,MANDI027,Cotton,38640.0,98.0,,,,,False,26.748,1021.062,68.48,8
2026-05-21,MANDI031,Mustard,32993.0,9.0,,,,,False,26.748,1021.062,68.48,8
2026-05-21,MANDI037,Maize,5229.0,55.0,,,2185.33,,True,26.748,1021.062,68.48,8
2026-05-21,MANDI037,Sugarcane,40427.0,142.0,,,,,False,26.748,1021.062,68.48,8
2026-05-21,MANDI008,Cotton,32949.0,112.0,,,,,False,26.748,1021.062,68.48,8
2026-05-21,MANDI026,Sugarcane,23258.0,53.0,,,,,False,26.748,1021.062,68.48,8
2026-05-21,MANDI027,Basmati,0.0,98.0,,,,,False,26.748,1021.062,68.48,8
2026-05-21,MANDI035,Basmati,0.0,34.0,,,,,False,26.748,1021.062,68.48,8
2026-05-21,MANDI035,Wheat,0.0,140.0,2070.41,,,,False,26.748,1021.062,68.48,8
2026-05-22,MANDI016,Wheat,5706.0,136.0,,,,,False,26.700462962962963,934.256,70.5,8
2026-05-22,MANDI010,Rice,41340.0,46.0,,,,,False,26.700462962962963,934.256,70.5,8
2026-05-22,MANDI017,Mustard,10682.0,34.0,,,,,False,26.700462962962963,934.256,70.5,8
2026-05-22,MANDI003,Wheat,6240.0,93.0,,,,,False,26.700462962962963,934.256,70.5,8
2026-05-22,MANDI010,Wheat,46259.0,127.0,,,,,False,26.700462962962963,934.256,70.5,8
2026-05-22,MANDI020,Rice,1907.9999999999998,58.0,,,,,False,26.700462962962963,934.256,70.5,8
2026-05-22,MANDI023,Cotton,32424.0,56.0,,,,,False,26.700462962962963,934.256,70.5,8
2026-05-22,MANDI028,Rice,11094.0,0.0,,,,,False,26.700462962962963,934.256,70.5,8
2026-05-22,MANDI031,Rice,8951.0,85.0,,,,,False,26.700462962962963,934.256,70.5,8
2026-05-22,MANDI035,Maize,0.0,148.0,,,,,False,26.700462962962963,934.256,70.5,8
2026-05-22,MANDI046,Cotton,19902.0,45.0,,,,,False,26.700462962962963,934.256,70.5,8
2026-05-22,MANDI056,Mustard,0.0,50.0,,,,,False,26.700462962962963,934.256,70.5,8
2026-05-22,MANDI017,Makki,0.0,124.0,,,,,False,26.700462962962963,934.256,70.5,8
2026-05-22,MANDI041,Maize,35263.0,98.0,,,,,False,26.700462962962963,934.256,70.5,8
2026-05-22,MANDI035,Mustard,0.0,6.0,,,,,False,26.700462962962963,934.256,70.5,8
2026-05-22,MANDI051,Rice,2461.0,98.0,,,,,False,26.700462962962963,934.256,70.5,8
2026-05-23,MANDI016,Rice,30877.999999999996,87.0,,,,,False,28.544863731656182,1197.39,62.943396226415096,6
2026-05-23,MANDI045,Sugarcane,48255.0,145.0,,,,,False,28.544863731656182,1197.39,62.943396226415096,6
2026-05-23,MANDI032,Cotton,21773.0,63.0,,7353.2802796478045,,,False,28.544863731656182,1197.39,62.943396226415096,6
2026-05-23,MANDI005,Rice,0.0,97.0,,,,,False,28.544863731656182,1197.39,62.943396226415096,6
2026-05-23,MANDI019,Sugarcane,15341.0,129.0,,,,,False,28.544863731656182,1197.39,62.943396226415096,6
2026-05-23,MANDI026,Cotton,19775.0,0.0,,,,,False,28.544863731656182,1197.39,62.943396226415096,6
2026-05-23,MANDI030,Maize,0.0,42.0,,,,,False,28.544863731656182,1197.39,62.943396226415096,6
2026-05-23,MANDI038,Cotton,3559.0000000000005,103.0,,,,,False,28.544863731656182,1197.39,62.943396226415096,6
2026-05-23,MANDI042,Wheat,0.0,118.0,,,,,False,28.544863731656182,1197.39,62.943396226415096,6
2026-05-23,MANDI051,Cotton,39820.0,77.0,,,,,False,28.544863731656182,1197.39,62.943396226415096,6
2026-05-23,MANDI051,Mustard,27414.0,84.0,,,6317.08,,True,28.544863731656182,1197.39,62.943396226415096,6
2026-05-23,MANDI051,Mustard,27414.0,84.0,5385.38,,,,False,28.544863731656182,1197.39,62.943396226415096,6
2026-05-23,MANDI053,Mustard,10348.0,72.0,,,,,False,28.544863731656182,1197.39,62.943396226415096,6
2026-05-23,MANDI006,Cotton,26196.0,130.0,,,7122.75,,True,28.544863731656182,1197.39,62.943396226415096,6
2026-05-23,MANDI013,Rice,0.0,104.0,,,,,False,28.544863731656182,1197.39,62.943396226415096,6
2026-05-24,MANDI021,Maize,42695.0,135.0,,,,,False,24.992374727668846,1027.192,60.31372549019608,9
2026-05-24,MANDI027,Wheat,20617.0,0.0,,,,,False,24.992374727668846,1027.192,60.31372549019608,9
2026-05-24,MANDI045,Wheat,48299.0,0.0,,,,,False,24.992374727668846,1027.192,60.31372549019608,9
2026-05-24,MANDI002,Cotton,0.0,35.0,,,,,False,24.992374727668846,1027.192,60.31372549019608,9
2026-05-24,MANDI032,Sugarcane,48155.0,137.0,,,,,False,24.992374727668846,1027.192,60.31372549019608,9
2026-05-24,MANDI005,Rice,11890.0,144.0,,,,,False,24.992374727668846,1027.192,60.31372549019608,9
2026-05-24,MANDI037,Wheat,34667.0,131.0,,,,,False,24.992374727668846,1027.192,60.31372549019608,9
2026-05-24,MANDI057,Mustard,19516.0,94.0,,,,,False,24.992374727668846,1027.192,60.31372549019608,9
2026-05-24,MANDI005,Rice,7764.0,117.0,,,,,False,24.992374727668846,1027.192,60.31372549019608,9
2026-05-24,MANDI012,Wheat,49408.0,35.0,,,,,False,24.992374727668846,1027.192,60.31372549019608,9
2026-05-24,MANDI017,Cotton,17037.0,0.0,6344.019755226515,7736.43,,6620.0,False,24.992374727668846,1027.192,60.31372549019608,9
2026-05-24,MANDI019,Cotton,39809.0,105.0,,,,,False,24.992374727668846,1027.192,60.31372549019608,9
2026-05-24,MANDI022,Cotton,0.0,30.0,,,,,False,24.992374727668846,1027.192,60.31372549019608,9
2026-05-24,MANDI050,Wheat,26859.0,118.0,,,,,False,24.992374727668846,1027.192,60.31372549019608,9
2026-05-25,MANDI021,Maize,28334.0,0.0,,,,,False,27.860317460317464,783.744,66.02380952380952,9
2026-05-25,MANDI003,Mustard,65757.0,91.0,,,,,False,27.860317460317464,783.744,66.02380952380952,9
2026-05-25,MANDI018,Wheat,20397.0,110.0,,,,,False,27.860317460317464,783.744,66.02380952380952,9
2026-05-25,MANDI025,Maize,24230.0,35.0,,,,,False,27.860317460317464,783.744,66.02380952380952,9
2026-05-25,MANDI044,Mustard,0.0,25.0,,,,,False,27.860317460317464,783.744,66.02380952380952,9
2026-05-25,MANDI049,Wheat,38339.0,125.0,,,,,False,27.860317460317464,783.744,66.02380952380952,9
2026-05-25,MANDI054,Rice,0.0,42.0,,,,,False,27.860317460317464,783.744,66.02380952380952,9
2026-05-25,MANDI055,Sugarcane,0.0,92.0,,,,,False,27.860317460317464,783.744,66.02380952380952,9
2026-05-25,MANDI021,Cotton,30031.0,135.0,,,,,False,27.860317460317464,783.744,66.02380952380952,9
2026-05-25,MANDI046,Mustard,9039.0,57.0,,,,,False,27.860317460317464,783.744,66.02380952380952,9
2026-05-25,MANDI049,Cotton,12186.0,101.0,,,,,False,27.860317460317464,783.744,66.02380952380952,9
2026-05-25,MANDI055,Cotton,6530.0,15.0,,,,,False,27.860317460317464,783.744,66.02380952380952,9
2026-05-26,MANDI009,Rice,28727.0,39.0,,,,,False,26.233123689727464,944.294,57.943396226415096,7
2026-05-26,MANDI026,Mustard,45512.0,119.0,,,,,False,26.233123689727464,944.294,57.943396226415096,7
2026-05-26,MANDI053,Cotton,6901.000000000001,44.0,,,,,False,26.233123689727464,944.294,57.943396226415096,7
2026-05-26,MANDI015,Mustard,32770.0,57.0,,,,,False,26.233123689727464,944.294,57.943396226415096,7
2026-05-26,MANDI037,Wheat,27658.0,145.0,,,,,False,26.233123689727464,944.294,57.943396226415096,7
2026-05-26,MANDI045,Cotton,12543.0,138.0,,8315.69,,6620.0,False,26.233123689727464,944.294,57.943396226415096,7
2026-05-26,MANDI045,Makki,0.0,0.0,,,,,False,26.233123689727464,944.294,57.943396226415096,7
2026-05-26,MANDI056,Sugarcane,18908.0,16.0,,,,,False,26.233123689727464,944.294,57.943396226415096,7
2026-05-26,MANDI005,Rice,39693.0,53.0,,,,,False,26.233123689727464,944.294,57.943396226415096,7
2026-05-26,MANDI013,Wheat,36551.0,19.0,,,,,False,26.233123689727464,944.294,57.943396226415096,7
2026-05-26,MANDI024,Mustard,20701.0,0.0,,,,,False,26.233123689727464,944.294,57.943396226415096,7
2026-05-26,MANDI030,Maize,0.0,139.0,,,,,False,26.233123689727464,944.294,57.943396226415096,7
2026-05-26,MANDI052,Maize,7841.0,130.0,,,,,False,26.233123689727464,944.294,57.943396226415096,7
2026-05-26,MANDI033,Mustard,0.0,0.0,,,,,False,26.233123689727464,944.294,57.943396226415096,7
2026-05-26,MANDI039,Wheat,43211.0,74.0,,,,,False,26.233123689727464,944.294,57.943396226415096,7
2026-05-26,MANDI030,Wheat,14494.0,0.0,,,,,False,26.233123689727464,944.294,57.943396226415096,7
2026-05-26,MANDI046,Basmati,0.0,117.0,,,,,False,26.233123689727464,944.294,57.943396226415096,7
2026-05-26,MANDI051,Cotton,28685.0,0.0,,,,,False,26.233123689727464,944.294,57.943396226415096,7
2026-05-26,MANDI051,Makki,1927.0,0.0,,,,,False,26.233123689727464,944.294,57.943396226415096,7
2026-05-27,MANDI018,Wheat,0.0,38.0,,,,,False,27.829340277777778,1158.684,63.140625,9
2026-05-27,MANDI022,Makki,5484.0,109.0,,,,,False,27.829340277777778,1158.684,63.140625,9
2026-05-27,MANDI029,Mustard,36634.0,16.0,,,,,False,27.829340277777778,1158.684,63.140625,9
2026-05-27,MANDI009,Sugarcane,30538.0,94.0,,,,,False,27.829340277777778,1158.684,63.140625,9
2026-05-27,MANDI014,Rice,34516.0,45.0,,,,,False,27.829340277777778,1158.684,63.140625,9
2026-05-27,MANDI050,Wheat,2428.0,6.0,,,,,False,27.829340277777778,1158.684,63.140625,9
2026-05-27,MANDI005,Maize,0.0,25.0,,,,,False,27.829340277777778,1158.684,63.140625,9
2026-05-27,MANDI031,Basmati,45229.0,81.0,,,,,False,27.829340277777778,1158.684,63.140625,9
2026-05-27,MANDI038,Cotton,0.0,0.0,,,,,False,27.829340277777778,1158.684,63.140625,9
2026-05-27,MANDI057,Rice,43017.0,144.0,,2488.68,,,False,27.829340277777778,1158.684,63.140625,9
2026-05-27,MANDI013,Maize,77043.0,130.0,,,,,False,27.829340277777778,1158.684,63.140625,9
2026-05-27,MANDI014,Mustard,44693.0,47.0,,,,,False,27.829340277777778,1158.684,63.140625,9
2026-05-27,MANDI022,Wheat,2583.0,115.0,,,,,False,27.829340277777778,1158.684,63.140625,9
2026-05-27,MANDI033,Cotton,22055.0,115.0,,,,,False,27.829340277777778,1158.684,63.140625,9
2026-05-27,MANDI035,Mustard,48838.0,102.0,,,,,False,27.829340277777778,1158.684,63.140625,9
2026-05-27,MANDI040,Wheat,0.0,100.0,,,,,False,27.829340277777778,1158.684,63.140625,9
2026-05-27,MANDI032,Wheat,0.0,0.0,,,,,False,27.829340277777778,1158.684,63.140625,9
2026-05-27,MANDI039,Basmati,0.0,137.0,,,,,False,27.829340277777778,1158.684,63.140625,9
2026-05-28,MANDI046,Maize,0.0,74.0,,,,,False,25.720754716981133,1000.634,64.15094339622641,7
2026-05-28,MANDI051,Wheat,0.0,61.0,,,,,False,25.720754716981133,1000.634,64.15094339622641,7
2026-05-28,MANDI007,Sugarcane,30459.0,136.0,,,,,False,25.720754716981133,1000.634,64.15094339622641,7
2026-05-28,MANDI017,Maize,0.0,129.0,,,,,False,25.720754716981133,1000.634,64.15094339622641,7
2026-05-28,MANDI036,Mustard,36761.0,89.0,,,,,False,25.720754716981133,1000.634,64.15094339622641,7
2026-05-28,MANDI027,Wheat,24869.0,25.0,,,,,False,25.720754716981133,1000.634,64.15094339622641,7
2026-05-28,MANDI030,Mustard,13125.0,114.0,,,,,False,25.720754716981133,1000.634,64.15094339622641,7
2026-05-28,MANDI037,Maize,28068.0,107.0,,,,,False,25.720754716981133,1000.634,64.15094339622641,7
2026-05-29,MANDI018,Maize,0.0,33.0,,,,,False,27.001149425287355,915.408,63.741379310344826,8
2026-05-29,MANDI034,Cotton,15547.999999999998,32.0,,,,,False,27.001149425287355,915.408,63.741379310344826,8
2026-05-29,MANDI043,Wheat,42733.0,114.0,,,,,False,27.001149425287355,915.408,63.741379310344826,8
2026-05-29,MANDI003,Sugarcane,30446.0,91.0,,,,,False,27.001149425287355,915.408,63.741379310344826,8
2026-05-29,MANDI020,Sugarcane,0.0,86.0,,,,,False,27.001149425287355,915.408,63.741379310344826,8
2026-05-29,MANDI021,Maize,11612.0,148.0,,,,,False,27.001149425287355,915.408,63.741379310344826,8
2026-05-29,MANDI024,Sugarcane,0.0,80.0,,,,,False,27.001149425287355,915.408,63.741379310344826,8
2026-05-29,MANDI032,Mustard,27679.000000000004,16.0,,,,,False,27.001149425287355,915.408,63.741379310344826,8
2026-05-29,MANDI037,Cotton,46195.0,0.0,,,,,False,27.001149425287355,915.408,63.741379310344826,8
2026-05-29,MANDI035,Mustard,16558.0,28.0,5445.93,,,,False,27.001149425287355,915.408,63.741379310344826,8
2026-05-29,MANDI027,Rice,2025.0,126.0,,,,,False,27.001149425287355,915.408,63.741379310344826,8
2026-05-29,MANDI043,Wheat,6246.0,84.0,,,,,False,27.001149425287355,915.408,63.741379310344826,8
2026-05-30,MANDI010,Wheat,0.0,107.0,,,,,False,27.34583333333333,982.71,61.145833333333336,9
2026-05-30,MANDI017,Sugarcane,0.0,133.0,,,,,False,27.34583333333333,982.71,61.145833333333336,9
2026-05-30,MANDI021,Maize,1641.0,60.0,,,,,False,27.34583333333333,982.71,61.145833333333336,9
2026-05-30,MANDI004,Cotton,6122.0,44.0,,,,,False,27.34583333333333,982.71,61.145833333333336,9
2026-05-30,MANDI010,Sugarcane,14394.999999999998,59.0,,,,,False,27.34583333333333,982.71,61.145833333333336,9
2026-05-30,MANDI032,Sugarcane,45524.0,149.0,,,,,False,27.34583333333333,982.71,61.145833333333336,9
2026-05-30,MANDI041,Cotton,34611.0,101.0,,,,,False,27.34583333333333,982.71,61.145833333333336,9
2026-05-30,MANDI043,Wheat,25274.0,34.0,,,,,False,27.34583333333333,982.71,61.145833333333336,9
2026-05-30,MANDI038,Mustard,0.0,122.0,,,,,False,27.34583333333333,982.71,61.145833333333336,9
2026-05-31,MANDI040,Wheat,36580.0,70.0,,,,,False,27.50526315789474,761.662,67.02631578947368,7
2026-05-31,MANDI020,Mustard,40196.0,95.0,,,,,False,27.50526315789474,761.662,67.02631578947368,7
2026-05-31,MANDI050,Mustard,26777.999999999996,125.0,,,,,False,27.50526315789474,761.662,67.02631578947368,7
2026-05-31,MANDI001,Mustard,41905.0,85.0,,,,,False,27.50526315789474,761.662,67.02631578947368,7
2026-05-31,MANDI018,Rice,30062.0,34.0,,,,,False,27.50526315789474,761.662,67.02631578947368,7
2026-05-31,MANDI039,Maize,6355.0,68.0,,,,,False,27.50526315789474,761.662,67.02631578947368,7
2026-05-31,MANDI040,Wheat,24792.0,0.0,,,,,False,27.50526315789474,761.662,67.02631578947368,7
2026-05-31,MANDI006,Mustard,1023.0,37.0,,,,,False,27.50526315789474,761.662,67.02631578947368,7
2026-05-31,MANDI038,Basmati,0.0,57.0,,,,,False,27.50526315789474,761.662,67.02631578947368,7
2026-05-31,MANDI038,Maize,0.0,37.0,,,,,False,27.50526315789474,761.662,67.02631578947368,7
2026-05-31,MANDI040,Maize,0.0,57.0,,,,,False,27.50526315789474,761.662,67.02631578947368,7
2026-05-31,MANDI045,Maize,0.0,113.0,,,,,False,27.50526315789474,761.662,67.02631578947368,7
2026-05-31,MANDI001,Rice,5389.0,17.0,,,,,False,27.50526315789474,761.662,67.02631578947368,7
2026-05-31,MANDI013,Sugarcane,1635.0000000000002,86.0,,,,,False,27.50526315789474,761.662,67.02631578947368,7
2026-05-31,MANDI023,Maize,12869.999999999998,127.0,,,,,False,27.50526315789474,761.662,67.02631578947368,7
2026-05-31,MANDI024,Cotton,24398.0,60.0,,,,,False,27.50526315789474,761.662,67.02631578947368,7
2026-05-31,MANDI029,Wheat,6627.0,33.0,,,,,False,27.50526315789474,761.662,67.02631578947368,7
2026-05-31,MANDI050,Mustard,31750.0,66.0,,,,,False,27.50526315789474,761.662,67.02631578947368,7
2026-06-01,MANDI001,Sugarcane,0.0,94.0,,,,,False,27.32875816993464,823.9,67.19607843137256,11
2026-06-01,MANDI007,Rice,17628.0,115.0,,,,,False,27.32875816993464,823.9,67.19607843137256,11
2026-06-01,MANDI010,Makki,0.0,17.0,,,,,False,27.32875816993464,823.9,67.19607843137256,11
2026-06-01,MANDI012,Sugarcane,3290.9999999999995,24.0,,,,,False,27.32875816993464,823.9,67.19607843137256,11
2026-06-01,MANDI029,Sugarcane,22350.0,145.0,,,,,False,27.32875816993464,823.9,67.19607843137256,11
2026-06-01,MANDI043,Maize,3095.0,29.0,,,2249.6969137929946,,True,27.32875816993464,823.9,67.19607843137256,11
2026-06-01,MANDI017,Rice,39470.0,80.0,,,,,False,27.32875816993464,823.9,67.19607843137256,11
2026-06-01,MANDI017,Mustard,0.0,57.0,,,,,False,27.32875816993464,823.9,67.19607843137256,11
2026-06-01,MANDI019,Rice,36048.0,51.0,,,,,False,27.32875816993464,823.9,67.19607843137256,11
2026-06-02,MANDI050,Makki,40447.0,55.0,,,,,False,27.80734126984127,1077.174,61.42857142857143,8
2026-06-02,MANDI009,Sugarcane,49391.0,84.0,,,,,False,27.80734126984127,1077.174,61.42857142857143,8
2026-06-02,MANDI015,Maize,29260.000000000004,90.0,,,,,False,27.80734126984127,1077.174,61.42857142857143,8
2026-06-02,MANDI026,Maize,5829.0,49.0,,,,,False,27.80734126984127,1077.174,61.42857142857143,8
2026-06-02,MANDI026,Wheat,14635.0,97.0,,,,,False,27.80734126984127,1077.174,61.42857142857143,8
2026-06-02,MANDI028,Maize,0.0,78.0,,,,,False,27.80734126984127,1077.174,61.42857142857143,8
2026-06-02,MANDI040,Sugarcane,3087.0,112.0,,,,,False,27.80734126984127,1077.174,61.42857142857143,8
2026-06-02,MANDI048,Mustard,0.0,115.0,,,,,False,27.80734126984127,1077.174,61.42857142857143,8
2026-06-02,MANDI050,Mustard,19199.0,0.0,,,,,False,27.80734126984127,1077.174,61.42857142857143,8
2026-06-02,MANDI009,Rice,0.0,116.0,,,,,False,27.80734126984127,1077.174,61.42857142857143,8
2026-06-02,MANDI019,Maize,0.0,61.0,,,,,False,27.80734126984127,1077.174,61.42857142857143,8
2026-06-03,MANDI017,Maize,3476.0,95.0,,,,,False,26.336309523809522,1265.4,62.69642857142857,11
2026-06-03,MANDI002,Mustard,29025.0,106.0,,,,,False,26.336309523809522,1265.4,62.69642857142857,11
2026-06-03,MANDI007,Mustard,0.0,0.0,,,,,False,26.336309523809522,1265.4,62.69642857142857,11
2026-06-03,MANDI013,Wheat,0.0,61.0,,,,,False,26.336309523809522,1265.4,62.69642857142857,11
2026-06-03,MANDI013,Wheat,1156.0,22.0,,,,,False,26.336309523809522,1265.4,62.69642857142857,11
2026-06-03,MANDI023,Sugarcane,45057.0,0.0,,,3502.94,3500.0,True,26.336309523809522,1265.4,62.69642857142857,11
2026-06-03,MANDI048,Sugarcane,0.0,120.0,,,,,False,26.336309523809522,1265.4,62.69642857142857,11
2026-06-03,MANDI055,Cotton,0.0,56.0,,,,,False,26.336309523809522,1265.4,62.69642857142857,11
2026-06-03,MANDI009,Rice,5118.0,139.0,,,,,False,26.336309523809522,1265.4,62.69642857142857,11
2026-06-03,MANDI010,Sugarcane,3124.0,103.0,,,,,False,26.336309523809522,1265.4,62.69642857142857,11
2026-06-03,MANDI020,Mustard,0.0,36.0,,,,,False,26.336309523809522,1265.4,62.69642857142857,11
2026-06-03,MANDI021,Maize,17115.0,112.0,,,,,False,26.336309523809522,1265.4,62.69642857142857,11
2026-06-03,MANDI022,Maize,18204.0,62.0,,,,,False,26.336309523809522,1265.4,62.69642857142857,11
2026-06-03,MANDI027,Sugarcane,43093.0,42.0,,,,,False,26.336309523809522,1265.4,62.69642857142857,11
2026-06-03,MANDI028,Mustard,9987.0,0.0,,,,,False,26.336309523809522,1265.4,62.69642857142857,11
2026-06-03,MANDI042,Maize,41385.0,93.0,,,,,False,26.336309523809522,1265.4,62.69642857142857,11
2026-06-03,MANDI043,Cotton,0.0,11.0,,,,,False,26.336309523809522,1265.4,62.69642857142857,11
2026-06-03,MANDI053,Cotton,44767.0,45.0,,,,,False,26.336309523809522,1265.4,62.69642857142857,11
2026-06-03,MANDI009,Mustard,69662.0,256.0,,,,,False,26.336309523809522,1265.4,62.69642857142857,11
2026-06-03,MANDI040,Mustard,6870.0,72.0,,,,,False,26.336309523809522,1265.4,62.69642857142857,11
2026-06-03,MANDI048,Mustard,0.0,15.0,,,,,False,26.336309523809522,1265.4,62.69642857142857,11
2026-06-03,MANDI048,Maize,47148.0,15.0,,,,,False,26.336309523809522,1265.4,62.69642857142857,11
2026-06-04,MANDI026,Mustard,38318.0,45.0,,,,,False,27.026303854875287,1071.268,65.81632653061224,5
2026-06-04,MANDI037,Cotton,24489.0,109.0,,,,,False,27.026303854875287,1071.268,65.81632653061224,5
2026-06-04,MANDI006,Sugarcane,0.0,0.0,,,,,False,27.026303854875287,1071.268,65.81632653061224,5
2026-06-04,MANDI028,Mustard,4063.0000000000005,105.0,,,,,False,27.026303854875287,1071.268,65.81632653061224,5
2026-06-04,MANDI048,Mustard,13797.0,52.0,,,,,False,27.026303854875287,1071.268,65.81632653061224,5
2026-06-04,MANDI009,Rice,9487.0,51.0,,,,,False,27.026303854875287,1071.268,65.81632653061224,5
2026-06-04,MANDI026,Wheat,44841.0,128.0,,,,,False,27.026303854875287,1071.268,65.81632653061224,5
2026-06-04,MANDI027,Rice,0.0,135.0,,,,,False,27.026303854875287,1071.268,65.81632653061224,5
2026-06-04,MANDI039,Wheat,34040.0,146.0,,,,,False,27.026303854875287,1071.268,65.81632653061224,5
2026-06-04,MANDI040,Cotton,38012.0,42.0,,,,,False,27.026303854875287,1071.268,65.81632653061224,5
2026-06-04,MANDI049,Wheat,3981.0,138.0,,,,,False,27.026303854875287,1071.268,65.81632653061224,5
2026-06-04,MANDI056,Mustard,0.0,39.0,,,,,False,27.026303854875287,1071.268,65.81632653061224,5
2026-06-04,MANDI007,Rice,82034.0,0.0,,,,,False,27.026303854875287,1071.268,65.81632653061224,5
2026-06-04,MANDI049,Cotton,48354.0,0.0,6657.36,,,,False,27.026303854875287,1071.268,65.81632653061224,5
2026-06-04,MANDI051,Sugarcane,21872.0,36.0,,,,,False,27.026303854875287,1071.268,65.81632653061224,5
2026-06-05,MANDI039,Sugarcane,17125.0,69.0,,,,,False,26.437448559670784,1270.584,59.333333333333336,6
2026-06-05,MANDI041,Mustard,47855.0,105.0,,,,,False,26.437448559670784,1270.584,59.333333333333336,6
2026-06-05,MANDI044,Mustard,35761.0,127.0,,,,,False,26.437448559670784,1270.584,59.333333333333336,6
2026-06-05,MANDI001,Cotton,25748.0,30.0,,,,,False,26.437448559670784,1270.584,59.333333333333336,6
2026-06-05,MANDI007,Sugarcane,22041.0,104.0,,,,,False,26.437448559670784,1270.584,59.333333333333336,6
2026-06-05,MANDI019,Mustard,28565.0,94.0,,,,,False,26.437448559670784,1270.584,59.333333333333336,6
2026-06-05,MANDI025,Rice,13376.0,134.0,,,,,False,26.437448559670784,1270.584,59.333333333333336,6
2026-06-05,MANDI039,Mustard,19787.0,41.0,,,,,False,26.437448559670784,1270.584,59.333333333333336,6
2026-06-05,MANDI040,Mustard,8978.0,274.0,,,,,False,26.437448559670784,1270.584,59.333333333333336,6
2026-06-05,MANDI047,Rice,30377.0,67.0,,,,,False,26.437448559670784,1270.584,59.333333333333336,6
2026-06-05,MANDI042,Wheat,65753.99999999999,130.0,,,,,False,26.437448559670784,1270.584,59.333333333333336,6
2026-06-05,MANDI045,Cotton,17679.0,130.0,,,,,False,26.437448559670784,1270.584,59.333333333333336,6
2026-06-05,MANDI051,Sugarcane,8131.0,0.0,,,,,False,26.437448559670784,1270.584,59.333333333333336,6
2026-06-05,MANDI054,Maize,33639.0,61.0,,,,,False,26.437448559670784,1270.584,59.333333333333336,6
2026-06-06,MANDI027,Maize,0.0,146.0,,,,,False,27.901999999999997,997.032,62.12,6
2026-06-06,MANDI001,Mustard,30280.0,15.0,,,,,False,27.901999999999997,997.032,62.12,6
2026-06-06,MANDI005,Rice,15232.0,97.0,,,,,False,27.901999999999997,997.032,62.12,6
2026-06-06,MANDI014,Mustard,19042.0,49.0,,,,,False,27.901999999999997,997.032,62.12,6
2026-06-06,MANDI012,Sugarcane,19702.0,147.0,,,,,False,27.901999999999997,997.032,62.12,6
2026-06-06,MANDI031,Cotton,5037.0,19.0,,7299.681617803965,,,False,27.901999999999997,997.032,62.12,6
2026-06-06,MANDI036,Mustard,0.0,58.0,,,,,False,27.901999999999997,997.032,62.12,6
2026-06-06,MANDI037,Mustard,40220.0,140.0,,,,,False,27.901999999999997,997.032,62.12,6
2026-06-06,MANDI041,Makki,0.0,34.0,,,,,False,27.901999999999997,997.032,62.12,6
2026-06-06,MANDI041,Sugarcane,27459.0,0.0,3213.421343278388,3859.46,,3500.0,False,27.901999999999997,997.032,62.12,6
2026-06-06,MANDI053,Cotton,19350.0,56.0,,,,,False,27.901999999999997,997.032,62.12,6
2026-06-06,MANDI055,Mustard,43270.0,38.0,,,,,False,27.901999999999997,997.032,62.12,6
2026-06-06,MANDI012,Sugarcane,19498.0,117.0,,,,,False,27.901999999999997,997.032,62.12,6
2026-06-06,MANDI018,Wheat,25548.0,44.0,,,,,False,27.901999999999997,997.032,62.12,6
2026-06-06,MANDI035,Mustard,48788.0,45.0,,,,,False,27.901999999999997,997.032,62.12,6
2026-06-06,MANDI041,Sugarcane,22767.0,134.0,3213.421343278388,3859.46,,3500.0,False,27.901999999999997,997.032,62.12,6
2026-06-06,MANDI045,Rice,0.0,92.0,,,,,False,27.901999999999997,997.032,62.12,6
2026-06-07,MANDI003,Mustard,49498.00000000001,36.0,,,,,False,26.80021786492375,961.456,61.84313725490196,6
2026-06-07,MANDI001,Sugarcane,0.0,140.0,,,,,False,26.80021786492375,961.456,61.84313725490196,6
2026-06-07,MANDI010,Mustard,0.0,47.0,,,,,False,26.80021786492375,961.456,61.84313725490196,6
2026-06-07,MANDI028,Mustard,12436.0,88.0,,,,,False,26.80021786492375,961.456,61.84313725490196,6
2026-06-07,MANDI042,Sugarcane,12563.0,83.0,,,,,False,26.80021786492375,961.456,61.84313725490196,6
2026-06-07,MANDI001,Sugarcane,6662.999999999999,34.0,,,,,False,26.80021786492375,961.456,61.84313725490196,6
2026-06-07,MANDI005,Cotton,28229.000000000004,107.0,,,,,False,26.80021786492375,961.456,61.84313725490196,6
2026-06-07,MANDI020,Rice,0.0,63.0,,,,,False,26.80021786492375,961.456,61.84313725490196,6
2026-06-07,MANDI023,Cotton,21991.0,117.0,,,,,False,26.80021786492375,961.456,61.84313725490196,6
2026-06-07,MANDI026,Rice,12447.0,125.0,,,,,False,26.80021786492375,961.456,61.84313725490196,6
2026-06-07,MANDI027,Rice,39153.0,80.0,,,,,False,26.80021786492375,961.456,61.84313725490196,6
2026-06-07,MANDI039,Mustard,0.0,0.0,,,,,False,26.80021786492375,961.456,61.84313725490196,6
2026-06-07,MANDI045,Mustard,42799.0,59.0,,,,,False,26.80021786492375,961.456,61.84313725490196,6
2026-06-07,MANDI057,Rice,1475.0,45.0,,,,,False,26.80021786492375,961.456,61.84313725490196,6
2026-06-07,MANDI008,Maize,11126.0,93.0,,,,,False,26.80021786492375,961.456,61.84313725490196,6
2026-06-07,MANDI049,Sugarcane,0.0,164.0,,,,,False,26.80021786492375,961.456,61.84313725490196,6
2026-06-07,MANDI032,Mustard,12468.0,76.0,,,,,False,26.80021786492375,961.456,61.84313725490196,6
2026-06-08,MANDI014,Cotton,0.0,104.0,,,,,False,26.897892720306512,903.508,62.60344827586207,10
2026-06-08,MANDI015,Wheat,24742.0,40.0,,,2572.56,2275.0,True,26.897892720306512,903.508,62.60344827586207,10
2026-06-08,MANDI015,Wheat,24742.0,40.0,,2690.11,,,False,26.897892720306512,903.508,62.60344827586207,10
2026-06-08,MANDI057,Rice,43076.0,102.0,,,,,False,26.897892720306512,903.508,62.60344827586207,10
2026-06-08,MANDI001,Maize,17284.0,116.0,,,,,False,26.897892720306512,903.508,62.60344827586207,10
2026-06-08,MANDI004,Rice,40932.0,112.0,,,,,False,26.897892720306512,903.508,62.60344827586207,10
2026-06-08,MANDI004,Wheat,9240.0,112.0,,,,,False,26.897892720306512,903.508,62.60344827586207,10
2026-06-08,MANDI007,Wheat,38461.0,106.0,,,,,False,26.897892720306512,903.508,62.60344827586207,10
2026-06-08,MANDI008,Wheat,7763.0,110.0,,,,,False,26.897892720306512,903.508,62.60344827586207,10
2026-06-08,MANDI009,Maize,27041.000000000004,83.0,,,,,False,26.897892720306512,903.508,62.60344827586207,10
2026-06-08,MANDI017,Maize,0.0,23.0,1875.54,,,2090.0,False,26.897892720306512,903.508,62.60344827586207,10
2026-06-08,MANDI024,Maize,7484.999999999999,0.0,,,,,False,26.897892720306512,903.508,62.60344827586207,10
2026-06-08,MANDI027,Rice,0.0,39.0,,,,,False,26.897892720306512,903.508,62.60344827586207,10
2026-06-08,MANDI033,Maize,20094.0,17.0,,,,,False,26.897892720306512,903.508,62.60344827586207,10
2026-06-08,MANDI034,Rice,37082.0,133.0,,,,,False,26.897892720306512,903.508,62.60344827586207,10
2026-06-08,MANDI037,Wheat,4150.0,134.0,,,,,False,26.897892720306512,903.508,62.60344827586207,10
2026-06-08,MANDI039,Mustard,42573.0,43.0,,,,,False,26.897892720306512,903.508,62.60344827586207,10
2026-06-08,MANDI049,Mustard,0.0,114.0,,,,,False,26.897892720306512,903.508,62.60344827586207,10
2026-06-08,MANDI051,Wheat,0.0,53.0,,,,,False,26.897892720306512,903.508,62.60344827586207,10
2026-06-08,MANDI052,Cotton,0.0,13.0,,,7117.23,,True,26.897892720306512,903.508,62.60344827586207,10
2026-06-08,MANDI053,Rice,21883.0,96.0,,,,,False,26.897892720306512,903.508,62.60344827586207,10
2026-06-08,MANDI021,Maize,16302.000000000002,0.0,,,,,False,26.897892720306512,903.508,62.60344827586207,10
2026-06-08,MANDI048,Wheat,24619.0,70.0,,,,,False,26.897892720306512,903.508,62.60344827586207,10
2026-06-08,MANDI056,Sugarcane,47088.0,0.0,3467.18,,,,False,26.897892720306512,903.508,62.60344827586207,10
2026-06-08,MANDI011,Wheat,37240.0,36.0,,,,,False,26.897892720306512,903.508,62.60344827586207,10
2026-06-09,MANDI003,Maize,29614.0,126.0,,,,,False,27.403086419753087,943.364,63.092592592592595,5
2026-06-09,MANDI041,Maize,44302.0,94.0,,,,,False,27.403086419753087,943.364,63.092592592592595,5
2026-06-09,MANDI053,Maize,29470.0,0.0,,,,,False,27.403086419753087,943.364,63.092592592592595,5
2026-06-09,MANDI053,Wheat,8430.0,109.0,,,,,False,27.403086419753087,943.364,63.092592592592595,5
2026-06-09,MANDI005,Sugarcane,0.0,88.0,,,,,False,27.403086419753087,943.364,63.092592592592595,5
2026-06-09,MANDI006,Cotton,18108.0,0.0,,6813.35,,,False,27.403086419753087,943.364,63.092592592592595,5
2026-06-09,MANDI013,Sugarcane,46169.0,0.0,,,,,False,27.403086419753087,943.364,63.092592592592595,5
2026-06-09,MANDI017,Basmati,28909.0,128.0,,,,,False,27.403086419753087,943.364,63.092592592592595,5
2026-06-09,MANDI018,Maize,0.0,20.0,,,,,False,27.403086419753087,943.364,63.092592592592595,5
2026-06-09,MANDI026,Maize,10810.0,0.0,,,,,False,27.403086419753087,943.364,63.092592592592595,5
2026-06-09,MANDI027,Cotton,26810.000000000004,232.0,,,,,False,27.403086419753087,943.364,63.092592592592595,5
2026-06-09,MANDI038,Maize,11841.0,8.0,,,,,False,27.403086419753087,943.364,63.092592592592595,5
2026-06-09,MANDI053,Cotton,0.0,116.0,,,,,False,27.403086419753087,943.364,63.092592592592595,5
2026-06-09,MANDI038,Sugarcane,7312.0,243.0,,,,,False,27.403086419753087,943.364,63.092592592592595,5
2026-06-09,MANDI019,Cotton,41344.0,146.0,,,,,False,27.403086419753087,943.364,63.092592592592595,5
2026-06-09,MANDI036,Mustard,13649.0,117.0,,5552.12,,,False,27.403086419753087,943.364,63.092592592592595,5
2026-06-10,MANDI005,Wheat,0.0,9.0,,,,,False,26.551358024691357,731.276,63.86666666666667,9
2026-06-10,MANDI026,Rice,31353.0,0.0,,,,,False,26.551358024691357,731.276,63.86666666666667,9
2026-06-10,MANDI026,Wheat,0.0,106.0,,,,,False,26.551358024691357,731.276,63.86666666666667,9
2026-06-10,MANDI002,Sugarcane,7950.0,80.0,,,,,False,26.551358024691357,731.276,63.86666666666667,9
2026-06-10,MANDI009,Wheat,0.0,88.0,,,,,False,26.551358024691357,731.276,63.86666666666667,9
2026-06-10,MANDI013,Sugarcane,37871.0,53.0,,,,,False,26.551358024691357,731.276,63.86666666666667,9
2026-06-10,MANDI033,Mustard,19925.0,71.0,,,,,False,26.551358024691357,731.276,63.86666666666667,9
2026-06-10,MANDI049,Cotton,0.0,63.0,,,,,False,26.551358024691357,731.276,63.86666666666667,9
2026-06-10,MANDI053,Mustard,12355.0,28.0,,,,,False,26.551358024691357,731.276,63.86666666666667,9
2026-06-10,MANDI055,Rice,46120.0,28.0,,,,,False,26.551358024691357,731.276,63.86666666666667,9
2026-06-10,MANDI054,Rice,0.0,0.0,,,,,False,26.551358024691357,731.276,63.86666666666667,9
2026-06-10,MANDI056,Rice,0.0,0.0,,,,,False,26.551358024691357,731.276,63.86666666666667,9
2026-06-11,MANDI008,Wheat,22197.0,39.0,,,,,False,27.640305010893247,824.412,62.254901960784316,10
2026-06-11,MANDI034,Cotton,2347.0,103.0,,,,,False,27.640305010893247,824.412,62.254901960784316,10
2026-06-11,MANDI039,Mustard,15585.0,59.0,,,,,False,27.640305010893247,824.412,62.254901960784316,10
2026-06-11,MANDI048,Wheat,85972.0,0.0,,,,,False,27.640305010893247,824.412,62.254901960784316,10
2026-06-11,MANDI010,Cotton,16756.0,0.0,,,,,False,27.640305010893247,824.412,62.254901960784316,10
2026-06-11,MANDI019,Wheat,45403.0,40.0,,,2251.14,2275.0,True,27.640305010893247,824.412,62.254901960784316,10
2026-06-11,MANDI034,Cotton,0.0,89.0,,,,,False,27.640305010893247,824.412,62.254901960784316,10
2026-06-11,MANDI006,Maize,9004.000000000002,44.0,,,,,False,27.640305010893247,824.412,62.254901960784316,10
2026-06-11,MANDI025,Sugarcane,0.0,34.0,,,,,False,27.640305010893247,824.412,62.254901960784316,10
2026-06-11,MANDI031,Rice,45730.0,0.0,,,,,False,27.640305010893247,824.412,62.254901960784316,10
2026-06-11,MANDI039,Maize,3572.0,66.0,,,,,False,27.640305010893247,824.412,62.254901960784316,10
2026-06-11,MANDI046,Mustard,0.0,0.0,,,,,False,27.640305010893247,824.412,62.254901960784316,10
2026-06-11,MANDI055,Rice,0.0,140.0,,,,,False,27.640305010893247,824.412,62.254901960784316,10
2026-06-11,MANDI036,Cotton,34926.0,0.0,,,,,False,27.640305010893247,824.412,62.254901960784316,10
2026-06-11,MANDI038,Wheat,14701.0,10.0,,,,,False,27.640305010893247,824.412,62.254901960784316,10
2026-06-11,MANDI043,Rice,29036.0,120.0,,,,,False,27.640305010893247,824.412,62.254901960784316,10
2026-06-11,MANDI047,Basmati,7897.0,133.0,,,,,False,27.640305010893247,824.412,62.254901960784316,10
2026-06-11,MANDI039,Wheat,0.0,69.0,,,,,False,27.640305010893247,824.412,62.254901960784316,10
2026-06-12,MANDI004,Mustard,20158.0,86.0,,,,,False,26.961635220125785,1077.726,59.679245283018865,4
2026-06-12,MANDI028,Basmati,0.0,83.0,,,,,False,26.961635220125785,1077.726,59.679245283018865,4
2026-06-12,MANDI057,Mustard,0.0,138.0,,7243.396486713769,,,False,26.961635220125785,1077.726,59.679245283018865,4
2026-06-12,MANDI013,Mustard,0.0,47.0,5353.32,,,5650.0,False,26.961635220125785,1077.726,59.679245283018865,4
2026-06-12,MANDI030,Wheat,0.0,28.0,,,,,False,26.961635220125785,1077.726,59.679245283018865,4
2026-06-12,MANDI032,Sugarcane,0.0,0.0,,,,,False,26.961635220125785,1077.726,59.679245283018865,4
2026-06-12,MANDI041,Mustard,23548.0,142.0,,,,,False,26.961635220125785,1077.726,59.679245283018865,4
2026-06-13,MANDI030,Sugarcane,0.0,93.0,,,,,False,27.194771241830068,1130.43,63.90196078431372,6
2026-06-13,MANDI039,Cotton,0.0,72.0,,,,,False,27.194771241830068,1130.43,63.90196078431372,6
2026-06-13,MANDI045,Mustard,0.0,83.0,,,,,False,27.194771241830068,1130.43,63.90196078431372,6
2026-06-13,MANDI019,Wheat,9935.0,71.0,,,,,False,27.194771241830068,1130.43,63.90196078431372,6
2026-06-13,MANDI024,Makki,25158.0,62.0,,,,,False,27.194771241830068,1130.43,63.90196078431372,6
2026-06-13,MANDI033,Mustard,44983.0,64.0,,,,,False,27.194771241830068,1130.43,63.90196078431372,6
2026-06-13,MANDI001,Wheat,43707.0,34.0,,,,,False,27.194771241830068,1130.43,63.90196078431372,6
2026-06-13,MANDI021,Cotton,21447.0,0.0,,,,,False,27.194771241830068,1130.43,63.90196078431372,6
2026-06-13,MANDI027,Cotton,34679.0,31.0,,,,,False,27.194771241830068,1130.43,63.90196078431372,6
2026-06-13,MANDI015,Cotton,47676.0,0.0,,,,,False,27.194771241830068,1130.43,63.90196078431372,6
2026-06-13,MANDI021,Makki,19212.0,23.0,,,,,False,27.194771241830068,1130.43,63.90196078431372,6
2026-06-13,MANDI025,Wheat,0.0,90.0,,,,,False,27.194771241830068,1130.43,63.90196078431372,6
2026-06-13,MANDI032,Sugarcane,0.0,23.0,,,,,False,27.194771241830068,1130.43,63.90196078431372,6
2026-06-14,MANDI005,Wheat,0.0,95.0,,,,,False,26.751224105461397,1197.18,60.86440677966102,9
2026-06-14,MANDI012,Cotton,0.0,0.0,,,,,False,26.751224105461397,1197.18,60.86440677966102,9
2026-06-14,MANDI020,Maize,21372.0,69.0,,,,,False,26.751224105461397,1197.18,60.86440677966102,9
2026-06-14,MANDI011,Sugarcane,30810.000000000004,55.0,,,,,False,26.751224105461397,1197.18,60.86440677966102,9
2026-06-14,MANDI019,Makki,23477.0,25.0,,,,,False,26.751224105461397,1197.18,60.86440677966102,9
2026-06-14,MANDI012,Rice,33052.0,44.0,,,,,False,26.751224105461397,1197.18,60.86440677966102,9
2026-06-14,MANDI012,Wheat,0.0,119.0,,,,,False,26.751224105461397,1197.18,60.86440677966102,9
2026-06-14,MANDI016,Wheat,0.0,80.0,,,,,False,26.751224105461397,1197.18,60.86440677966102,9
2026-06-14,MANDI019,Sugarcane,21717.0,63.0,,,,,False,26.751224105461397,1197.18,60.86440677966102,9
2026-06-14,MANDI037,Rice,0.0,72.0,,,,,False,26.751224105461397,1197.18,60.86440677966102,9
2026-06-14,MANDI051,Maize,48683.0,148.0,,,,,False,26.751224105461397,1197.18,60.86440677966102,9
2026-06-14,MANDI041,Sugarcane,31457.0,68.0,,,,,False,26.751224105461397,1197.18,60.86440677966102,9
2026-06-14,MANDI044,Maize,10061.0,40.0,,,,,False,26.751224105461397,1197.18,60.86440677966102,9
2026-06-14,MANDI054,Sugarcane,19973.0,17.0,,,,,False,26.751224105461397,1197.18,60.86440677966102,9
2026-06-14,MANDI028,Maize,0.0,123.0,,,,,False,26.751224105461397,1197.18,60.86440677966102,9
2026-06-14,MANDI041,Rice,18002.0,0.0,,,,,False,26.751224105461397,1197.18,60.86440677966102,9
2026-06-15,MANDI008,Wheat,0.0,137.0,1968.78,,,,False,27.93392857142857,916.156,62.607142857142854,10
2026-06-15,MANDI047,Sugarcane,17390.0,44.0,,,,,False,27.93392857142857,916.156,62.607142857142854,10
2026-06-15,MANDI029,Wheat,36187.0,0.0,,2343.88,,,False,27.93392857142857,916.156,62.607142857142854,10
2026-06-15,MANDI033,Wheat,0.0,44.0,,,,,False,27.93392857142857,916.156,62.607142857142854,10
2026-06-15,MANDI056,Rice,12367.0,150.0,,,,,False,27.93392857142857,916.156,62.607142857142854,10
2026-06-15,MANDI008,Mustard,0.0,86.0,5174.951820475355,,,,False,27.93392857142857,916.156,62.607142857142854,10
2026-06-15,MANDI024,Rice,31112.0,53.0,,,,,False,27.93392857142857,916.156,62.607142857142854,10
2026-06-15,MANDI045,Mustard,38082.0,119.0,,,,,False,27.93392857142857,916.156,62.607142857142854,10
2026-06-15,MANDI002,Sugarcane,7953.0,39.0,,,,,False,27.93392857142857,916.156,62.607142857142854,10
2026-06-15,MANDI003,Mustard,12242.0,115.0,,,,,False,27.93392857142857,916.156,62.607142857142854,10
2026-06-15,MANDI017,Maize,0.0,59.0,,,,,False,27.93392857142857,916.156,62.607142857142854,10
2026-06-15,MANDI023,Cotton,6854.000000000001,33.0,,6045.48,,,False,27.93392857142857,916.156,62.607142857142854,10
2026-06-15,MANDI033,Rice,20630.000000000004,51.0,2137.78,,,,False,27.93392857142857,916.156,62.607142857142854,10
2026-06-15,MANDI044,Rice,0.0,11.0,,,,,False,27.93392857142857,916.156,62.607142857142854,10
2026-06-15,MANDI048,Wheat,38923.0,128.0,,,,,False,27.93392857142857,916.156,62.607142857142854,10
2026-06-15,MANDI050,Rice,49250.0,55.0,,,,,False,27.93392857142857,916.156,62.607142857142854,10
2026-06-15,MANDI056,Wheat,47288.0,18.0,2128.71,,,2275.0,False,27.93392857142857,916.156,62.607142857142854,10
2026-06-15,MANDI021,Rice,29210.000000000004,133.0,,,,,False,27.93392857142857,916.156,62.607142857142854,10
2026-06-16,MANDI021,Cotton,7561.0,67.0,,,,,False,28.533333333333335,821.948,55.72727272727273,8
2026-06-16,MANDI017,Cotton,38904.0,22.0,,,,,False,28.533333333333335,821.948,55.72727272727273,8
2026-06-16,MANDI026,Wheat,18540.0,138.0,,,,,False,28.533333333333335,821.948,55.72727272727273,8
2026-06-16,MANDI048,Rice,13071.0,70.0,,,,,False,28.533333333333335,821.948,55.72727272727273,8
2026-06-16,MANDI011,Cotton,0.0,50.0,,,,,False,28.533333333333335,821.948,55.72727272727273,8
2026-06-16,MANDI018,Maize,37679.0,129.0,,,,,False,28.533333333333335,821.948,55.72727272727273,8
2026-06-16,MANDI020,Cotton,17078.0,73.0,,,7076.5,,True,28.533333333333335,821.948,55.72727272727273,8
2026-06-16,MANDI051,Maize,2814.0,28.0,,,,,False,28.533333333333335,821.948,55.72727272727273,8
2026-06-16,MANDI057,Maize,28628.0,0.0,,,,,False,28.533333333333335,821.948,55.72727272727273,8
2026-06-16,MANDI020,Sugarcane,0.0,101.0,,,,,False,28.533333333333335,821.948,55.72727272727273,8
2026-06-16,MANDI055,Maize,2910.0,82.0,,,,,False,28.533333333333335,821.948,55.72727272727273,8
2026-06-16,MANDI021,Maize,0.0,55.0,,,,,False,28.533333333333335,821.948,55.72727272727273,8
2026-06-16,MANDI026,Mustard,48826.0,21.0,,6397.1263275128285,5765.159883447208,5650.0,True,28.533333333333335,821.948,55.72727272727273,8
2026-06-16,MANDI033,Wheat,0.0,40.0,,,,,False,28.533333333333335,821.948,55.72727272727273,8
2026-06-17,MANDI032,Rice,0.0,90.0,,,,,False,27.375555555555557,800.996,60.888888888888886,8
2026-06-17,MANDI037,Cotton,35926.0,123.0,,,,,False,27.375555555555557,800.996,60.888888888888886,8
2026-06-17,MANDI043,Rice,21149.0,33.0,,,,,False,27.375555555555557,800.996,60.888888888888886,8
2026-06-17,MANDI008,Mustard,48112.0,108.0,,,,,False,27.375555555555557,800.996,60.888888888888886,8
2026-06-17,MANDI019,Cotton,0.0,115.0,,,,,False,27.375555555555557,800.996,60.888888888888886,8
2026-06-17,MANDI022,Sugarcane,18617.0,78.0,,,,,False,27.375555555555557,800.996,60.888888888888886,8
2026-06-17,MANDI025,Sugarcane,32759.0,101.0,,,,,False,27.375555555555557,800.996,60.888888888888886,8
2026-06-17,MANDI028,Rice,37639.0,108.0,,,,,False,27.375555555555557,800.996,60.888888888888886,8
2026-06-17,MANDI030,Rice,41431.0,85.0,,,,,False,27.375555555555557,800.996,60.888888888888886,8
2026-06-17,MANDI031,Cotton,40791.0,99.0,,,,,False,27.375555555555557,800.996,60.888888888888886,8
2026-06-17,MANDI053,Mustard,46593.0,150.0,,,,,False,27.375555555555557,800.996,60.888888888888886,8
2026-06-17,MANDI054,Rice,24597.0,40.0,,,,,False,27.375555555555557,800.996,60.888888888888886,8
2026-06-17,MANDI055,Cotton,20295.0,16.0,,,,,False,27.375555555555557,800.996,60.888888888888886,8
2026-06-17,MANDI008,Maize,40596.0,138.0,,,,,False,27.375555555555557,800.996,60.888888888888886,8
2026-06-17,MANDI012,Rice,24580.0,89.0,,,,,False,27.375555555555557,800.996,60.888888888888886,8
2026-06-17,MANDI053,Makki,7197.0,83.0,,,,,False,27.375555555555557,800.996,60.888888888888886,8
2026-06-17,MANDI054,Maize,34544.0,97.0,,,,,False,27.375555555555557,800.996,60.888888888888886,8
2026-06-17,MANDI023,Wheat,3687.0,117.0,,,,,False,27.375555555555557,800.996,60.888888888888886,8
2026-06-17,MANDI025,Wheat,25309.0,86.0,2012.49,,,,False,27.375555555555557,800.996,60.888888888888886,8
2026-06-17,MANDI044,Maize,33868.0,0.0,,,,,False,27.375555555555557,800.996,60.888888888888886,8
2026-06-18,MANDI009,Rice,0.0,48.0,,,,,False,25.912345679012347,1378.318,63.74603174603175,11
2026-06-18,MANDI011,Cotton,45851.0,135.0,,,,,False,25.912345679012347,1378.318,63.74603174603175,11
2026-06-18,MANDI003,Rice,0.0,63.0,,,,,False,25.912345679012347,1378.318,63.74603174603175,11
2026-06-18,MANDI019,Mustard,40214.0,109.0,,,,,False,25.912345679012347,1378.318,63.74603174603175,11
2026-06-18,MANDI048,Sugarcane,16354.0,137.0,,,,,False,25.912345679012347,1378.318,63.74603174603175,11
2026-06-18,MANDI029,Wheat,47639.0,9.0,,,,,False,25.912345679012347,1378.318,63.74603174603175,11
2026-06-18,MANDI053,Wheat,14896.0,76.0,,,,,False,25.912345679012347,1378.318,63.74603174603175,11
2026-06-18,MANDI005,Sugarcane,0.0,88.0,,,,,False,25.912345679012347,1378.318,63.74603174603175,11
2026-06-18,MANDI011,Sugarcane,9333.0,136.0,,,,,False,25.912345679012347,1378.318,63.74603174603175,11
2026-06-18,MANDI011,Wheat,29620.0,118.0,,,,,False,25.912345679012347,1378.318,63.74603174603175,11
2026-06-18,MANDI019,Basmati,15404.0,0.0,,,,,False,25.912345679012347,1378.318,63.74603174603175,11
2026-06-18,MANDI020,Sugarcane,38823.0,46.0,,,,,False,25.912345679012347,1378.318,63.74603174603175,11
2026-06-18,MANDI051,Basmati,9927.0,0.0,,,,,False,25.912345679012347,1378.318,63.74603174603175,11
2026-06-18,MANDI056,Mustard,36581.0,25.0,,,,,False,25.912345679012347,1378.318,63.74603174603175,11
2026-06-18,MANDI012,Sugarcane,18083.0,64.0,,,,,False,25.912345679012347,1378.318,63.74603174603175,11
2026-06-18,MANDI004,Rice,24437.0,103.0,,,,,False,25.912345679012347,1378.318,63.74603174603175,11
2026-06-18,MANDI008,Sugarcane,6021.0,140.0,,,,,False,25.912345679012347,1378.318,63.74603174603175,11
2026-06-19,MANDI031,Mustard,32818.0,81.0,,,,,False,26.48834244080146,1104.718,63.22950819672131,8
2026-06-19,MANDI050,Maize,6441.0,0.0,,,,,False,26.48834244080146,1104.718,63.22950819672131,8
2026-06-19,MANDI056,Wheat,30666.000000000004,130.0,,,,,False,26.48834244080146,1104.718,63.22950819672131,8
2026-06-19,MANDI018,Maize,46716.0,44.0,,,,,False,26.48834244080146,1104.718,63.22950819672131,8
2026-06-19,MANDI022,Sugarcane,13163.999999999998,61.0,,,,,False,26.48834244080146,1104.718,63.22950819672131,8
2026-06-19,MANDI028,Sugarcane,0.0,9.0,,,,,False,26.48834244080146,1104.718,63.22950819672131,8
2026-06-19,MANDI020,Mustard,0.0,71.0,5019.76,,,,False,26.48834244080146,1104.718,63.22950819672131,8
2026-06-19,MANDI025,Rice,15978.0,23.0,,2448.93,,,False,26.48834244080146,1104.718,63.22950819672131,8
2026-06-19,MANDI025,Rice,15978.0,23.0,,,2153.93,,True,26.48834244080146,1104.718,63.22950819672131,8
2026-06-19,MANDI028,Wheat,18288.0,117.0,2165.17,,,,False,26.48834244080146,1104.718,63.22950819672131,8
2026-06-19,MANDI056,Maize,32851.0,0.0,,,,,False,26.48834244080146,1104.718,63.22950819672131,8
2026-06-19,MANDI007,Rice,28508.0,49.0,,,,,False,26.48834244080146,1104.718,63.22950819672131,8
2026-06-19,MANDI042,Rice,22342.0,112.0,,,,,False,26.48834244080146,1104.718,63.22950819672131,8
2026-06-19,MANDI015,Makki,0.0,0.0,,,,,False,26.48834244080146,1104.718,63.22950819672131,8
2026-06-20,MANDI037,Rice,19466.0,46.0,,,,,False,27.287804878048778,658.962,59.09756097560975,8
2026-06-20,MANDI020,Sugarcane,0.0,91.0,,,,,False,27.287804878048778,658.962,59.09756097560975,8
2026-06-20,MANDI052,Sugarcane,25007.0,85.0,,,,,False,27.287804878048778,658.962,59.09756097560975,8
2026-06-20,MANDI052,Wheat,39018.0,104.0,,,,,False,27.287804878048778,658.962,59.09756097560975,8
2026-06-20,MANDI010,Sugarcane,27482.0,0.0,,,,,False,27.287804878048778,658.962,59.09756097560975,8
2026-06-20,MANDI021,Sugarcane,49051.0,95.0,,,,,False,27.287804878048778,658.962,59.09756097560975,8
2026-06-20,MANDI022,Rice,32983.0,111.0,2116.54,,2198.27,2183.0,True,27.287804878048778,658.962,59.09756097560975,8
2026-06-20,MANDI051,Sugarcane,8505.0,5.0,,,,,False,27.287804878048778,658.962,59.09756097560975,8
2026-06-20,MANDI009,Wheat,21780.0,96.0,,,,,False,27.287804878048778,658.962,59.09756097560975,8
2026-06-20,MANDI012,Maize,46353.0,137.0,,,,,False,27.287804878048778,658.962,59.09756097560975,8
2026-06-20,MANDI016,Mustard,5296.0,0.0,,,,,False,27.287804878048778,658.962,59.09756097560975,8
2026-06-20,MANDI029,Mustard,1246.0,126.0,,,,,False,27.287804878048778,658.962,59.09756097560975,8
2026-06-20,MANDI040,Cotton,31635.000000000004,56.0,,,,,False,27.287804878048778,658.962,59.09756097560975,8
2026-06-20,MANDI012,Cotton,42617.0,77.0,,,,,False,27.287804878048778,658.962,59.09756097560975,8
2026-06-21,MANDI011,Wheat,30727.0,82.0,,,,,False,26.828104575163398,1025.022,59.294117647058826,5
2026-06-21,MANDI042,Mustard,0.0,74.0,,,,,False,26.828104575163398,1025.022,59.294117647058826,5
2026-06-21,MANDI043,Maize,19680.0,58.0,,,,,False,26.828104575163398,1025.022,59.294117647058826,5
2026-06-21,MANDI028,Cotton,0.0,133.0,,,,,False,26.828104575163398,1025.022,59.294117647058826,5
2026-06-21,MANDI021,Rice,26516.000000000004,126.0,,,,,False,26.828104575163398,1025.022,59.294117647058826,5
2026-06-21,MANDI024,Cotton,23488.0,113.0,6798.76,,,,False,26.828104575163398,1025.022,59.294117647058826,5
2026-06-21,MANDI027,Sugarcane,9661.0,52.0,,,,,False,26.828104575163398,1025.022,59.294117647058826,5
2026-06-21,MANDI033,Wheat,3509.0000000000005,0.0,,,,,False,26.828104575163398,1025.022,59.294117647058826,5
2026-06-21,MANDI034,Mustard,11634.0,0.0,,,,,False,26.828104575163398,1025.022,59.294117647058826,5
2026-06-21,MANDI044,Sugarcane,0.0,103.0,,,,,False,26.828104575163398,1025.022,59.294117647058826,5
2026-06-21,MANDI033,Mustard,31117.0,107.0,,,,,False,26.828104575163398,1025.022,59.294117647058826,5
2026-06-22,MANDI001,Rice,24772.0,49.0,,,,,False,25.68105646630237,980.684,65.22950819672131,13
2026-06-22,MANDI007,Rice,22920.0,42.0,,,,,False,25.68105646630237,980.684,65.22950819672131,13
2026-06-22,MANDI025,Sugarcane,0.0,23.0,,,,,False,25.68105646630237,980.684,65.22950819672131,13
2026-06-22,MANDI044,Rice,11462.0,0.0,,,,,False,25.68105646630237,980.684,65.22950819672131,13
2026-06-22,MANDI003,Mustard,21780.0,23.0,5209.51,,,,False,25.68105646630237,980.684,65.22950819672131,13
2026-06-22,MANDI005,Wheat,33550.0,131.0,,,,,False,25.68105646630237,980.684,65.22950819672131,13
2026-06-22,MANDI019,Sugarcane,26783.0,20.0,,,,,False,25.68105646630237,980.684,65.22950819672131,13
2026-06-22,MANDI027,Makki,11402.0,127.0,,,,,False,25.68105646630237,980.684,65.22950819672131,13
2026-06-22,MANDI028,Cotton,0.0,98.0,,,,,False,25.68105646630237,980.684,65.22950819672131,13
2026-06-22,MANDI044,Wheat,15535.0,149.0,,,,,False,25.68105646630237,980.684,65.22950819672131,13
2026-06-22,MANDI045,Cotton,34062.0,145.0,,,,,False,25.68105646630237,980.684,65.22950819672131,13
2026-06-22,MANDI050,Cotton,30260.000000000004,0.0,,,,,False,25.68105646630237,980.684,65.22950819672131,13
2026-06-22,MANDI004,Maize,38208.0,28.0,2028.14,,,2090.0,False,25.68105646630237,980.684,65.22950819672131,13
2026-06-22,MANDI026,Wheat,25036.0,36.0,,,,,False,25.68105646630237,980.684,65.22950819672131,13
2026-06-22,MANDI006,Maize,0.0,137.0,,,,,False,25.68105646630237,980.684,65.22950819672131,13
2026-06-22,MANDI023,Mustard,9563.0,114.0,4848.36,6043.75,,,False,25.68105646630237,980.684,65.22950819672131,13
2026-06-22,MANDI029,Mustard,40062.0,84.0,,,,,False,25.68105646630237,980.684,65.22950819672131,13
2026-06-23,MANDI001,Wheat,48749.0,59.0,,,,,False,28.611764705882354,815.062,61.64705882352941,7
2026-06-23,MANDI009,Rice,17933.0,0.0,,,,,False,28.611764705882354,815.062,61.64705882352941,7
2026-06-23,MANDI016,Rice,0.0,45.0,,,,,False,28.611764705882354,815.062,61.64705882352941,7
2026-06-23,MANDI005,Maize,0.0,85.0,,,,,False,28.611764705882354,815.062,61.64705882352941,7
2026-06-23,MANDI013,Mustard,21019.0,0.0,,,,,False,28.611764705882354,815.062,61.64705882352941,7
2026-06-23,MANDI016,Wheat,6927.0,138.0,,,,,False,28.611764705882354,815.062,61.64705882352941,7
2026-06-23,MANDI020,Wheat,0.0,20.0,,,,,False,28.611764705882354,815.062,61.64705882352941,7
2026-06-23,MANDI047,Mustard,10465.0,107.0,,,,,False,28.611764705882354,815.062,61.64705882352941,7
2026-06-23,MANDI047,Rice,10685.0,20.0,,,,,False,28.611764705882354,815.062,61.64705882352941,7
2026-06-23,MANDI051,Maize,39941.0,0.0,,,,,False,28.611764705882354,815.062,61.64705882352941,7
2026-06-23,MANDI029,Mustard,13353.0,114.0,,,,,False,28.611764705882354,815.062,61.64705882352941,7
2026-06-23,MANDI056,Cotton,37220.0,0.0,,,,,False,28.611764705882354,815.062,61.64705882352941,7
2026-06-23,MANDI007,Rice,0.0,58.0,,,,,False,28.611764705882354,815.062,61.64705882352941,7
2026-06-23,MANDI018,Wheat,0.0,0.0,,,,,False,28.611764705882354,815.062,61.64705882352941,7
2026-06-23,MANDI034,Rice,0.0,0.0,,,,,False,28.611764705882354,815.062,61.64705882352941,7
2026-06-23,MANDI035,Rice,44024.0,142.0,,,,,False,28.611764705882354,815.062,61.64705882352941,7
2026-06-23,MANDI046,Maize,42852.0,11.0,,,,,False,28.611764705882354,815.062,61.64705882352941,7
2026-06-23,MANDI048,Cotton,0.0,37.0,,,,,False,28.611764705882354,815.062,61.64705882352941,7
2026-06-23,MANDI056,Maize,5842.0,0.0,,,,,False,28.611764705882354,815.062,61.64705882352941,7
2026-06-24,MANDI001,Maize,26905.0,31.0,,,,,False,28.43482905982906,1056.54,64.21153846153847,3
2026-06-24,MANDI004,Maize,0.0,48.0,,,,,False,28.43482905982906,1056.54,64.21153846153847,3
2026-06-24,MANDI025,Sugarcane,26542.0,32.0,,,,,False,28.43482905982906,1056.54,64.21153846153847,3
2026-06-24,MANDI036,Cotton,2020.0,124.0,,,,,False,28.43482905982906,1056.54,64.21153846153847,3
2026-06-24,MANDI005,Sugarcane,5730.0,141.0,,,,,False,28.43482905982906,1056.54,64.21153846153847,3
2026-06-24,MANDI006,Maize,47994.0,87.0,1960.24,2357.6032887087285,,2090.0,False,28.43482905982906,1056.54,64.21153846153847,3
2026-06-24,MANDI007,Maize,20834.0,149.0,,,,,False,28.43482905982906,1056.54,64.21153846153847,3
2026-06-24,MANDI009,Sugarcane,0.0,0.0,,,,,False,28.43482905982906,1056.54,64.21153846153847,3
2026-06-24,MANDI011,Maize,24003.0,81.0,,,,,False,28.43482905982906,1056.54,64.21153846153847,3
2026-06-24,MANDI019,Maize,0.0,112.0,,,,,False,28.43482905982906,1056.54,64.21153846153847,3
2026-06-24,MANDI041,Sugarcane,0.0,113.0,,4411.33,,3500.0,False,28.43482905982906,1056.54,64.21153846153847,3
2026-06-24,MANDI045,Wheat,17736.0,29.0,,,,,False,28.43482905982906,1056.54,64.21153846153847,3
2026-06-24,MANDI048,Cotton,32935.0,91.0,5902.808590580718,,6323.77,,True,28.43482905982906,1056.54,64.21153846153847,3
2026-06-24,MANDI049,Rice,0.0,35.0,,,,,False,28.43482905982906,1056.54,64.21153846153847,3
2026-06-24,MANDI051,Rice,0.0,0.0,,,,,False,28.43482905982906,1056.54,64.21153846153847,3
2026-06-24,MANDI004,Sugarcane,0.0,0.0,,,,,False,28.43482905982906,1056.54,64.21153846153847,3
2026-06-24,MANDI054,Mustard,1545.0,29.0,,6002.01,,5650.0,False,28.43482905982906,1056.54,64.21153846153847,3
2026-06-24,MANDI042,Cotton,11498.0,16.0,,,,,False,28.43482905982906,1056.54,64.21153846153847,3
2026-06-25,MANDI056,Mustard,18188.0,137.0,,,,,False,27.691111111111113,1154.08,62.63636363636363,9
2026-06-25,MANDI031,Makki,9153.0,112.0,,,,,False,27.691111111111113,1154.08,62.63636363636363,9
2026-06-25,MANDI035,Wheat,0.0,96.0,,,,,False,27.691111111111113,1154.08,62.63636363636363,9
2026-06-25,MANDI013,Sugarcane,22069.0,96.0,,,,,False,27.691111111111113,1154.08,62.63636363636363,9
2026-06-25,MANDI019,Rice,7037.0,117.0,,,,,False,27.691111111111113,1154.08,62.63636363636363,9
2026-06-25,MANDI025,Makki,19780.0,28.0,,,,,False,27.691111111111113,1154.08,62.63636363636363,9
2026-06-25,MANDI026,Wheat,15610.0,53.0,,,,,False,27.691111111111113,1154.08,62.63636363636363,9
2026-06-25,MANDI032,Sugarcane,26294.0,57.0,,,,,False,27.691111111111113,1154.08,62.63636363636363,9
2026-06-25,MANDI039,Wheat,24477.0,54.0,,,,,False,27.691111111111113,1154.08,62.63636363636363,9
2026-06-25,MANDI043,Sugarcane,21529.0,0.0,,,,,False,27.691111111111113,1154.08,62.63636363636363,9
2026-06-25,MANDI053,Rice,42563.0,47.0,,,,,False,27.691111111111113,1154.08,62.63636363636363,9
2026-06-25,MANDI043,Maize,33411.0,119.0,,,,,False,27.691111111111113,1154.08,62.63636363636363,9
2026-06-26,MANDI055,Maize,46312.0,0.0,,2475.02,,,False,25.863285024154592,845.818,65.73913043478261,10
2026-06-26,MANDI017,Sugarcane,16038.0,13.0,,,,,False,25.863285024154592,845.818,65.73913043478261,10
2026-06-26,MANDI035,Sugarcane,34373.0,107.0,,,,,False,25.863285024154592,845.818,65.73913043478261,10
2026-06-26,MANDI039,Wheat,2955.0,144.0,,,,,False,25.863285024154592,845.818,65.73913043478261,10
2026-06-26,MANDI048,Sugarcane,7098.0,61.0,,,,,False,25.863285024154592,845.818,65.73913043478261,10
2026-06-26,MANDI010,Mustard,19172.0,118.0,,,,,False,25.863285024154592,845.818,65.73913043478261,10
2026-06-26,MANDI010,Wheat,0.0,88.0,,,,,False,25.863285024154592,845.818,65.73913043478261,10
2026-06-26,MANDI016,Mustard,15901.0,127.0,,,,,False,25.863285024154592,845.818,65.73913043478261,10
2026-06-26,MANDI022,Mustard,39102.0,18.0,,,,,False,25.863285024154592,845.818,65.73913043478261,10
2026-06-26,MANDI030,Sugarcane,46522.0,0.0,,,,,False,25.863285024154592,845.818,65.73913043478261,10
2026-06-26,MANDI035,Sugarcane,0.0,0.0,,,,,False,25.863285024154592,845.818,65.73913043478261,10
2026-06-26,MANDI036,Maize,0.0,127.0,,,,,False,25.863285024154592,845.818,65.73913043478261,10
2026-06-26,MANDI037,Rice,0.0,137.0,,,,,False,25.863285024154592,845.818,65.73913043478261,10
2026-06-26,MANDI040,Wheat,0.0,0.0,,,,,False,25.863285024154592,845.818,65.73913043478261,10
2026-06-26,MANDI042,Cotton,31575.0,74.0,,,,,False,25.863285024154592,845.818,65.73913043478261,10
2026-06-26,MANDI048,Maize,43044.0,0.0,,,,,False,25.863285024154592,845.818,65.73913043478261,10
2026-06-26,MANDI049,Sugarcane,36266.0,0.0,,,,,False,25.863285024154592,845.818,65.73913043478261,10
2026-06-26,MANDI029,Wheat,23360.0,102.0,,2303.993052218202,2188.39,2275.0,True,25.863285024154592,845.818,65.73913043478261,10
2026-06-26,MANDI057,Cotton,0.0,48.0,,,,,False,25.863285024154592,845.818,65.73913043478261,10
2026-06-27,MANDI018,Sugarcane,7800.0,126.0,,,,,False,28.737575757575758,945.2860000000001,61.96363636363636,15
2026-06-27,MANDI022,Maize,36682.0,26.0,2183.27,,2441.51,,True,28.737575757575758,945.2860000000001,61.96363636363636,15
2026-06-27,MANDI031,Wheat,0.0,50.0,,2917.78,,2275.0,False,28.737575757575758,945.2860000000001,61.96363636363636,15
2026-06-27,MANDI015,Rice,11454.0,53.0,,,,,False,28.737575757575758,945.2860000000001,61.96363636363636,15
2026-06-27,MANDI037,Wheat,8311.0,119.0,,,,,False,28.737575757575758,945.2860000000001,61.96363636363636,15
2026-06-27,MANDI038,Sugarcane,10783.0,104.0,,,,,False,28.737575757575758,945.2860000000001,61.96363636363636,15
2026-06-27,MANDI009,Rice,6584.000000000001,86.0,,,,,False,28.737575757575758,945.2860000000001,61.96363636363636,15
2026-06-27,MANDI010,Mustard,5226.0,0.0,,,,,False,28.737575757575758,945.2860000000001,61.96363636363636,15
2026-06-27,MANDI020,Basmati,26427.0,144.0,,,,,False,28.737575757575758,945.2860000000001,61.96363636363636,15
2026-06-27,MANDI022,Cotton,8484.0,16.0,,,,,False,28.737575757575758,945.2860000000001,61.96363636363636,15
2026-06-27,MANDI027,Maize,0.0,0.0,,,,,False,28.737575757575758,945.2860000000001,61.96363636363636,15
2026-06-27,MANDI040,Wheat,32820.0,143.0,,,,,False,28.737575757575758,945.2860000000001,61.96363636363636,15
2026-06-27,MANDI046,Cotton,7748.0,122.0,,,,,False,28.737575757575758,945.2860000000001,61.96363636363636,15
2026-06-27,MANDI049,Cotton,14834.0,75.0,,,,,False,28.737575757575758,945.2860000000001,61.96363636363636,15
2026-06-27,MANDI013,Maize,43472.0,61.0,,,,,False,28.737575757575758,945.2860000000001,61.96363636363636,15
2026-06-27,MANDI023,Wheat,24600.0,7.0,,,,,False,28.737575757575758,945.2860000000001,61.96363636363636,15
2026-06-27,MANDI051,Mustard,20422.0,5.0,,,,,False,28.737575757575758,945.2860000000001,61.96363636363636,15
2026-06-28,MANDI043,Wheat,23325.0,0.0,,,,,False,27.378861788617886,948.53,63.53658536585366,6
2026-06-28,MANDI023,Sugarcane,38070.0,145.0,,,,,False,27.378861788617886,948.53,63.53658536585366,6
2026-06-28,MANDI039,Wheat,21039.0,86.0,,,,,False,27.378861788617886,948.53,63.53658536585366,6
2026-06-28,MANDI003,Sugarcane,45319.0,56.0,,,,,False,27.378861788617886,948.53,63.53658536585366,6
2026-06-28,MANDI012,Maize,0.0,0.0,,,,,False,27.378861788617886,948.53,63.53658536585366,6
2026-06-28,MANDI016,Sugarcane,43114.0,91.0,,,,,False,27.378861788617886,948.53,63.53658536585366,6
2026-06-28,MANDI031,Sugarcane,9201.0,88.0,3666.72,,3857.48,,True,27.378861788617886,948.53,63.53658536585366,6
2026-06-28,MANDI048,Rice,30061.0,87.0,,,,,False,27.378861788617886,948.53,63.53658536585366,6
2026-06-28,MANDI054,Sugarcane,49289.0,5.0,,,,,False,27.378861788617886,948.53,63.53658536585366,6
2026-06-28,MANDI006,Wheat,0.0,0.0,,,,,False,27.378861788617886,948.53,63.53658536585366,6
2026-06-28,MANDI028,Rice,30014.0,54.0,,,,,False,27.378861788617886,948.53,63.53658536585366,6
2026-06-28,MANDI036,Mustard,21927.0,95.0,,,,,False,27.378861788617886,948.53,63.53658536585366,6
2026-06-29,MANDI011,Wheat,34966.0,149.0,,,,,False,28.57668488160291,1098.634,59.377049180327866,13
2026-06-29,MANDI044,Rice,0.0,0.0,,,,,False,28.57668488160291,1098.634,59.377049180327866,13
2026-06-29,MANDI019,Wheat,0.0,72.0,,,,,False,28.57668488160291,1098.634,59.377049180327866,13
2026-06-29,MANDI047,Maize,6675.0,112.0,2031.95,2496.63,,,False,28.57668488160291,1098.634,59.377049180327866,13
2026-06-29,MANDI025,Sugarcane,35166.0,33.0,,,,,False,28.57668488160291,1098.634,59.377049180327866,13
2026-06-29,MANDI043,Rice,0.0,35.0,,,,,False,28.57668488160291,1098.634,59.377049180327866,13
2026-06-29,MANDI045,Wheat,31962.0,116.0,,,,,False,28.57668488160291,1098.634,59.377049180327866,13
2026-06-29,MANDI012,Cotton,1684.0,33.0,,,,,False,28.57668488160291,1098.634,59.377049180327866,13
2026-06-29,MANDI041,Sugarcane,32335.000000000004,135.0,,,,,False,28.57668488160291,1098.634,59.377049180327866,13
2026-06-29,MANDI046,Mustard,0.0,14.0,,,,,False,28.57668488160291,1098.634,59.377049180327866,13
2026-06-29,MANDI050,Wheat,32624.0,125.0,,,,,False,28.57668488160291,1098.634,59.377049180327866,13
2026-06-30,MANDI020,Rice,32429.000000000004,0.0,,,,,False,27.431642512077296,911.3439999999999,60.78260869565217,9
2026-06-30,MANDI053,Makki,37922.0,62.0,,,,,False,27.431642512077296,911.3439999999999,60.78260869565217,9
2026-06-30,MANDI001,Wheat,41503.0,67.0,,,,,False,27.431642512077296,911.3439999999999,60.78260869565217,9
2026-06-30,MANDI020,Sugarcane,15966.0,0.0,,,,,False,27.431642512077296,911.3439999999999,60.78260869565217,9
2026-06-30,MANDI025,Rice,0.0,66.0,,,,,False,27.431642512077296,911.3439999999999,60.78260869565217,9
2026-06-30,MANDI007,Cotton,44450.0,76.0,,,,,False,27.431642512077296,911.3439999999999,60.78260869565217,9
2026-06-30,MANDI012,Cotton,32135.000000000004,93.0,,,,,False,27.431642512077296,911.3439999999999,60.78260869565217,9
2026-06-30,MANDI015,Maize,32911.0,144.0,,,,,False,27.431642512077296,911.3439999999999,60.78260869565217,9
2026-06-30,MANDI018,Cotton,16274.0,97.0,,,,,False,27.431642512077296,911.3439999999999,60.78260869565217,9
2026-06-30,MANDI018,Rice,11930.0,51.0,,,,,False,27.431642512077296,911.3439999999999,60.78260869565217,9
2026-06-30,MANDI025,Rice,5545.0,121.0,,,,,False,27.431642512077296,911.3439999999999,60.78260869565217,9
2026-06-30,MANDI030,Rice,91154.0,42.0,,,,,False,27.431642512077296,911.3439999999999,60.78260869565217,9
2026-06-30,MANDI037,Mustard,33382.0,116.0,,,,,False,27.431642512077296,911.3439999999999,60.78260869565217,9
2026-06-30,MANDI040,Cotton,30531.0,21.0,,,,,False,27.431642512077296,911.3439999999999,60.78260869565217,9
2026-06-30,MANDI048,Rice,28219.0,126.0,,,,,False,27.431642512077296,911.3439999999999,60.78260869565217,9
2026-06-30,MANDI049,Mustard,6338.0,106.0,,,,,False,27.431642512077296,911.3439999999999,60.78260869565217,9
2026-06-30,MANDI050,Cotton,27718.0,121.0,,,,,False,27.431642512077296,911.3439999999999,60.78260869565217,9
2026-06-30,MANDI013,Mustard,14601.0,28.0,,,,,False,27.431642512077296,911.3439999999999,60.78260869565217,9
2026-07-01,MANDI043,Wheat,0.0,102.0,,,,,False,27.303252032520327,781.106,62.951219512195124,5
2026-07-01,MANDI026,Rice,13416.999999999998,116.0,,,,,False,27.303252032520327,781.106,62.951219512195124,5
2026-07-01,MANDI001,Rice,0.0,50.0,,,,,False,27.303252032520327,781.106,62.951219512195124,5
2026-07-01,MANDI007,Rice,18442.0,33.0,,,,,False,27.303252032520327,781.106,62.951219512195124,5
2026-07-01,MANDI016,Sugarcane,33293.0,12.0,,,,,False,27.303252032520327,781.106,62.951219512195124,5
2026-07-01,MANDI018,Rice,40169.0,114.0,2054.97,,,2183.0,False,27.303252032520327,781.106,62.951219512195124,5
2026-07-01,MANDI033,Sugarcane,3101.0,94.0,,,,,False,27.303252032520327,781.106,62.951219512195124,5
2026-07-01,MANDI041,Basmati,29720.999999999996,138.0,,,,,False,27.303252032520327,781.106,62.951219512195124,5
2026-07-01,MANDI044,Rice,0.0,51.0,,,,,False,27.303252032520327,781.106,62.951219512195124,5
2026-07-01,MANDI019,Wheat,25943.0,118.0,,,,,False,27.303252032520327,781.106,62.951219512195124,5
2026-07-01,MANDI033,Maize,25969.0,119.0,,,,,False,27.303252032520327,781.106,62.951219512195124,5
2026-07-01,MANDI035,Mustard,8297.0,63.0,,,,,False,27.303252032520327,781.106,62.951219512195124,5
2026-07-01,MANDI009,Sugarcane,46810.0,29.0,3414.690852707165,,,,False,27.303252032520327,781.106,62.951219512195124,5
2026-07-01,MANDI016,Wheat,34874.0,114.0,,,,,False,27.303252032520327,781.106,62.951219512195124,5
2026-07-01,MANDI018,Maize,30899.0,75.0,,,,,False,27.303252032520327,781.106,62.951219512195124,5
2026-07-02,MANDI001,Wheat,0.0,140.0,,,,,False,29.111574074074074,853.7379999999999,60.770833333333336,9
2026-07-02,MANDI034,Sugarcane,23511.000000000004,145.0,,,,,False,29.111574074074074,853.7379999999999,60.770833333333336,9
2026-07-02,MANDI056,Cotton,45116.0,106.0,,,,,False,29.111574074074074,853.7379999999999,60.770833333333336,9
2026-07-02,MANDI046,Wheat,14071.0,55.0,,,,,False,29.111574074074074,853.7379999999999,60.770833333333336,9
2026-07-02,MANDI050,Rice,33559.0,60.0,,,,,False,29.111574074074074,853.7379999999999,60.770833333333336,9
2026-07-02,MANDI052,Rice,44287.0,8.0,,,,,False,29.111574074074074,853.7379999999999,60.770833333333336,9
2026-07-02,MANDI055,Cotton,0.0,95.0,,,,,False,29.111574074074074,853.7379999999999,60.770833333333336,9
2026-07-02,MANDI007,Wheat,8251.000000000002,38.0,,,,,False,29.111574074074074,853.7379999999999,60.770833333333336,9
2026-07-02,MANDI038,Cotton,39815.0,0.0,,,,,False,29.111574074074074,853.7379999999999,60.770833333333336,9
2026-07-02,MANDI042,Cotton,0.0,31.0,,,,,False,29.111574074074074,853.7379999999999,60.770833333333336,9
2026-07-02,MANDI049,Wheat,29563.0,16.0,,,,,False,29.111574074074074,853.7379999999999,60.770833333333336,9
2026-07-02,MANDI051,Cotton,12116.0,70.0,,,,,False,29.111574074074074,853.7379999999999,60.770833333333336,9
2026-07-02,MANDI037,Mustard,41848.0,56.0,,,,,False,29.111574074074074,853.7379999999999,60.770833333333336,9
2026-07-02,MANDI040,Maize,14057.0,20.0,,,,,False,29.111574074074074,853.7379999999999,60.770833333333336,9
2026-07-02,MANDI057,Wheat,25708.0,0.0,,,,,False,29.111574074074074,853.7379999999999,60.770833333333336,9
2026-07-02,MANDI019,Mustard,0.0,65.0,,,,,False,29.111574074074074,853.7379999999999,60.770833333333336,9
2026-07-02,MANDI040,Cotton,18557.0,69.0,,,,,False,29.111574074074074,853.7379999999999,60.770833333333336,9
2026-07-02,MANDI053,Mustard,35700.0,53.0,,,,,False,29.111574074074074,853.7379999999999,60.770833333333336,9
2026-07-03,MANDI046,Rice,22333.0,17.0,,,,,False,25.374444444444443,1098.83,63.22,3
2026-07-03,MANDI021,Maize,41769.0,0.0,,,,,False,25.374444444444443,1098.83,63.22,3
2026-07-03,MANDI024,Sugarcane,19743.0,23.0,,,,,False,25.374444444444443,1098.83,63.22,3
2026-07-03,MANDI031,Rice,44128.0,0.0,,,,,False,25.374444444444443,1098.83,63.22,3
2026-07-03,MANDI034,Sugarcane,0.0,49.0,,,,,False,25.374444444444443,1098.83,63.22,3
2026-07-03,MANDI035,Cotton,10760.0,70.0,,,,,False,25.374444444444443,1098.83,63.22,3
2026-07-03,MANDI009,Sugarcane,24311.0,102.0,,,,,False,25.374444444444443,1098.83,63.22,3
2026-07-03,MANDI021,Sugarcane,4199.0,104.0,,,,,False,25.374444444444443,1098.83,63.22,3
2026-07-03,MANDI037,Rice,0.0,52.0,,,,,False,25.374444444444443,1098.83,63.22,3
2026-07-03,MANDI040,Maize,0.0,56.0,,,,,False,25.374444444444443,1098.83,63.22,3
2026-07-03,MANDI043,Rice,12881.0,36.0,,,,,False,25.374444444444443,1098.83,63.22,3
2026-07-03,MANDI047,Cotton,0.0,7.0,,,,,False,25.374444444444443,1098.83,63.22,3
2026-07-03,MANDI049,Rice,42827.0,105.0,,,,,False,25.374444444444443,1098.83,63.22,3
2026-07-04,MANDI012,Maize,34888.0,141.0,,,,,False,28.460515873015876,1110.84,63.035714285714285,9
2026-07-04,MANDI030,Cotton,34413.0,107.0,,,,,False,28.460515873015876,1110.84,63.035714285714285,9
2026-07-04,MANDI002,Wheat,0.0,135.0,,,,,False,28.460515873015876,1110.84,63.035714285714285,9
2026-07-04,MANDI005,Rice,30185.0,105.0,,,,,False,28.460515873015876,1110.84,63.035714285714285,9
2026-07-04,MANDI008,Wheat,0.0,68.0,,,,,False,28.460515873015876,1110.84,63.035714285714285,9
2026-07-04,MANDI019,Mustard,0.0,134.0,,,,,False,28.460515873015876,1110.84,63.035714285714285,9
2026-07-04,MANDI031,Sugarcane,30314.0,135.0,,,,,False,28.460515873015876,1110.84,63.035714285714285,9
2026-07-04,MANDI036,Wheat,26688.0,128.0,,,,,False,28.460515873015876,1110.84,63.035714285714285,9
2026-07-04,MANDI036,Sugarcane,3359.0000000000005,81.0,,,,,False,28.460515873015876,1110.84,63.035714285714285,9
2026-07-04,MANDI001,Maize,0.0,75.0,,,,,False,28.460515873015876,1110.84,63.035714285714285,9
2026-07-04,MANDI010,Mustard,0.0,47.0,,,,,False,28.460515873015876,1110.84,63.035714285714285,9
2026-07-04,MANDI011,Wheat,39301.0,79.0,,,,,False,28.460515873015876,1110.84,63.035714285714285,9
2026-07-04,MANDI019,Maize,46875.0,0.0,,,,,False,28.460515873015876,1110.84,63.035714285714285,9
2026-07-04,MANDI040,Wheat,23094.0,62.0,,,,,False,28.460515873015876,1110.84,63.035714285714285,9
2026-07-04,MANDI055,Maize,0.0,101.0,,,,,False,28.460515873015876,1110.84,63.035714285714285,9
2026-07-04,MANDI004,Basmati,34030.0,0.0,,,,,False,28.460515873015876,1110.84,63.035714285714285,9
2026-07-04,MANDI007,Rice,26992.0,95.0,,,,,False,28.460515873015876,1110.84,63.035714285714285,9
2026-07-05,MANDI027,Mustard,15246.0,91.0,,,,,False,27.26072796934866,1228.0819999999999,61.87931034482759,12
2026-07-05,MANDI033,Rice,0.0,124.0,,,,,False,27.26072796934866,1228.0819999999999,61.87931034482759,12
2026-07-05,MANDI045,Wheat,17668.0,70.0,,,,,False,27.26072796934866,1228.0819999999999,61.87931034482759,12
2026-07-05,MANDI025,Cotton,44489.0,37.0,,,,,False,27.26072796934866,1228.0819999999999,61.87931034482759,12
2026-07-05,MANDI010,Rice,2829.0,142.0,,,,,False,27.26072796934866,1228.0819999999999,61.87931034482759,12
2026-07-05,MANDI018,Cotton,0.0,40.0,,,,,False,27.26072796934866,1228.0819999999999,61.87931034482759,12
2026-07-05,MANDI038,Cotton,33344.0,60.0,,,,,False,27.26072796934866,1228.0819999999999,61.87931034482759,12
2026-07-05,MANDI050,Wheat,26062.0,129.0,,,,,False,27.26072796934866,1228.0819999999999,61.87931034482759,12
2026-07-05,MANDI021,Mustard,4046.0,115.0,,,,,False,27.26072796934866,1228.0819999999999,61.87931034482759,12
2026-07-05,MANDI037,Maize,42312.0,112.0,,,,,False,27.26072796934866,1228.0819999999999,61.87931034482759,12
2026-07-05,MANDI045,Wheat,56128.0,50.0,,,,,False,27.26072796934866,1228.0819999999999,61.87931034482759,12
2026-07-05,MANDI039,Rice,30564.999999999996,84.0,,,,,False,27.26072796934866,1228.0819999999999,61.87931034482759,12
2026-07-05,MANDI045,Maize,49785.0,111.0,,,,,False,27.26072796934866,1228.0819999999999,61.87931034482759,12
2026-07-06,MANDI037,Rice,48787.0,95.0,,,,,False,29.095238095238095,651.202,63.95238095238095,5
2026-07-06,MANDI047,Mustard,0.0,149.0,,,,,False,29.095238095238095,651.202,63.95238095238095,5
2026-07-06,MANDI054,Sugarcane,0.0,0.0,,,,,False,29.095238095238095,651.202,63.95238095238095,5
2026-07-06,MANDI019,Maize,49244.0,75.0,,,,,False,29.095238095238095,651.202,63.95238095238095,5
2026-07-06,MANDI020,Wheat,1742.0000000000002,0.0,,,,,False,29.095238095238095,651.202,63.95238095238095,5
2026-07-06,MANDI024,Wheat,0.0,59.0,,,,,False,29.095238095238095,651.202,63.95238095238095,5
2026-07-06,MANDI030,Rice,0.0,147.0,,,,,False,29.095238095238095,651.202,63.95238095238095,5
2026-07-06,MANDI042,Cotton,0.0,133.0,,,,,False,29.095238095238095,651.202,63.95238095238095,5
2026-07-06,MANDI049,Wheat,0.0,35.0,,,,,False,29.095238095238095,651.202,63.95238095238095,5
2026-07-06,MANDI055,Mustard,22908.0,0.0,,,,,False,29.095238095238095,651.202,63.95238095238095,5
2026-07-06,MANDI014,Rice,31962.0,0.0,,,,,False,29.095238095238095,651.202,63.95238095238095,5
2026-07-06,MANDI045,Rice,15035.0,35.0,,,,,False,29.095238095238095,651.202,63.95238095238095,5
2026-07-06,MANDI022,Maize,5645.0,67.0,,,,,False,29.095238095238095,651.202,63.95238095238095,5
2026-07-07,MANDI043,Rice,4904.0,0.0,,,,,False,26.332244008714596,830.27,59.8235294117647,10
2026-07-07,MANDI009,Mustard,0.0,0.0,,,,,False,26.332244008714596,830.27,59.8235294117647,10
2026-07-07,MANDI012,Rice,35017.0,144.0,,,,,False,26.332244008714596,830.27,59.8235294117647,10
2026-07-07,MANDI001,Mustard,9686.0,141.0,,,,,False,26.332244008714596,830.27,59.8235294117647,10
2026-07-07,MANDI011,Wheat,23304.0,0.0,2053.9,,2305.06,,True,26.332244008714596,830.27,59.8235294117647,10
2026-07-07,MANDI012,Sugarcane,28384.0,0.0,,,,,False,26.332244008714596,830.27,59.8235294117647,10
2026-07-07,MANDI017,Cotton,49396.0,138.0,,,,,False,26.332244008714596,830.27,59.8235294117647,10
2026-07-07,MANDI018,Rice,15165.0,0.0,,,,,False,26.332244008714596,830.27,59.8235294117647,10
2026-07-07,MANDI025,Mustard,17234.0,45.0,,,,,False,26.332244008714596,830.27,59.8235294117647,10
2026-07-07,MANDI051,Rice,41688.0,22.0,,,,,False,26.332244008714596,830.27,59.8235294117647,10
2026-07-07,MANDI021,Wheat,41136.0,0.0,,,,,False,26.332244008714596,830.27,59.8235294117647,10
2026-07-07,MANDI035,Sugarcane,37838.0,0.0,,,,,False,26.332244008714596,830.27,59.8235294117647,10
2026-07-07,MANDI004,Wheat,14119.0,124.0,,,,,False,26.332244008714596,830.27,59.8235294117647,10
2026-07-07,MANDI019,Sugarcane,27960.0,61.0,,,,,False,26.332244008714596,830.27,59.8235294117647,10
2026-07-07,MANDI027,Sugarcane,0.0,0.0,,,,,False,26.332244008714596,830.27,59.8235294117647,10
2026-07-07,MANDI046,Rice,37863.0,136.0,,,,,False,26.332244008714596,830.27,59.8235294117647,10
2026-07-07,MANDI049,Sugarcane,0.0,92.0,,,,,False,26.332244008714596,830.27,59.8235294117647,10
2026-07-08,MANDI037,Mustard,15847.999999999998,0.0,,,,,False,28.420450885668277,1576.136,57.26086956521739,8
2026-07-08,MANDI056,Wheat,15974.0,0.0,,,,,False,28.420450885668277,1576.136,57.26086956521739,8
2026-07-08,MANDI004,Rice,46731.0,32.0,,,,,False,28.420450885668277,1576.136,57.26086956521739,8
2026-07-08,MANDI021,Sugarcane,8701.0,125.0,,,,,False,28.420450885668277,1576.136,57.26086956521739,8
2026-07-08,MANDI050,Mustard,49269.0,104.0,,,,,False,28.420450885668277,1576.136,57.26086956521739,8
2026-07-08,MANDI050,Mustard,46658.0,101.0,,,,,False,28.420450885668277,1576.136,57.26086956521739,8
2026-07-08,MANDI012,Mustard,5063.0,139.0,,,,,False,28.420450885668277,1576.136,57.26086956521739,8
2026-07-08,MANDI014,Mustard,21482.0,108.0,,,,,False,28.420450885668277,1576.136,57.26086956521739,8
2026-07-08,MANDI047,Mustard,0.0,56.0,,,,,False,28.420450885668277,1576.136,57.26086956521739,8
2026-07-08,MANDI048,Maize,47985.0,0.0,,,,,False,28.420450885668277,1576.136,57.26086956521739,8
2026-07-09,MANDI004,Sugarcane,3155.0,114.0,,,,,False,26.41196581196581,667.622,64.63461538461539,14
2026-07-09,MANDI011,Mustard,11349.0,80.0,,,,,False,26.41196581196581,667.622,64.63461538461539,14
2026-07-09,MANDI013,Mustard,43837.0,100.0,,,,,False,26.41196581196581,667.622,64.63461538461539,14
2026-07-09,MANDI022,Sugarcane,34977.99999999999,18.0,,,,,False,26.41196581196581,667.622,64.63461538461539,14
2026-07-09,MANDI033,Wheat,36932.0,114.0,,,,,False,26.41196581196581,667.622,64.63461538461539,14
2026-07-09,MANDI044,Sugarcane,4833.0,117.0,,,,,False,26.41196581196581,667.622,64.63461538461539,14
2026-07-09,MANDI045,Wheat,0.0,111.0,,,,,False,26.41196581196581,667.622,64.63461538461539,14
2026-07-09,MANDI023,Cotton,0.0,41.0,,,,,False,26.41196581196581,667.622,64.63461538461539,14
2026-07-09,MANDI043,Mustard,21343.0,134.0,,,,,False,26.41196581196581,667.622,64.63461538461539,14
2026-07-09,MANDI022,Mustard,12350.0,80.0,,,,,False,26.41196581196581,667.622,64.63461538461539,14
2026-07-09,MANDI034,Rice,0.0,102.0,,,,,False,26.41196581196581,667.622,64.63461538461539,14
2026-07-10,MANDI001,Wheat,0.0,134.0,,,,,False,26.62925170068027,990.956,62.714285714285715,8
2026-07-10,MANDI012,Cotton,38822.0,22.0,,,,,False,26.62925170068027,990.956,62.714285714285715,8
2026-07-10,MANDI050,Sugarcane,18047.0,79.0,,,,,False,26.62925170068027,990.956,62.714285714285715,8
2026-07-10,MANDI012,Sugarcane,0.0,33.0,,,,,False,26.62925170068027,990.956,62.714285714285715,8
2026-07-10,MANDI021,Sugarcane,11876.0,120.0,,,,,False,26.62925170068027,990.956,62.714285714285715,8
2026-07-10,MANDI049,Sugarcane,0.0,0.0,,,,,False,26.62925170068027,990.956,62.714285714285715,8
2026-07-10,MANDI001,Cotton,28117.0,112.0,,,,,False,26.62925170068027,990.956,62.714285714285715,8
2026-07-10,MANDI006,Cotton,5790.0,182.0,,,,,False,26.62925170068027,990.956,62.714285714285715,8
2026-07-10,MANDI021,Cotton,15891.999999999998,25.0,,,,,False,26.62925170068027,990.956,62.714285714285715,8
2026-07-10,MANDI023,Rice,0.0,125.0,,,,,False,26.62925170068027,990.956,62.714285714285715,8
2026-07-10,MANDI029,Mustard,40944.0,92.0,,,,,False,26.62925170068027,990.956,62.714285714285715,8
2026-07-10,MANDI036,Mustard,49941.0,8.0,,,,,False,26.62925170068027,990.956,62.714285714285715,8
2026-07-10,MANDI050,Sugarcane,38901.0,106.0,,,,,False,26.62925170068027,990.956,62.714285714285715,8
2026-07-10,MANDI051,Cotton,0.0,42.0,,,,,False,26.62925170068027,990.956,62.714285714285715,8
2026-07-10,MANDI054,Rice,56644.00000000001,270.0,,,,,False,26.62925170068027,990.956,62.714285714285715,8
2026-07-10,MANDI032,Cotton,15376.0,68.0,,,,,False,26.62925170068027,990.956,62.714285714285715,8
2026-07-11,MANDI011,Maize,49958.0,6.0,,,,,False,27.76383442265795,954.41,58.19607843137255,14
2026-07-11,MANDI034,Rice,25101.0,48.0,,,,,False,27.76383442265795,954.41,58.19607843137255,14
2026-07-11,MANDI011,Cotton,22115.0,133.0,,,,,False,27.76383442265795,954.41,58.19607843137255,14
2026-07-11,MANDI031,Cotton,38262.0,80.0,,,,,False,27.76383442265795,954.41,58.19607843137255,14
2026-07-11,MANDI055,Sugarcane,0.0,0.0,,,,,False,27.76383442265795,954.41,58.19607843137255,14
2026-07-11,MANDI004,Rice,0.0,87.0,,,,,False,27.76383442265795,954.41,58.19607843137255,14
2026-07-11,MANDI013,Maize,0.0,0.0,,,,,False,27.76383442265795,954.41,58.19607843137255,14
2026-07-11,MANDI025,Sugarcane,0.0,134.0,,,,,False,27.76383442265795,954.41,58.19607843137255,14
2026-07-11,MANDI028,Sugarcane,46233.0,52.0,,,,,False,27.76383442265795,954.41,58.19607843137255,14
2026-07-11,MANDI040,Wheat,0.0,142.0,,,,,False,27.76383442265795,954.41,58.19607843137255,14
2026-07-11,MANDI042,Basmati,3909.0000000000005,78.0,,,,,False,27.76383442265795,954.41,58.19607843137255,14
2026-07-11,MANDI055,Maize,0.0,0.0,,,,,False,27.76383442265795,954.41,58.19607843137255,14
2026-07-11,MANDI036,Mustard,0.0,18.0,5777.18,,,5650.0,False,27.76383442265795,954.41,58.19607843137255,14
2026-07-11,MANDI010,Rice,43575.0,105.0,,,,,False,27.76383442265795,954.41,58.19607843137255,14
2026-07-11,MANDI010,Wheat,13894.999999999998,132.0,,2323.77,,,False,27.76383442265795,954.41,58.19607843137255,14
2026-07-11,MANDI025,Sugarcane,0.0,0.0,,,,,False,27.76383442265795,954.41,58.19607843137255,14
2026-07-11,MANDI037,Sugarcane,21556.0,0.0,,,,,False,27.76383442265795,954.41,58.19607843137255,14
2026-07-12,MANDI037,Mustard,19045.0,62.0,,,,,False,28.01226851851852,926.97,62.854166666666664,10
2026-07-12,MANDI005,Mustard,0.0,108.0,,,,,False,28.01226851851852,926.97,62.854166666666664,10
2026-07-12,MANDI026,Rice,31429.0,28.0,,,,,False,28.01226851851852,926.97,62.854166666666664,10
2026-07-12,MANDI034,Rice,44611.0,105.0,,,,,False,28.01226851851852,926.97,62.854166666666664,10
2026-07-12,MANDI055,Mustard,27483.999999999996,150.0,,,,,False,28.01226851851852,926.97,62.854166666666664,10
2026-07-12,MANDI005,Cotton,13599.0,115.0,,,,,False,28.01226851851852,926.97,62.854166666666664,10
2026-07-12,MANDI019,Cotton,13658.0,107.0,,,,,False,28.01226851851852,926.97,62.854166666666664,10
2026-07-12,MANDI027,Wheat,11886.0,56.0,,,,,False,28.01226851851852,926.97,62.854166666666664,10
2026-07-12,MANDI044,Wheat,26858.0,31.0,1956.43,2417.640392872623,2187.03,,True,28.01226851851852,926.97,62.854166666666664,10
2026-07-13,MANDI053,Basmati,0.0,53.0,,,,,False,28.70314009661836,741.572,60.71739130434783,5
2026-07-13,MANDI028,Mustard,5570.0,80.0,,,,,False,28.70314009661836,741.572,60.71739130434783,5
2026-07-13,MANDI049,Maize,49341.0,0.0,,,,,False,28.70314009661836,741.572,60.71739130434783,5
2026-07-13,MANDI050,Cotton,0.0,119.0,,,,,False,28.70314009661836,741.572,60.71739130434783,5
2026-07-13,MANDI002,Rice,8508.0,0.0,,,,,False,28.70314009661836,741.572,60.71739130434783,5
2026-07-13,MANDI003,Makki,31386.0,68.0,,,,,False,28.70314009661836,741.572,60.71739130434783,5
2026-07-13,MANDI004,Sugarcane,33619.0,33.0,,3762.6468234642975,,3500.0,False,28.70314009661836,741.572,60.71739130434783,5
2026-07-13,MANDI030,Cotton,8432.0,43.0,,,,,False,28.70314009661836,741.572,60.71739130434783,5
2026-07-13,MANDI030,Rice,7358.0,135.0,,,,,False,28.70314009661836,741.572,60.71739130434783,5
2026-07-13,MANDI045,Maize,11650.0,46.0,,,,,False,28.70314009661836,741.572,60.71739130434783,5
2026-07-13,MANDI048,Maize,5673.0,8.0,,,,,False,28.70314009661836,741.572,60.71739130434783,5
2026-07-13,MANDI015,Cotton,47491.0,110.0,,,,,False,28.70314009661836,741.572,60.71739130434783,5
2026-07-13,MANDI041,Sugarcane,29595.0,110.0,,,,,False,28.70314009661836,741.572,60.71739130434783,5
2026-07-14,MANDI012,Cotton,46970.0,0.0,,,,,False,28.15987654320988,995.51,61.592592592592595,12
2026-07-14,MANDI002,Sugarcane,0.0,148.0,,,,,False,28.15987654320988,995.51,61.592592592592595,12
2026-07-14,MANDI003,Maize,27359.0,66.0,,,,,False,28.15987654320988,995.51,61.592592592592595,12
2026-07-14,MANDI014,Cotton,8523.0,141.0,,,,,False,28.15987654320988,995.51,61.592592592592595,12
2026-07-14,MANDI020,Sugarcane,27977.0,14.0,,,,,False,28.15987654320988,995.51,61.592592592592595,12
2026-07-14,MANDI024,Cotton,18917.0,37.0,,,,,False,28.15987654320988,995.51,61.592592592592595,12
2026-07-14,MANDI027,Basmati,20335.0,120.0,,,,,False,28.15987654320988,995.51,61.592592592592595,12
2026-07-14,MANDI035,Mustard,0.0,130.0,,,,,False,28.15987654320988,995.51,61.592592592592595,12
2026-07-14,MANDI008,Mustard,26439.999999999996,53.0,,,,,False,28.15987654320988,995.51,61.592592592592595,12
2026-07-14,MANDI022,Sugarcane,20995.0,86.0,,,,,False,28.15987654320988,995.51,61.592592592592595,12
2026-07-14,MANDI050,Cotton,25818.0,139.0,,,,,False,28.15987654320988,995.51,61.592592592592595,12
2026-07-15,MANDI023,Mustard,18584.0,0.0,,,,,False,26.95151515151515,718.134,55.56818181818182,7
2026-07-15,MANDI040,Mustard,0.0,39.0,,,,,False,26.95151515151515,718.134,55.56818181818182,7
2026-07-15,MANDI034,Rice,11720.0,47.0,,,,,False,26.95151515151515,718.134,55.56818181818182,7
2026-07-15,MANDI040,Rice,42018.0,133.0,,,,,False,26.95151515151515,718.134,55.56818181818182,7
2026-07-15,MANDI046,Cotton,48128.0,74.0,,,,,False,26.95151515151515,718.134,55.56818181818182,7
2026-07-15,MANDI052,Sugarcane,0.0,0.0,,,,,False,26.95151515151515,718.134,55.56818181818182,7
2026-07-15,MANDI004,Mustard,34293.0,113.0,,,,,False,26.95151515151515,718.134,55.56818181818182,7
2026-07-15,MANDI008,Basmati,13500.0,0.0,,,,,False,26.95151515151515,718.134,55.56818181818182,7
2026-07-15,MANDI016,Sugarcane,29402.0,106.0,,,,,False,26.95151515151515,718.134,55.56818181818182,7
2026-07-15,MANDI023,Sugarcane,46431.0,56.0,,,,,False,26.95151515151515,718.134,55.56818181818182,7
2026-07-15,MANDI030,Maize,0.0,44.0,,,,,False,26.95151515151515,718.134,55.56818181818182,7
2026-07-15,MANDI023,Cotton,0.0,0.0,,,,,False,26.95151515151515,718.134,55.56818181818182,7
2026-07-15,MANDI024,Maize,7779.000000000001,126.0,,,,,False,26.95151515151515,718.134,55.56818181818182,7
2026-07-15,MANDI042,Wheat,38624.0,0.0,,,,,False,26.95151515151515,718.134,55.56818181818182,7
2026-07-15,MANDI045,Cotton,0.0,149.0,,,,,False,26.95151515151515,718.134,55.56818181818182,7
2026-07-15,MANDI049,Wheat,27998.0,0.0,,,2169.969913286424,,True,26.95151515151515,718.134,55.56818181818182,7
2026-07-15,MANDI056,Maize,44017.0,132.0,,,,,False,26.95151515151515,718.134,55.56818181818182,7
2026-07-15,MANDI024,Mustard,0.0,25.0,,,,,False,26.95151515151515,718.134,55.56818181818182,7
2026-07-15,MANDI048,Wheat,11447.0,111.0,,,,,False,26.95151515151515,718.134,55.56818181818182,7
2026-07-15,MANDI057,Rice,0.0,40.0,,,,,False,26.95151515151515,718.134,55.56818181818182,7
2026-07-16,MANDI029,Rice,11476.0,30.0,,2238.068832022328,2125.65,,True,27.3364522417154,1092.018,60.175438596491226,13
2026-07-16,MANDI004,Wheat,32313.0,17.0,,,,,False,27.3364522417154,1092.018,60.175438596491226,13
2026-07-16,MANDI006,Rice,36808.0,39.0,,,,,False,27.3364522417154,1092.018,60.175438596491226,13
2026-07-16,MANDI002,Rice,0.0,81.0,,,,,False,27.3364522417154,1092.018,60.175438596491226,13
2026-07-16,MANDI006,Rice,0.0,78.0,,,,,False,27.3364522417154,1092.018,60.175438596491226,13
2026-07-16,MANDI011,Sugarcane,0.0,102.0,,,,,False,27.3364522417154,1092.018,60.175438596491226,13
2026-07-16,MANDI028,Mustard,13321.000000000002,30.0,,,,,False,27.3364522417154,1092.018,60.175438596491226,13
2026-07-17,MANDI032,Mustard,39950.0,86.0,,,,,False,25.161437908496733,1083.658,62.588235294117645,5
2026-07-17,MANDI038,Cotton,87446.0,0.0,,,,,False,25.161437908496733,1083.658,62.588235294117645,5
2026-07-17,MANDI057,Wheat,0.0,98.0,,,,,False,25.161437908496733,1083.658,62.588235294117645,5
2026-07-17,MANDI015,Sugarcane,35077.99999999999,238.0,,,,,False,25.161437908496733,1083.658,62.588235294117645,5
2026-07-17,MANDI036,Mustard,21650.0,0.0,,,,,False,25.161437908496733,1083.658,62.588235294117645,5
2026-07-17,MANDI048,Rice,34075.0,76.0,,,,,False,25.161437908496733,1083.658,62.588235294117645,5
2026-07-17,MANDI004,Wheat,7930.0,49.0,,,,,False,25.161437908496733,1083.658,62.588235294117645,5
2026-07-17,MANDI008,Sugarcane,10815.0,20.0,,,,,False,25.161437908496733,1083.658,62.588235294117645,5
2026-07-17,MANDI022,Sugarcane,20474.0,0.0,,,,,False,25.161437908496733,1083.658,62.588235294117645,5
2026-07-17,MANDI030,Mustard,18357.0,47.0,5210.067678661628,5720.583785478627,5465.33,5650.0,True,25.161437908496733,1083.658,62.588235294117645,5
2026-07-17,MANDI033,Rice,0.0,128.0,,,,,False,25.161437908496733,1083.658,62.588235294117645,5
2026-07-17,MANDI034,Makki,98180.0,104.0,,,,,False,25.161437908496733,1083.658,62.588235294117645,5
2026-07-17,MANDI046,Sugarcane,21354.0,127.0,,3455.33,3321.56,,True,25.161437908496733,1083.658,62.588235294117645,5
2026-07-17,MANDI046,Sugarcane,21354.0,127.0,,,3275.49,,True,25.161437908496733,1083.658,62.588235294117645,5
2026-07-17,MANDI002,Wheat,1621.0,62.0,,,2362.82,,True,25.161437908496733,1083.658,62.588235294117645,5
2026-07-17,MANDI016,Wheat,26485.000000000004,147.0,,,2529.88,,True,25.161437908496733,1083.658,62.588235294117645,5
2026-07-17,MANDI028,Sugarcane,31446.0,143.0,,,,,False,25.161437908496733,1083.658,62.588235294117645,5
2026-07-17,MANDI035,Mustard,48467.0,70.0,,,,,False,25.161437908496733,1083.658,62.588235294117645,5
2026-07-17,MANDI011,Mustard,2787.0,39.0,,,,,False,25.161437908496733,1083.658,62.588235294117645,5
2026-07-18,MANDI019,Mustard,19491.0,129.0,,,,,False,27.88021680216802,788.348,61.63414634146341,3
2026-07-18,MANDI001,Wheat,28761.0,0.0,,,,,False,27.88021680216802,788.348,61.63414634146341,3
2026-07-18,MANDI017,Rice,39476.0,70.0,,,,,False,27.88021680216802,788.348,61.63414634146341,3
2026-07-18,MANDI006,Wheat,20503.0,61.0,,,,,False,27.88021680216802,788.348,61.63414634146341,3
2026-07-18,MANDI007,Maize,12469.0,72.0,,,,,False,27.88021680216802,788.348,61.63414634146341,3
2026-07-18,MANDI010,Sugarcane,13922.999999999998,118.0,,,,,False,27.88021680216802,788.348,61.63414634146341,3
2026-07-18,MANDI029,Maize,32552.0,68.0,,,,,False,27.88021680216802,788.348,61.63414634146341,3
2026-07-18,MANDI056,Basmati,99164.0,20.0,,,,,False,27.88021680216802,788.348,61.63414634146341,3
2026-07-18,MANDI003,Mustard,34990.0,129.0,,,,,False,27.88021680216802,788.348,61.63414634146341,3
2026-07-18,MANDI011,Rice,14590.0,39.0,,,,,False,27.88021680216802,788.348,61.63414634146341,3
2026-07-18,MANDI025,Sugarcane,0.0,105.0,,,,,False,27.88021680216802,788.348,61.63414634146341,3
2026-07-18,MANDI026,Maize,42844.0,0.0,,,,,False,27.88021680216802,788.348,61.63414634146341,3
2026-07-18,MANDI044,Basmati,15578.0,109.0,,,,,False,27.88021680216802,788.348,61.63414634146341,3
2026-07-18,MANDI045,Cotton,48166.0,87.0,,,,,False,27.88021680216802,788.348,61.63414634146341,3
2026-07-18,MANDI051,Rice,0.0,134.0,,,,,False,27.88021680216802,788.348,61.63414634146341,3
2026-07-18,MANDI057,Maize,21749.0,0.0,,,,,False,27.88021680216802,788.348,61.63414634146341,3
2026-07-18,MANDI044,Rice,0.0,107.0,,,,,False,27.88021680216802,788.348,61.63414634146341,3
2026-07-18,MANDI013,Rice,24407.0,99.0,,,,,False,27.88021680216802,788.348,61.63414634146341,3
2026-07-18,MANDI019,Rice,40958.0,0.0,,,,,False,27.88021680216802,788.348,61.63414634146341,3
2026-07-18,MANDI051,Wheat,28277.999999999996,131.0,,,,,False,27.88021680216802,788.348,61.63414634146341,3
2026-07-19,MANDI012,Makki,49788.0,17.0,,,,,False,26.094331065759636,746.946,57.816326530612244,11
2026-07-19,MANDI001,Sugarcane,25227.0,44.0,,,,,False,26.094331065759636,746.946,57.816326530612244,11
2026-07-19,MANDI017,Maize,4135.0,33.0,,,,,False,26.094331065759636,746.946,57.816326530612244,11
2026-07-19,MANDI025,Maize,0.0,47.0,,,,,False,26.094331065759636,746.946,57.816326530612244,11
2026-07-19,MANDI032,Maize,21454.0,120.0,,,,,False,26.094331065759636,746.946,57.816326530612244,11
2026-07-19,MANDI036,Mustard,2329.0,113.0,,,,,False,26.094331065759636,746.946,57.816326530612244,11
2026-07-19,MANDI037,Mustard,0.0,32.0,,,,,False,26.094331065759636,746.946,57.816326530612244,11
2026-07-19,MANDI038,Maize,0.0,115.0,,,,,False,26.094331065759636,746.946,57.816326530612244,11
2026-07-19,MANDI036,Cotton,14696.0,75.0,,7402.236322203013,,,False,26.094331065759636,746.946,57.816326530612244,11
2026-07-19,MANDI043,Wheat,33225.0,18.0,,,,,False,26.094331065759636,746.946,57.816326530612244,11
2026-07-19,MANDI050,Mustard,12558.0,80.0,,,,,False,26.094331065759636,746.946,57.816326530612244,11
2026-07-20,MANDI053,Cotton,40886.0,0.0,,,,,False,27.89107142857143,1073.308,64.125,5
2026-07-20,MANDI029,Wheat,4235.0,0.0,,,,,False,27.89107142857143,1073.308,64.125,5
2026-07-20,MANDI038,Mustard,23069.0,98.0,,,,,False,27.89107142857143,1073.308,64.125,5
2026-07-20,MANDI023,Wheat,0.0,106.0,,,,,False,27.89107142857143,1073.308,64.125,5
2026-07-20,MANDI026,Maize,0.0,0.0,,,,,False,27.89107142857143,1073.308,64.125,5
2026-07-20,MANDI033,Maize,0.0,87.0,,,,,False,27.89107142857143,1073.308,64.125,5
2026-07-20,MANDI039,Maize,0.0,39.0,,,,,False,27.89107142857143,1073.308,64.125,5
2026-07-20,MANDI040,Sugarcane,3617.0,98.0,,,,,False,27.89107142857143,1073.308,64.125,5
2026-07-20,MANDI049,Mustard,47657.0,119.0,4868.07,,,,False,27.89107142857143,1073.308,64.125,5
2026-07-20,MANDI054,Sugarcane,30424.0,0.0,,,,,False,27.89107142857143,1073.308,64.125,5
2026-07-20,MANDI018,Maize,3598.0,104.0,,,,,False,27.89107142857143,1073.308,64.125,5
2026-07-20,MANDI020,Mustard,34904.0,82.0,,,,,False,27.89107142857143,1073.308,64.125,5
2026-07-20,MANDI006,Sugarcane,22702.0,141.0,,,,,False,27.89107142857143,1073.308,64.125,5
2026-07-21,MANDI039,Rice,7270.0,0.0,,,2038.92,,True,28.845528455284555,787.828,62.78048780487805,7
2026-07-21,MANDI049,Rice,7545.999999999999,5.0,,,,,False,28.845528455284555,787.828,62.78048780487805,7
2026-07-21,MANDI007,Cotton,0.0,24.0,,,,,False,28.845528455284555,787.828,62.78048780487805,7
2026-07-21,MANDI009,Wheat,30860.000000000004,76.0,,,,,False,28.845528455284555,787.828,62.78048780487805,7
2026-07-21,MANDI010,Sugarcane,43454.0,0.0,,,,,False,28.845528455284555,787.828,62.78048780487805,7
2026-07-21,MANDI011,Sugarcane,45381.0,105.0,,,,,False,28.845528455284555,787.828,62.78048780487805,7
2026-07-21,MANDI041,Wheat,36468.0,100.0,2214.27,,2382.3271352306497,2275.0,True,28.845528455284555,787.828,62.78048780487805,7
2026-07-21,MANDI047,Mustard,0.0,0.0,,,,,False,28.845528455284555,787.828,62.78048780487805,7
2026-07-21,MANDI056,Rice,0.0,80.0,,,,,False,28.845528455284555,787.828,62.78048780487805,7
2026-07-21,MANDI004,Cotton,9125.0,27.0,,,,,False,28.845528455284555,787.828,62.78048780487805,7
2026-07-21,MANDI005,Wheat,20328.0,33.0,,,,,False,28.845528455284555,787.828,62.78048780487805,7
2026-07-21,MANDI032,Cotton,0.0,136.0,,,,,False,28.845528455284555,787.828,62.78048780487805,7
2026-07-21,MANDI022,Mustard,14046.0,93.0,,,,,False,28.845528455284555,787.828,62.78048780487805,7
2026-07-21,MANDI050,Rice,31201.0,129.0,,,,,False,28.845528455284555,787.828,62.78048780487805,7
2026-07-22,MANDI010,Maize,0.0,99.0,,,,,False,27.837931034482757,930.216,60.672413793103445,11
2026-07-22,MANDI020,Rice,13769.999999999998,83.0,,,,,False,27.837931034482757,930.216,60.672413793103445,11
2026-07-22,MANDI006,Mustard,0.0,42.0,,,,,False,27.837931034482757,930.216,60.672413793103445,11
2026-07-22,MANDI027,Mustard,9805.0,123.0,,,,,False,27.837931034482757,930.216,60.672413793103445,11
2026-07-22,MANDI014,Sugarcane,4297.0,82.0,,,,,False,27.837931034482757,930.216,60.672413793103445,11
2026-07-22,MANDI020,Sugarcane,27641.0,43.0,,,,,False,27.837931034482757,930.216,60.672413793103445,11
2026-07-22,MANDI023,Maize,0.0,98.0,,,,,False,27.837931034482757,930.216,60.672413793103445,11
2026-07-22,MANDI032,Maize,0.0,0.0,,,,,False,27.837931034482757,930.216,60.672413793103445,11
2026-07-22,MANDI005,Mustard,40200.0,46.0,,,,,False,27.837931034482757,930.216,60.672413793103445,11
2026-07-22,MANDI012,Sugarcane,0.0,39.0,,,,,False,27.837931034482757,930.216,60.672413793103445,11
2026-07-22,MANDI044,Cotton,32524.0,87.0,,,,,False,27.837931034482757,930.216,60.672413793103445,11
2026-07-22,MANDI047,Mustard,46885.0,0.0,5916.839033945004,7365.88,,,False,27.837931034482757,930.216,60.672413793103445,11
2026-07-22,MANDI047,Mustard,46885.0,0.0,,5576.09,5397.192097514321,,True,27.837931034482757,930.216,60.672413793103445,11
2026-07-22,MANDI047,Rice,0.0,44.0,,,,,False,27.837931034482757,930.216,60.672413793103445,11
2026-07-22,MANDI004,Maize,23662.0,110.0,,,,,False,27.837931034482757,930.216,60.672413793103445,11
2026-07-22,MANDI040,Makki,0.0,69.0,,,,,False,27.837931034482757,930.216,60.672413793103445,11
2026-07-22,MANDI008,Maize,48848.0,70.0,,,,,False,27.837931034482757,930.216,60.672413793103445,11
2026-07-22,MANDI009,Wheat,24999.0,32.0,,,,,False,27.837931034482757,930.216,60.672413793103445,11
2026-07-22,MANDI018,Maize,18972.0,0.0,,,,,False,27.837931034482757,930.216,60.672413793103445,11
2026-07-22,MANDI048,Maize,0.0,7.0,,,,,False,27.837931034482757,930.216,60.672413793103445,11
2026-07-23,MANDI033,Rice,36345.0,0.0,,,,,False,25.98980213089802,1419.356,65.41095890410959,12
2026-07-23,MANDI057,Cotton,39631.0,100.0,,,,,False,25.98980213089802,1419.356,65.41095890410959,12
2026-07-23,MANDI002,Wheat,18997.0,150.0,,,,,False,25.98980213089802,1419.356,65.41095890410959,12
2026-07-23,MANDI016,Maize,48240.0,52.0,,,,,False,25.98980213089802,1419.356,65.41095890410959,12
2026-07-23,MANDI025,Cotton,8895.0,0.0,,,,,False,25.98980213089802,1419.356,65.41095890410959,12
2026-07-23,MANDI027,Maize,25519.0,90.0,,,,,False,25.98980213089802,1419.356,65.41095890410959,12
2026-07-23,MANDI031,Mustard,38501.0,89.0,,,,,False,25.98980213089802,1419.356,65.41095890410959,12
2026-07-23,MANDI018,Sugarcane,38443.0,141.0,,,,,False,25.98980213089802,1419.356,65.41095890410959,12
2026-07-23,MANDI019,Cotton,28506.0,0.0,,,,,False,25.98980213089802,1419.356,65.41095890410959,12
2026-07-23,MANDI022,Basmati,34565.0,9.0,,,,,False,25.98980213089802,1419.356,65.41095890410959,12
2026-07-23,MANDI027,Wheat,88092.0,0.0,,,,,False,25.98980213089802,1419.356,65.41095890410959,12
2026-07-23,MANDI033,Rice,31491.000000000004,26.0,,,,,False,25.98980213089802,1419.356,65.41095890410959,12
2026-07-24,MANDI012,Maize,36256.0,222.0,,,,,False,27.73970588235294,1183.934,65.44117647058823,7
2026-07-24,MANDI032,Maize,45606.0,0.0,,,,,False,27.73970588235294,1183.934,65.44117647058823,7
2026-07-24,MANDI023,Wheat,32791.0,0.0,,,,,False,27.73970588235294,1183.934,65.44117647058823,7
2026-07-24,MANDI003,Wheat,0.0,64.0,,,,,False,27.73970588235294,1183.934,65.44117647058823,7
2026-07-24,MANDI002,Mustard,39713.0,19.0,,,,,False,27.73970588235294,1183.934,65.44117647058823,7
2026-07-24,MANDI007,Mustard,6455.0,94.0,,,,,False,27.73970588235294,1183.934,65.44117647058823,7
2026-07-24,MANDI018,Rice,0.0,89.0,,,,,False,27.73970588235294,1183.934,65.44117647058823,7
2026-07-24,MANDI019,Sugarcane,0.0,36.0,,,,,False,27.73970588235294,1183.934,65.44117647058823,7
2026-07-24,MANDI022,Sugarcane,15055.000000000002,0.0,,,,,False,27.73970588235294,1183.934,65.44117647058823,7
2026-07-24,MANDI041,Sugarcane,0.0,54.0,,,,,False,27.73970588235294,1183.934,65.44117647058823,7
2026-07-24,MANDI050,Wheat,25764.0,107.0,2207.56,,,,False,27.73970588235294,1183.934,65.44117647058823,7
2026-07-24,MANDI053,Cotton,28223.0,110.0,,,,,False,27.73970588235294,1183.934,65.44117647058823,7
2026-07-24,MANDI054,Wheat,0.0,130.0,,,,,False,27.73970588235294,1183.934,65.44117647058823,7
2026-07-24,MANDI055,Rice,0.0,103.0,,,,,False,27.73970588235294,1183.934,65.44117647058823,7
2026-07-24,MANDI047,Maize,2094.0,100.0,,,,,False,27.73970588235294,1183.934,65.44117647058823,7
2026-07-25,MANDI006,Cotton,46355.0,68.0,,,,,False,26.376923076923074,1048.494,59.0,8
2026-07-25,MANDI023,Cotton,15244.0,32.0,,,,,False,26.376923076923074,1048.494,59.0,8
2026-07-25,MANDI029,Mustard,27200.0,0.0,,,,,False,26.376923076923074,1048.494,59.0,8
2026-07-25,MANDI016,Cotton,13291.999999999998,53.0,5914.36,,6296.52,,True,26.376923076923074,1048.494,59.0,8
2026-07-25,MANDI024,Maize,0.0,125.0,,,,,False,26.376923076923074,1048.494,59.0,8
2026-07-25,MANDI036,Wheat,9223.0,69.0,,,,,False,26.376923076923074,1048.494,59.0,8
2026-07-25,MANDI036,Wheat,9442.0,0.0,,,,,False,26.376923076923074,1048.494,59.0,8
2026-07-25,MANDI043,Rice,0.0,143.0,,,,,False,26.376923076923074,1048.494,59.0,8
2026-07-25,MANDI047,Sugarcane,5654.0,65.0,,,,,False,26.376923076923074,1048.494,59.0,8
2026-07-25,MANDI050,Cotton,11947.0,36.0,,,,,False,26.376923076923074,1048.494,59.0,8
2026-07-25,MANDI055,Cotton,21051.0,33.0,,,,,False,26.376923076923074,1048.494,59.0,8
2026-07-25,MANDI056,Wheat,34736.00000000001,84.0,,,,,False,26.376923076923074,1048.494,59.0,8
2026-07-25,MANDI011,Wheat,28108.0,37.0,,,2135.94,,True,26.376923076923074,1048.494,59.0,8
2026-07-25,MANDI007,Basmati,0.0,17.0,,,,,False,26.376923076923074,1048.494,59.0,8
2026-07-25,MANDI012,Wheat,0.0,0.0,,,,,False,26.376923076923074,1048.494,59.0,8
2026-07-25,MANDI048,Maize,43481.0,34.0,,,,,False,26.376923076923074,1048.494,59.0,8
2026-07-25,MANDI050,Wheat,28593.0,136.0,,,,,False,26.376923076923074,1048.494,59.0,8
2026-07-25,MANDI056,Cotton,0.0,89.0,,,,,False,26.376923076923074,1048.494,59.0,8
2026-07-26,MANDI040,Maize,0.0,90.0,,,,,False,24.454106280193237,946.446,63.869565217391305,5
2026-07-26,MANDI018,Mustard,35735.0,104.0,,6742.926675847662,,,False,24.454106280193237,946.446,63.869565217391305,5
2026-07-26,MANDI021,Mustard,0.0,73.0,,6721.24,6122.08,,True,24.454106280193237,946.446,63.869565217391305,5
2026-07-26,MANDI022,Sugarcane,20921.0,74.0,,,,,False,24.454106280193237,946.446,63.869565217391305,5
2026-07-26,MANDI044,Sugarcane,0.0,76.0,,,,,False,24.454106280193237,946.446,63.869565217391305,5
2026-07-26,MANDI050,Mustard,40080.0,119.0,,,,,False,24.454106280193237,946.446,63.869565217391305,5
2026-07-26,MANDI003,Cotton,46879.0,53.0,,,,,False,24.454106280193237,946.446,63.869565217391305,5
2026-07-26,MANDI004,Rice,0.0,143.0,,,,,False,24.454106280193237,946.446,63.869565217391305,5
2026-07-26,MANDI012,Wheat,18763.0,110.0,,,,,False,24.454106280193237,946.446,63.869565217391305,5
2026-07-26,MANDI013,Cotton,0.0,137.0,,,,,False,24.454106280193237,946.446,63.869565217391305,5
2026-07-26,MANDI016,Cotton,0.0,103.0,,,,,False,24.454106280193237,946.446,63.869565217391305,5
2026-07-26,MANDI016,Sugarcane,28937.0,41.0,,,,,False,24.454106280193237,946.446,63.869565217391305,5
2026-07-26,MANDI027,Makki,0.0,18.0,,,,,False,24.454106280193237,946.446,63.869565217391305,5
2026-07-26,MANDI044,Sugarcane,6031.0,8.0,,,,,False,24.454106280193237,946.446,63.869565217391305,5
2026-07-26,MANDI024,Maize,9802.0,36.0,,,,,False,24.454106280193237,946.446,63.869565217391305,5
2026-07-27,MANDI026,Rice,11228.0,0.0,,,,,False,27.122657952069716,754.396,60.05882352941177,11
2026-07-27,MANDI042,Maize,0.0,91.0,,,,,False,27.122657952069716,754.396,60.05882352941177,11
2026-07-27,MANDI008,Maize,6575.0,17.0,,,,,False,27.122657952069716,754.396,60.05882352941177,11
2026-07-27,MANDI017,Rice,0.0,30.0,,,,,False,27.122657952069716,754.396,60.05882352941177,11
2026-07-27,MANDI020,Sugarcane,29342.0,92.0,,,,,False,27.122657952069716,754.396,60.05882352941177,11
2026-07-27,MANDI028,Maize,45090.0,79.0,,,,,False,27.122657952069716,754.396,60.05882352941177,11
2026-07-27,MANDI038,Wheat,0.0,44.0,,,,,False,27.122657952069716,754.396,60.05882352941177,11
2026-07-27,MANDI055,Sugarcane,24947.0,39.0,,,,,False,27.122657952069716,754.396,60.05882352941177,11
2026-07-27,MANDI016,Rice,7048.999999999999,116.0,,,,,False,27.122657952069716,754.396,60.05882352941177,11
2026-07-27,MANDI022,Sugarcane,0.0,43.0,,,,,False,27.122657952069716,754.396,60.05882352941177,11
2026-07-27,MANDI047,Wheat,1571.0000000000002,15.0,,,,,False,27.122657952069716,754.396,60.05882352941177,11
2026-07-27,MANDI055,Cotton,23308.0,23.0,,,,,False,27.122657952069716,754.396,60.05882352941177,11
2026-07-27,MANDI057,Rice,32939.0,114.0,,,,,False,27.122657952069716,754.396,60.05882352941177,11
2026-07-27,MANDI010,Cotton,27086.0,0.0,,,,,False,27.122657952069716,754.396,60.05882352941177,11
2026-07-27,MANDI041,Cotton,37417.0,99.0,,,,,False,27.122657952069716,754.396,60.05882352941177,11
2026-07-28,MANDI037,Mustard,0.0,57.0,,,,,False,27.230423280423278,813.7339999999999,62.523809523809526,8
2026-07-28,MANDI003,Cotton,34830.0,10.0,,,,,False,27.230423280423278,813.7339999999999,62.523809523809526,8
2026-07-28,MANDI019,Maize,5730.0,0.0,,,,,False,27.230423280423278,813.7339999999999,62.523809523809526,8
2026-07-28,MANDI039,Maize,13488.999999999998,61.0,,,,,False,27.230423280423278,813.7339999999999,62.523809523809526,8
2026-07-28,MANDI054,Wheat,31720.0,116.0,,,,,False,27.230423280423278,813.7339999999999,62.523809523809526,8
2026-07-28,MANDI054,Maize,11328.0,0.0,,,,,False,27.230423280423278,813.7339999999999,62.523809523809526,8
2026-07-28,MANDI057,Mustard,1201.0,143.0,,,,,False,27.230423280423278,813.7339999999999,62.523809523809526,8
2026-07-28,MANDI030,Sugarcane,12296.0,0.0,,,,,False,27.230423280423278,813.7339999999999,62.523809523809526,8
2026-07-28,MANDI057,Cotton,33972.0,106.0,,,,,False,27.230423280423278,813.7339999999999,62.523809523809526,8
2026-07-28,MANDI016,Maize,0.0,103.0,,,,,False,27.230423280423278,813.7339999999999,62.523809523809526,8
2026-07-28,MANDI051,Makki,27719.0,134.0,,,,,False,27.230423280423278,813.7339999999999,62.523809523809526,8
2026-07-29,MANDI052,Makki,3107.0,0.0,,,,,False,28.07456140350877,802.838,60.973684210526315,5
2026-07-29,MANDI029,Maize,0.0,111.0,,,,,False,28.07456140350877,802.838,60.973684210526315,5
2026-07-29,MANDI031,Mustard,26092.0,86.0,,,,,False,28.07456140350877,802.838,60.973684210526315,5
2026-07-29,MANDI032,Cotton,0.0,208.0,,,,,False,28.07456140350877,802.838,60.973684210526315,5
2026-07-29,MANDI032,Rice,31034.0,118.0,,,,,False,28.07456140350877,802.838,60.973684210526315,5
2026-07-29,MANDI038,Sugarcane,0.0,0.0,,,,,False,28.07456140350877,802.838,60.973684210526315,5
2026-07-29,MANDI055,Mustard,0.0,0.0,,,,,False,28.07456140350877,802.838,60.973684210526315,5
2026-07-29,MANDI036,Makki,38645.0,129.0,,,,,False,28.07456140350877,802.838,60.973684210526315,5
2026-07-29,MANDI036,Wheat,23698.0,132.0,,,,,False,28.07456140350877,802.838,60.973684210526315,5
2026-07-29,MANDI037,Maize,0.0,0.0,,,,,False,28.07456140350877,802.838,60.973684210526315,5
2026-07-29,MANDI045,Sugarcane,41410.0,60.0,,,,,False,28.07456140350877,802.838,60.973684210526315,5
2026-07-29,MANDI046,Sugarcane,42392.0,144.0,,,,,False,28.07456140350877,802.838,60.973684210526315,5
2026-07-29,MANDI047,Rice,25031.0,128.0,,,,,False,28.07456140350877,802.838,60.973684210526315,5
2026-07-29,MANDI048,Mustard,43090.0,120.0,5908.62,7141.135340866453,,,False,28.07456140350877,802.838,60.973684210526315,5
2026-07-29,MANDI023,Wheat,6086.0,57.0,,,,,False,28.07456140350877,802.838,60.973684210526315,5
2026-07-29,MANDI036,Mustard,14982.0,110.0,,,,,False,28.07456140350877,802.838,60.973684210526315,5
2026-07-29,MANDI002,Mustard,18951.0,64.0,,,,,False,28.07456140350877,802.838,60.973684210526315,5
2026-07-29,MANDI031,Wheat,27559.0,43.0,,,,,False,28.07456140350877,802.838,60.973684210526315,5
2026-07-29,MANDI049,Cotton,37436.0,100.0,,,,,False,28.07456140350877,802.838,60.973684210526315,5
2026-07-30,MANDI049,Sugarcane,7405.0,100.0,,,,,False,27.2212962962963,918.092,63.895833333333336,8
2026-07-30,MANDI002,Maize,0.0,8.0,,,,,False,27.2212962962963,918.092,63.895833333333336,8
2026-07-30,MANDI011,Cotton,35026.0,24.0,,,,,False,27.2212962962963,918.092,63.895833333333336,8
2026-07-30,MANDI005,Maize,42717.0,0.0,,,,,False,27.2212962962963,918.092,63.895833333333336,8
2026-07-30,MANDI007,Wheat,26125.0,0.0,,,,,False,27.2212962962963,918.092,63.895833333333336,8
2026-07-30,MANDI012,Maize,49312.0,78.0,,,,,False,27.2212962962963,918.092,63.895833333333336,8
2026-07-30,MANDI013,Rice,47702.0,71.0,,,,,False,27.2212962962963,918.092,63.895833333333336,8
2026-07-30,MANDI016,Sugarcane,40390.0,18.0,3519.62,3906.64,,,False,27.2212962962963,918.092,63.895833333333336,8
2026-07-30,MANDI017,Cotton,39378.0,132.0,,6322.36,,,False,27.2212962962963,918.092,63.895833333333336,8
2026-07-30,MANDI019,Sugarcane,0.0,0.0,,,,,False,27.2212962962963,918.092,63.895833333333336,8
2026-07-30,MANDI024,Maize,0.0,27.0,1894.5413904781092,2340.951697276724,2117.75,,True,27.2212962962963,918.092,63.895833333333336,8
2026-07-30,MANDI033,Rice,3618.0,7.0,,,,,False,27.2212962962963,918.092,63.895833333333336,8
2026-07-30,MANDI037,Sugarcane,0.0,7.0,,,,,False,27.2212962962963,918.092,63.895833333333336,8
2026-07-30,MANDI051,Cotton,7398.0,30.0,,,,,False,27.2212962962963,918.092,63.895833333333336,8
2026-07-30,MANDI041,Makki,6362.0,10.0,,,,,False,27.2212962962963,918.092,63.895833333333336,8
2026-07-30,MANDI027,Rice,28189.999999999996,118.0,,,,,False,27.2212962962963,918.092,63.895833333333336,8
2026-07-30,MANDI029,Rice,33556.0,0.0,1974.42,,2116.64,,True,27.2212962962963,918.092,63.895833333333336,8
2026-07-31,MANDI010,Rice,42118.0,55.0,,,,,False,28.03174603174603,1192.632,57.517857142857146,2
2026-07-31,MANDI041,Maize,0.0,43.0,,,,,False,28.03174603174603,1192.632,57.517857142857146,2
2026-07-31,MANDI056,Sugarcane,27454.000000000004,5.0,,,,,False,28.03174603174603,1192.632,57.517857142857146,2
2026-07-31,MANDI009,Maize,0.0,0.0,,,,,False,28.03174603174603,1192.632,57.517857142857146,2
2026-07-31,MANDI011,Maize,33448.0,138.0,,,,,False,28.03174603174603,1192.632,57.517857142857146,2
2026-07-31,MANDI012,Sugarcane,11081.0,116.0,,,,,False,28.03174603174603,1192.632,57.517857142857146,2
2026-07-31,MANDI014,Wheat,39323.0,45.0,,,,,False,28.03174603174603,1192.632,57.517857142857146,2
2026-07-31,MANDI019,Rice,47700.0,16.0,2123.1,2232.46,,,False,28.03174603174603,1192.632,57.517857142857146,2
2026-07-31,MANDI020,Rice,34161.0,77.0,,,,,False,28.03174603174603,1192.632,57.517857142857146,2
2026-07-31,MANDI021,Wheat,0.0,44.0,,2526.29,,,False,28.03174603174603,1192.632,57.517857142857146,2
2026-07-31,MANDI045,Cotton,26580.0,69.0,,,,,False,28.03174603174603,1192.632,57.517857142857146,2
2026-07-31,MANDI046,Wheat,0.0,0.0,,,,,False,28.03174603174603,1192.632,57.517857142857146,2
2026-07-31,MANDI056,Maize,48014.0,113.0,,,,,False,28.03174603174603,1192.632,57.517857142857146,2
2026-07-31,MANDI009,Sugarcane,15310.0,114.0,,,,,False,28.03174603174603,1192.632,57.517857142857146,2
2026-07-31,MANDI012,Basmati,31293.0,140.0,,,,,False,28.03174603174603,1192.632,57.517857142857146,2
2026-07-31,MANDI017,Sugarcane,46758.0,117.0,,,,,False,28.03174603174603,1192.632,57.517857142857146,2
2026-08-01,MANDI014,Cotton,38192.0,0.0,,,,,False,27.352546296296296,981.578,63.020833333333336,6
2026-08-01,MANDI004,Sugarcane,0.0,128.0,,,,,False,27.352546296296296,981.578,63.020833333333336,6
2026-08-01,MANDI006,Cotton,0.0,5.0,,,,,False,27.352546296296296,981.578,63.020833333333336,6
2026-08-01,MANDI009,Mustard,13977.0,91.0,,,,,False,27.352546296296296,981.578,63.020833333333336,6
2026-08-01,MANDI018,Rice,0.0,46.0,,,,,False,27.352546296296296,981.578,63.020833333333336,6
2026-08-01,MANDI020,Wheat,39510.00000000001,127.0,,,,,False,27.352546296296296,981.578,63.020833333333336,6
2026-08-01,MANDI021,Rice,40966.0,96.0,,,,,False,27.352546296296296,981.578,63.020833333333336,6
2026-08-01,MANDI036,Maize,44123.0,72.0,2054.55,2327.65,,2090.0,False,27.352546296296296,981.578,63.020833333333336,6
2026-08-01,MANDI036,Wheat,44348.0,17.0,,,,,False,27.352546296296296,981.578,63.020833333333336,6
2026-08-01,MANDI039,Sugarcane,38225.0,0.0,,,,,False,27.352546296296296,981.578,63.020833333333336,6
2026-08-01,MANDI045,Maize,0.0,130.0,,,2355.9,,True,27.352546296296296,981.578,63.020833333333336,6
2026-08-01,MANDI051,Mustard,0.0,109.0,,,,,False,27.352546296296296,981.578,63.020833333333336,6
2026-08-01,MANDI056,Sugarcane,29411.0,0.0,,,,,False,27.352546296296296,981.578,63.020833333333336,6
2026-08-01,MANDI001,Maize,28939.0,100.0,,,,,False,27.352546296296296,981.578,63.020833333333336,6
2026-08-01,MANDI015,Cotton,5665.0,43.0,,,,,False,27.352546296296296,981.578,63.020833333333336,6
2026-08-01,MANDI026,Rice,45679.0,89.0,,,,,False,27.352546296296296,981.578,63.020833333333336,6
2026-08-01,MANDI034,Wheat,34083.0,31.0,,,,,False,27.352546296296296,981.578,63.020833333333336,6
2026-08-01,MANDI048,Cotton,28725.0,89.0,,,,,False,27.352546296296296,981.578,63.020833333333336,6
2026-08-02,MANDI035,Rice,7919.0,122.0,,,,,False,25.436206896551724,884.45,65.13793103448276,9
2026-08-02,MANDI054,Rice,16715.0,131.0,,,,,False,25.436206896551724,884.45,65.13793103448276,9
2026-08-02,MANDI020,Sugarcane,29129.000000000004,53.0,,,,,False,25.436206896551724,884.45,65.13793103448276,9
2026-08-02,MANDI022,Maize,18234.0,122.0,,,,,False,25.436206896551724,884.45,65.13793103448276,9
2026-08-02,MANDI042,Cotton,0.0,49.0,,,,,False,25.436206896551724,884.45,65.13793103448276,9
2026-08-02,MANDI048,Cotton,9806.0,129.0,,,,,False,25.436206896551724,884.45,65.13793103448276,9
2026-08-02,MANDI056,Rice,45265.0,111.0,,,,,False,25.436206896551724,884.45,65.13793103448276,9
2026-08-02,MANDI041,Mustard,34037.0,0.0,,,,,False,25.436206896551724,884.45,65.13793103448276,9
2026-08-02,MANDI022,Wheat,17002.0,113.0,,,2212.69,,True,25.436206896551724,884.45,65.13793103448276,9
2026-08-02,MANDI024,Mustard,25137.0,60.0,,,,,False,25.436206896551724,884.45,65.13793103448276,9
2026-08-03,MANDI023,Sugarcane,0.0,135.0,,3909.21,,,False,27.137179487179488,1055.802,57.92307692307692,7
2026-08-03,MANDI034,Rice,0.0,98.0,,,,,False,27.137179487179488,1055.802,57.92307692307692,7
2026-08-03,MANDI049,Cotton,32693.0,82.0,,,,,False,27.137179487179488,1055.802,57.92307692307692,7
2026-08-03,MANDI001,Sugarcane,0.0,48.0,,,,,False,27.137179487179488,1055.802,57.92307692307692,7
2026-08-03,MANDI007,Maize,16878.999999999996,54.0,,,,,False,27.137179487179488,1055.802,57.92307692307692,7
2026-08-03,MANDI011,Rice,38989.0,94.0,,,,,False,27.137179487179488,1055.802,57.92307692307692,7
2026-08-03,MANDI026,Cotton,49228.0,0.0,,,,,False,27.137179487179488,1055.802,57.92307692307692,7
2026-08-03,MANDI040,Wheat,18916.0,0.0,,2565.59,,,False,27.137179487179488,1055.802,57.92307692307692,7
2026-08-03,MANDI042,Maize,0.0,0.0,,,,,False,27.137179487179488,1055.802,57.92307692307692,7
2026-08-03,MANDI053,Wheat,31559.0,128.0,2091.66,,,,False,27.137179487179488,1055.802,57.92307692307692,7
2026-08-03,MANDI056,Maize,0.0,69.0,,,,,False,27.137179487179488,1055.802,57.92307692307692,7
2026-08-03,MANDI057,Sugarcane,12818.0,53.0,,,,,False,27.137179487179488,1055.802,57.92307692307692,7
2026-08-03,MANDI002,Sugarcane,0.0,29.0,,,,,False,27.137179487179488,1055.802,57.92307692307692,7
2026-08-03,MANDI026,Cotton,13719.0,35.0,,,,,False,27.137179487179488,1055.802,57.92307692307692,7
2026-08-04,MANDI019,Mustard,42922.0,93.0,,,,,False,28.105084745762714,1251.404,61.644067796610166,7
2026-08-04,MANDI057,Sugarcane,43618.0,14.0,,,,,False,28.105084745762714,1251.404,61.644067796610166,7
2026-08-04,MANDI011,Rice,34418.0,61.0,,,,,False,28.105084745762714,1251.404,61.644067796610166,7
2026-08-04,MANDI014,Mustard,23900.0,0.0,,,,,False,28.105084745762714,1251.404,61.644067796610166,7
2026-08-04,MANDI019,Rice,18487.0,9.0,,,,,False,28.105084745762714,1251.404,61.644067796610166,7
2026-08-04,MANDI035,Cotton,30002.999999999996,101.0,,7431.45,,,False,28.105084745762714,1251.404,61.644067796610166,7
2026-08-04,MANDI035,Maize,13540.0,93.0,,,,,False,28.105084745762714,1251.404,61.644067796610166,7
2026-08-04,MANDI042,Wheat,9038.0,47.0,,,,,False,28.105084745762714,1251.404,61.644067796610166,7
2026-08-04,MANDI049,Rice,13263.0,62.0,,,,,False,28.105084745762714,1251.404,61.644067796610166,7
2026-08-04,MANDI003,Wheat,44199.0,38.0,,,,,False,28.105084745762714,1251.404,61.644067796610166,7
2026-08-04,MANDI012,Cotton,0.0,79.0,,,,,False,28.105084745762714,1251.404,61.644067796610166,7
2026-08-04,MANDI032,Wheat,25320.0,48.0,,,,,False,28.105084745762714,1251.404,61.644067796610166,7
2026-08-04,MANDI008,Mustard,5325.0,24.0,,5939.98,,5650.0,False,28.105084745762714,1251.404,61.644067796610166,7
2026-08-05,MANDI033,Cotton,46190.0,0.0,,,,,False,27.620454545454546,989.206,63.06818181818182,8
2026-08-05,MANDI007,Cotton,43931.0,95.0,,,,,False,27.620454545454546,989.206,63.06818181818182,8
2026-08-05,MANDI014,Maize,0.0,148.0,,,,,False,27.620454545454546,989.206,63.06818181818182,8
2026-08-05,MANDI016,Sugarcane,0.0,144.0,,,,,False,27.620454545454546,989.206,63.06818181818182,8
2026-08-05,MANDI020,Cotton,14100.0,35.0,5906.1,7355.67,6630.89,6620.0,True,27.620454545454546,989.206,63.06818181818182,8
2026-08-05,MANDI021,Sugarcane,0.0,122.0,,,,,False,27.620454545454546,989.206,63.06818181818182,8
2026-08-05,MANDI047,Wheat,0.0,0.0,,,,,False,27.620454545454546,989.206,63.06818181818182,8
2026-08-05,MANDI002,Maize,0.0,0.0,,,,,False,27.620454545454546,989.206,63.06818181818182,8
2026-08-05,MANDI006,Mustard,34636.0,143.0,,,,,False,27.620454545454546,989.206,63.06818181818182,8
2026-08-05,MANDI018,Maize,41707.0,92.0,,,,,False,27.620454545454546,989.206,63.06818181818182,8
2026-08-05,MANDI018,Mustard,21259.0,46.0,,,,,False,27.620454545454546,989.206,63.06818181818182,8
2026-08-05,MANDI018,Rice,0.0,5.0,,,,,False,27.620454545454546,989.206,63.06818181818182,8
2026-08-05,MANDI019,Wheat,47140.0,74.0,,,,,False,27.620454545454546,989.206,63.06818181818182,8
2026-08-05,MANDI020,Wheat,38550.0,66.0,,,,,False,27.620454545454546,989.206,63.06818181818182,8
2026-08-05,MANDI022,Cotton,37165.0,0.0,,,,,False,27.620454545454546,989.206,63.06818181818182,8
2026-08-05,MANDI022,Wheat,31232.0,49.0,,,,,False,27.620454545454546,989.206,63.06818181818182,8
2026-08-05,MANDI023,Sugarcane,36616.0,19.0,,,,,False,27.620454545454546,989.206,63.06818181818182,8
2026-08-05,MANDI032,Maize,29597.0,56.0,,,,,False,27.620454545454546,989.206,63.06818181818182,8
2026-08-05,MANDI049,Sugarcane,17329.0,55.0,3240.58,,3452.03,,True,27.620454545454546,989.206,63.06818181818182,8
2026-08-05,MANDI057,Wheat,0.0,0.0,,,,,False,27.620454545454546,989.206,63.06818181818182,8
2026-08-05,MANDI041,Maize,27164.0,87.0,,,,,False,27.620454545454546,989.206,63.06818181818182,8
2026-08-05,MANDI026,Makki,17899.0,21.0,,,,,False,27.620454545454546,989.206,63.06818181818182,8
2026-08-05,MANDI052,Wheat,30066.000000000004,10.0,,,,,False,27.620454545454546,989.206,63.06818181818182,8
2026-08-06,MANDI005,Maize,49702.0,0.0,,,,,False,24.113747645951037,1084.366,59.91525423728814,11
2026-08-06,MANDI025,Sugarcane,47972.0,117.0,,,,,False,24.113747645951037,1084.366,59.91525423728814,11
2026-08-06,MANDI017,Mustard,32817.0,70.0,,,,,False,24.113747645951037,1084.366,59.91525423728814,11
2026-08-06,MANDI019,Cotton,1882.0,72.0,,,,,False,24.113747645951037,1084.366,59.91525423728814,11
2026-08-06,MANDI028,Cotton,0.0,137.0,,,,,False,24.113747645951037,1084.366,59.91525423728814,11
2026-08-06,MANDI051,Wheat,41973.0,44.0,,,,,False,24.113747645951037,1084.366,59.91525423728814,11
2026-08-06,MANDI002,Cotton,49050.0,107.0,,,,,False,24.113747645951037,1084.366,59.91525423728814,11
2026-08-06,MANDI026,Mustard,44975.0,11.0,,,,,False,24.113747645951037,1084.366,59.91525423728814,11
2026-08-06,MANDI037,Cotton,33907.0,86.0,,,,,False,24.113747645951037,1084.366,59.91525423728814,11
2026-08-06,MANDI038,Maize,19787.0,0.0,,,,,False,24.113747645951037,1084.366,59.91525423728814,11
2026-08-06,MANDI040,Sugarcane,0.0,53.0,,,,,False,24.113747645951037,1084.366,59.91525423728814,11
2026-08-06,MANDI048,Wheat,31581.0,117.0,,,,,False,24.113747645951037,1084.366,59.91525423728814,11
2026-08-06,MANDI051,Cotton,44376.0,27.0,6022.52,,,6620.0,False,24.113747645951037,1084.366,59.91525423728814,11
2026-08-06,MANDI055,Wheat,23126.0,61.0,,,,,False,24.113747645951037,1084.366,59.91525423728814,11
2026-08-06,MANDI016,Maize,29151.0,57.0,,,1996.157869262532,,True,24.113747645951037,1084.366,59.91525423728814,11
2026-08-06,MANDI024,Rice,0.0,108.0,,,,,False,24.113747645951037,1084.366,59.91525423728814,11
2026-08-06,MANDI027,Cotton,4668.0,120.0,,,,,False,24.113747645951037,1084.366,59.91525423728814,11
2026-08-06,MANDI054,Cotton,49698.0,104.0,,,,,False,24.113747645951037,1084.366,59.91525423728814,11
2026-08-06,MANDI009,Cotton,15597.999999999998,0.0,,,,,False,24.113747645951037,1084.366,59.91525423728814,11
2026-08-06,MANDI046,Rice,4652.0,123.0,,,,,False,24.113747645951037,1084.366,59.91525423728814,11
2026-08-07,MANDI044,Wheat,0.0,270.0,,,,,False,28.245,1206.46,60.083333333333336,9
2026-08-07,MANDI010,Mustard,0.0,47.0,,,,,False,28.245,1206.46,60.083333333333336,9
2026-08-07,MANDI053,Rice,44868.0,61.0,,,,,False,28.245,1206.46,60.083333333333336,9
2026-08-07,MANDI001,Cotton,0.0,92.0,,,,,False,28.245,1206.46,60.083333333333336,9
2026-08-07,MANDI002,Mustard,22260.0,14.0,,,,,False,28.245,1206.46,60.083333333333336,9
2026-08-07,MANDI014,Sugarcane,0.0,123.0,,,,,False,28.245,1206.46,60.083333333333336,9
2026-08-07,MANDI018,Maize,15080.000000000002,23.0,,,,,False,28.245,1206.46,60.083333333333336,9
2026-08-07,MANDI023,Maize,45191.0,45.0,,,,,False,28.245,1206.46,60.083333333333336,9
2026-08-07,MANDI024,Makki,35257.0,110.0,,,,,False,28.245,1206.46,60.083333333333336,9
2026-08-07,MANDI041,Rice,35445.0,91.0,,,,,False,28.245,1206.46,60.083333333333336,9
2026-08-07,MANDI055,Sugarcane,4955.0,131.0,,,,,False,28.245,1206.46,60.083333333333336,9
2026-08-07,MANDI002,Maize,25607.0,124.0,,,,,False,28.245,1206.46,60.083333333333336,9
2026-08-07,MANDI016,Makki,11023.0,0.0,,,,,False,28.245,1206.46,60.083333333333336,9
2026-08-07,MANDI022,Mustard,38011.0,146.0,,,,,False,28.245,1206.46,60.083333333333336,9
2026-08-07,MANDI054,Maize,30150.0,63.0,,,,,False,28.245,1206.46,60.083333333333336,9
2026-08-08,MANDI008,Mustard,15840.0,0.0,,,,,False,28.58674463937622,902.278,64.3157894736842,11
2026-08-08,MANDI009,Mustard,8214.0,147.0,,,,,False,28.58674463937622,902.278,64.3157894736842,11
2026-08-08,MANDI032,Maize,0.0,82.0,1880.79,2317.91,2099.35,,True,28.58674463937622,902.278,64.3157894736842,11
2026-08-08,MANDI001,Sugarcane,31399.0,28.0,,,,,False,28.58674463937622,902.278,64.3157894736842,11
2026-08-08,MANDI002,Cotton,8806.000000000002,125.0,,,,,False,28.58674463937622,902.278,64.3157894736842,11
2026-08-08,MANDI023,Wheat,46987.0,118.0,,,,,False,28.58674463937622,902.278,64.3157894736842,11
2026-08-08,MANDI024,Sugarcane,11579.0,108.0,,,,,False,28.58674463937622,902.278,64.3157894736842,11
2026-08-08,MANDI027,Cotton,18844.0,123.0,,,,,False,28.58674463937622,902.278,64.3157894736842,11
2026-08-08,MANDI033,Sugarcane,31257.0,133.0,,,,,False,28.58674463937622,902.278,64.3157894736842,11
2026-08-08,MANDI046,Mustard,0.0,135.0,,,,,False,28.58674463937622,902.278,64.3157894736842,11
2026-08-08,MANDI011,Rice,0.0,109.0,,,,,False,28.58674463937622,902.278,64.3157894736842,11
2026-08-08,MANDI012,Sugarcane,31886.000000000004,117.0,,,,,False,28.58674463937622,902.278,64.3157894736842,11
2026-08-08,MANDI022,Maize,15340.0,47.0,,,,,False,28.58674463937622,902.278,64.3157894736842,11
2026-08-08,MANDI023,Mustard,0.0,132.0,,,,,False,28.58674463937622,902.278,64.3157894736842,11
2026-08-08,MANDI024,Mustard,1280.0,24.0,,,,,False,28.58674463937622,902.278,64.3157894736842,11
2026-08-08,MANDI028,Wheat,34454.0,134.0,,,,,False,28.58674463937622,902.278,64.3157894736842,11
2026-08-08,MANDI031,Cotton,49795.0,36.0,,,,,False,28.58674463937622,902.278,64.3157894736842,11
2026-08-08,MANDI045,Mustard,31919.0,54.0,,,,,False,28.58674463937622,902.278,64.3157894736842,11
2026-08-08,MANDI012,Mustard,0.0,59.0,,,5084.606482259234,,True,28.58674463937622,902.278,64.3157894736842,11
2026-08-08,MANDI022,Maize,43653.0,48.0,,,,,False,28.58674463937622,902.278,64.3157894736842,11
2026-08-08,MANDI044,Rice,0.0,69.0,,,,,False,28.58674463937622,902.278,64.3157894736842,11
2026-08-08,MANDI044,Sugarcane,0.0,47.0,,,,,False,28.58674463937622,902.278,64.3157894736842,11
2026-08-09,MANDI049,Rice,35078.0,41.0,,,,,False,26.542316784869975,755.302,62.53191489361702,8
2026-08-09,MANDI042,Rice,0.0,128.0,,,,,False,26.542316784869975,755.302,62.53191489361702,8
2026-08-09,MANDI024,Basmati,0.0,150.0,,,,,False,26.542316784869975,755.302,62.53191489361702,8
2026-08-09,MANDI037,Maize,42512.0,29.0,,,,,False,26.542316784869975,755.302,62.53191489361702,8
2026-08-09,MANDI001,Wheat,18650.0,23.0,,,,,False,26.542316784869975,755.302,62.53191489361702,8
2026-08-09,MANDI021,Maize,0.0,59.0,2144.53060927464,2355.37,,,False,26.542316784869975,755.302,62.53191489361702,8
2026-08-09,MANDI037,Sugarcane,35784.0,104.0,,,,,False,26.542316784869975,755.302,62.53191489361702,8
2026-08-09,MANDI039,Mustard,29224.0,138.0,,,,,False,26.542316784869975,755.302,62.53191489361702,8
2026-08-09,MANDI050,Sugarcane,44333.0,20.0,,,,,False,26.542316784869975,755.302,62.53191489361702,8
2026-08-09,MANDI053,Mustard,0.0,149.0,,,,,False,26.542316784869975,755.302,62.53191489361702,8
2026-08-09,MANDI054,Wheat,29347.0,78.0,,,,,False,26.542316784869975,755.302,62.53191489361702,8
2026-08-09,MANDI009,Wheat,45568.0,129.0,,,,,False,26.542316784869975,755.302,62.53191489361702,8
2026-08-09,MANDI026,Sugarcane,0.0,149.0,,,,,False,26.542316784869975,755.302,62.53191489361702,8
2026-08-09,MANDI050,Cotton,40593.0,0.0,,,,,False,26.542316784869975,755.302,62.53191489361702,8
2026-08-09,MANDI011,Cotton,34823.0,60.0,,,,,False,26.542316784869975,755.302,62.53191489361702,8
2026-08-09,MANDI013,Wheat,0.0,64.0,,,,,False,26.542316784869975,755.302,62.53191489361702,8
2026-08-10,MANDI011,Rice,0.0,77.0,,,,,False,26.57270955165692,1388.78,65.52631578947368,9
2026-08-10,MANDI009,Sugarcane,0.0,76.0,,,,,False,26.57270955165692,1388.78,65.52631578947368,9
2026-08-10,MANDI011,Sugarcane,2196.0,5.0,,,,,False,26.57270955165692,1388.78,65.52631578947368,9
2026-08-10,MANDI028,Sugarcane,49541.0,63.0,,,,,False,26.57270955165692,1388.78,65.52631578947368,9
2026-08-10,MANDI032,Mustard,0.0,64.0,,,,,False,26.57270955165692,1388.78,65.52631578947368,9
2026-08-10,MANDI009,Mustard,37252.0,116.0,5908.27,7338.56,,,False,26.57270955165692,1388.78,65.52631578947368,9
2026-08-10,MANDI026,Wheat,0.0,8.0,,,,,False,26.57270955165692,1388.78,65.52631578947368,9
2026-08-10,MANDI027,Cotton,26299.0,8.0,,,,,False,26.57270955165692,1388.78,65.52631578947368,9
2026-08-10,MANDI034,Maize,34901.0,125.0,,,,,False,26.57270955165692,1388.78,65.52631578947368,9
2026-08-10,MANDI041,Wheat,12542.0,105.0,,,,,False,26.57270955165692,1388.78,65.52631578947368,9
2026-08-10,MANDI041,Wheat,48870.0,142.0,,,,,False,26.57270955165692,1388.78,65.52631578947368,9
2026-08-10,MANDI043,Maize,0.0,39.0,,,,,False,26.57270955165692,1388.78,65.52631578947368,9
2026-08-10,MANDI052,Wheat,0.0,28.0,,,,,False,26.57270955165692,1388.78,65.52631578947368,9
2026-08-10,MANDI057,Cotton,48210.0,47.0,,,,,False,26.57270955165692,1388.78,65.52631578947368,9
2026-08-10,MANDI033,Sugarcane,34199.0,37.0,,,,,False,26.57270955165692,1388.78,65.52631578947368,9
2026-08-10,MANDI048,Sugarcane,21095.0,105.0,,,,,False,26.57270955165692,1388.78,65.52631578947368,9
2026-08-10,MANDI050,Basmati,0.0,31.0,,,,,False,26.57270955165692,1388.78,65.52631578947368,9
2026-08-10,MANDI008,Cotton,16789.0,33.0,,,,,False,26.57270955165692,1388.78,65.52631578947368,9
2026-08-10,MANDI012,Sugarcane,26899.0,106.0,,,,,False,26.57270955165692,1388.78,65.52631578947368,9
2026-08-10,MANDI015,Wheat,31776.0,12.0,,,,,False,26.57270955165692,1388.78,65.52631578947368,9
2026-08-10,MANDI020,Wheat,33243.0,127.0,,,,,False,26.57270955165692,1388.78,65.52631578947368,9
2026-08-11,MANDI018,Mustard,35455.0,0.0,,,,,False,26.832843137254905,1524.608,63.9264705882353,8
2026-08-11,MANDI015,Wheat,23816.0,139.0,,,,,False,26.832843137254905,1524.608,63.9264705882353,8
2026-08-11,MANDI003,Wheat,20063.0,20.0,,,,,False,26.832843137254905,1524.608,63.9264705882353,8
2026-08-11,MANDI005,Sugarcane,49087.0,116.0,,,,,False,26.832843137254905,1524.608,63.9264705882353,8
2026-08-11,MANDI007,Maize,44764.0,138.0,,,,,False,26.832843137254905,1524.608,63.9264705882353,8
2026-08-11,MANDI009,Cotton,3950.0,77.0,,,,,False,26.832843137254905,1524.608,63.9264705882353,8
2026-08-11,MANDI017,Sugarcane,32859.0,89.0,,,,,False,26.832843137254905,1524.608,63.9264705882353,8
2026-08-11,MANDI021,Maize,36614.0,83.0,,,,,False,26.832843137254905,1524.608,63.9264705882353,8
2026-08-11,MANDI026,Cotton,6942.0,48.0,,,,,False,26.832843137254905,1524.608,63.9264705882353,8
2026-08-11,MANDI041,Mustard,32193.0,0.0,,,,,False,26.832843137254905,1524.608,63.9264705882353,8
2026-08-11,MANDI048,Sugarcane,22481.0,88.0,,,,,False,26.832843137254905,1524.608,63.9264705882353,8
2026-08-11,MANDI051,Mustard,23997.0,42.0,,,,,False,26.832843137254905,1524.608,63.9264705882353,8
2026-08-11,MANDI051,Rice,42607.0,12.0,,,,,False,26.832843137254905,1524.608,63.9264705882353,8
2026-08-11,MANDI053,Mustard,3779.0,0.0,,,,,False,26.832843137254905,1524.608,63.9264705882353,8
2026-08-11,MANDI057,Rice,27582.0,72.0,,,,,False,26.832843137254905,1524.608,63.9264705882353,8
2026-08-11,MANDI013,Sugarcane,0.0,0.0,,,,,False,26.832843137254905,1524.608,63.9264705882353,8
2026-08-11,MANDI002,Sugarcane,39010.0,17.0,,,,,False,26.832843137254905,1524.608,63.9264705882353,8
2026-08-12,MANDI017,Sugarcane,45318.0,37.0,,,,,False,29.832323232323233,984.16,60.54545454545455,2
2026-08-12,MANDI031,Cotton,27797.000000000004,144.0,,,,,False,29.832323232323233,984.16,60.54545454545455,2
2026-08-12,MANDI037,Rice,18470.0,121.0,,,2406.96,2183.0,True,29.832323232323233,984.16,60.54545454545455,2
2026-08-12,MANDI044,Maize,12789.0,89.0,,,,,False,29.832323232323233,984.16,60.54545454545455,2
2026-08-12,MANDI001,Maize,20081.0,0.0,,,,,False,29.832323232323233,984.16,60.54545454545455,2
2026-08-12,MANDI005,Sugarcane,1837.0,67.0,,,,,False,29.832323232323233,984.16,60.54545454545455,2
2026-08-12,MANDI007,Wheat,0.0,139.0,,,,,False,29.832323232323233,984.16,60.54545454545455,2
2026-08-12,MANDI014,Maize,28306.0,49.0,,,,,False,29.832323232323233,984.16,60.54545454545455,2
2026-08-12,MANDI017,Rice,38541.0,29.0,,,,,False,29.832323232323233,984.16,60.54545454545455,2
2026-08-12,MANDI020,Sugarcane,7493.000000000001,138.0,,,,,False,29.832323232323233,984.16,60.54545454545455,2
2026-08-12,MANDI034,Wheat,36235.0,18.0,,,,,False,29.832323232323233,984.16,60.54545454545455,2
2026-08-12,MANDI036,Sugarcane,5730.0,48.0,,,,,False,29.832323232323233,984.16,60.54545454545455,2
2026-08-12,MANDI043,Rice,45638.0,0.0,,,,,False,29.832323232323233,984.16,60.54545454545455,2
2026-08-12,MANDI045,Sugarcane,47981.0,54.0,,,,,False,29.832323232323233,984.16,60.54545454545455,2
2026-08-12,MANDI046,Rice,9922.0,58.0,,,,,False,29.832323232323233,984.16,60.54545454545455,2
2026-08-12,MANDI054,Sugarcane,45979.0,46.0,,,,,False,29.832323232323233,984.16,60.54545454545455,2
2026-08-12,MANDI055,Wheat,0.0,0.0,,2424.29,,,False,29.832323232323233,984.16,60.54545454545455,2
2026-08-12,MANDI025,Cotton,15271.0,9.0,,,,,False,29.832323232323233,984.16,60.54545454545455,2
2026-08-12,MANDI041,Cotton,9928.0,123.0,,,,,False,29.832323232323233,984.16,60.54545454545455,2
2026-08-12,MANDI055,Mustard,0.0,84.0,,,,,False,29.832323232323233,984.16,60.54545454545455,2
2026-08-12,MANDI015,Rice,47191.0,14.0,,,,,False,29.832323232323233,984.16,60.54545454545455,2
2026-08-12,MANDI016,Maize,0.0,67.0,,,,,False,29.832323232323233,984.16,60.54545454545455,2
2026-08-12,MANDI023,Mustard,42555.0,49.0,,,5199.44,,True,29.832323232323233,984.16,60.54545454545455,2
2026-08-12,MANDI025,Cotton,2205.0,29.0,,,,,False,29.832323232323233,984.16,60.54545454545455,2
2026-08-13,MANDI015,Wheat,1544.0,0.0,,,,,False,27.649914529914533,1159.542,65.35384615384615,9
2026-08-13,MANDI036,Maize,44281.0,0.0,,,,,False,27.649914529914533,1159.542,65.35384615384615,9
2026-08-13,MANDI052,Makki,37515.0,83.0,,,,,False,27.649914529914533,1159.542,65.35384615384615,9
2026-08-13,MANDI024,Wheat,10175.0,80.0,,,,,False,27.649914529914533,1159.542,65.35384615384615,9
2026-08-13,MANDI025,Wheat,11832.0,94.0,,,,,False,27.649914529914533,1159.542,65.35384615384615,9
2026-08-13,MANDI037,Sugarcane,0.0,97.0,,,,,False,27.649914529914533,1159.542,65.35384615384615,9
2026-08-13,MANDI046,Cotton,0.0,0.0,,,,,False,27.649914529914533,1159.542,65.35384615384615,9
2026-08-13,MANDI015,Maize,2981.0,19.0,,,,,False,27.649914529914533,1159.542,65.35384615384615,9
2026-08-13,MANDI034,Sugarcane,0.0,84.0,,,,,False,27.649914529914533,1159.542,65.35384615384615,9
2026-08-13,MANDI047,Rice,38877.0,0.0,,,,,False,27.649914529914533,1159.542,65.35384615384615,9
2026-08-13,MANDI032,Wheat,16356.000000000002,0.0,,,,,False,27.649914529914533,1159.542,65.35384615384615,9
2026-08-14,MANDI006,Cotton,17372.999999999996,58.0,,,,,False,26.408159722222223,1244.984,61.015625,9
2026-08-14,MANDI019,Mustard,3140.0,22.0,,,,,False,26.408159722222223,1244.984,61.015625,9
2026-08-14,MANDI035,Mustard,0.0,116.0,,,,,False,26.408159722222223,1244.984,61.015625,9
2026-08-14,MANDI047,Mustard,41491.0,92.0,,,,,False,26.408159722222223,1244.984,61.015625,9
2026-08-14,MANDI033,Rice,3606.0,35.0,,,,,False,26.408159722222223,1244.984,61.015625,9
2026-08-14,MANDI033,Wheat,24678.0,15.0,,,,,False,26.408159722222223,1244.984,61.015625,9
2026-08-14,MANDI038,Rice,39595.0,134.0,,,,,False,26.408159722222223,1244.984,61.015625,9
2026-08-14,MANDI042,Sugarcane,45503.0,0.0,,,,,False,26.408159722222223,1244.984,61.015625,9
2026-08-14,MANDI045,Cotton,31513.0,15.0,,,,,False,26.408159722222223,1244.984,61.015625,9
2026-08-14,MANDI047,Rice,26952.0,12.0,,,,,False,26.408159722222223,1244.984,61.015625,9
2026-08-14,MANDI049,Maize,0.0,50.0,,,,,False,26.408159722222223,1244.984,61.015625,9
2026-08-14,MANDI006,Maize,25812.0,82.0,,,,,False,26.408159722222223,1244.984,61.015625,9
2026-08-14,MANDI029,Sugarcane,32519.0,43.0,,,,,False,26.408159722222223,1244.984,61.015625,9
2026-08-14,MANDI038,Maize,8862.0,70.0,,,,,False,26.408159722222223,1244.984,61.015625,9
2026-08-15,MANDI028,Sugarcane,0.0,142.0,,,,,False,26.748559670781894,1423.764,61.925925925925924,5
2026-08-15,MANDI042,Cotton,0.0,60.0,,,,,False,26.748559670781894,1423.764,61.925925925925924,5
2026-08-15,MANDI056,Sugarcane,12078.0,0.0,,,,,False,26.748559670781894,1423.764,61.925925925925924,5
2026-08-15,MANDI009,Sugarcane,31673.0,63.0,,,,,False,26.748559670781894,1423.764,61.925925925925924,5
2026-08-15,MANDI026,Maize,48201.0,134.0,,,,,False,26.748559670781894,1423.764,61.925925925925924,5
2026-08-15,MANDI029,Wheat,35175.0,98.0,,,,,False,26.748559670781894,1423.764,61.925925925925924,5
2026-08-15,MANDI030,Wheat,25184.0,114.0,,,,,False,26.748559670781894,1423.764,61.925925925925924,5
2026-08-15,MANDI038,Mustard,35796.0,18.0,,,,,False,26.748559670781894,1423.764,61.925925925925924,5
2026-08-15,MANDI043,Sugarcane,14544.0,136.0,,,,,False,26.748559670781894,1423.764,61.925925925925924,5
2026-08-15,MANDI046,Rice,0.0,34.0,,,,,False,26.748559670781894,1423.764,61.925925925925924,5
2026-08-15,MANDI048,Cotton,38643.0,28.0,,,,,False,26.748559670781894,1423.764,61.925925925925924,5
2026-08-15,MANDI024,Mustard,34977.99999999999,0.0,,,,,False,26.748559670781894,1423.764,61.925925925925924,5
2026-08-15,MANDI010,Rice,19888.0,125.0,,,,,False,26.748559670781894,1423.764,61.925925925925924,5
2026-08-15,MANDI024,Mustard,0.0,144.0,,,,,False,26.748559670781894,1423.764,61.925925925925924,5
2026-08-15,MANDI026,Cotton,0.0,28.0,,,,,False,26.748559670781894,1423.764,61.925925925925924,5
2026-08-16,MANDI020,Maize,33122.0,144.0,,,,,False,27.24769647696477,728.556,57.90243902439025,6
2026-08-16,MANDI056,Wheat,0.0,0.0,,,,,False,27.24769647696477,728.556,57.90243902439025,6
2026-08-16,MANDI042,Wheat,36040.0,0.0,1971.5,,,,False,27.24769647696477,728.556,57.90243902439025,6
2026-08-16,MANDI037,Mustard,25783.999999999996,131.0,,,,,False,27.24769647696477,728.556,57.90243902439025,6
2026-08-16,MANDI001,Maize,45273.0,121.0,,,,,False,27.24769647696477,728.556,57.90243902439025,6
2026-08-16,MANDI004,Sugarcane,48351.0,144.0,,,,,False,27.24769647696477,728.556,57.90243902439025,6
2026-08-16,MANDI006,Maize,0.0,0.0,,,,,False,27.24769647696477,728.556,57.90243902439025,6
2026-08-16,MANDI010,Wheat,21238.0,110.0,,,,,False,27.24769647696477,728.556,57.90243902439025,6
2026-08-16,MANDI035,Mustard,15694.0,6.0,,,,,False,27.24769647696477,728.556,57.90243902439025,6
2026-08-16,MANDI056,Maize,0.0,51.0,,,,,False,27.24769647696477,728.556,57.90243902439025,6
2026-08-16,MANDI001,Sugarcane,43399.0,70.0,,,,,False,27.24769647696477,728.556,57.90243902439025,6
2026-08-16,MANDI041,Rice,42899.0,30.0,,,,,False,27.24769647696477,728.556,57.90243902439025,6
2026-08-17,MANDI029,Mustard,42885.00000000001,62.0,,,,,False,29.125050505050503,895.314,59.81818181818182,8
2026-08-17,MANDI037,Sugarcane,9151.0,131.0,,,,,False,29.125050505050503,895.314,59.81818181818182,8
2026-08-17,MANDI041,Wheat,46665.0,27.0,,,,,False,29.125050505050503,895.314,59.81818181818182,8
2026-08-17,MANDI015,Cotton,0.0,0.0,,,,,False,29.125050505050503,895.314,59.81818181818182,8
2026-08-17,MANDI038,Sugarcane,36905.0,108.0,,,,,False,29.125050505050503,895.314,59.81818181818182,8
2026-08-17,MANDI045,Rice,42412.0,113.0,,,,,False,29.125050505050503,895.314,59.81818181818182,8
2026-08-17,MANDI055,Maize,8220.0,66.0,,,2155.37,,True,29.125050505050503,895.314,59.81818181818182,8
2026-08-17,MANDI009,Wheat,45094.0,124.0,2317.86,2612.09,2464.97,2275.0,True,29.125050505050503,895.314,59.81818181818182,8
2026-08-17,MANDI017,Maize,36046.0,0.0,,,,,False,29.125050505050503,895.314,59.81818181818182,8
2026-08-17,MANDI018,Rice,42123.00000000001,98.0,,,,,False,29.125050505050503,895.314,59.81818181818182,8
2026-08-18,MANDI011,Maize,14257.0,0.0,,,,,False,26.54655172413793,1148.716,60.5,7
2026-08-18,MANDI021,Cotton,49865.0,64.0,,,,,False,26.54655172413793,1148.716,60.5,7
2026-08-18,MANDI050,Wheat,33015.0,105.0,,,,,False,26.54655172413793,1148.716,60.5,7
2026-08-18,MANDI010,Sugarcane,19906.0,139.0,,,,,False,26.54655172413793,1148.716,60.5,7
2026-08-18,MANDI020,Makki,47071.0,97.0,,,,,False,26.54655172413793,1148.716,60.5,7
2026-08-18,MANDI041,Wheat,3529.9999999999995,0.0,,,,,False,26.54655172413793,1148.716,60.5,7
2026-08-18,MANDI024,Maize,21895.0,22.0,,,,,False,26.54655172413793,1148.716,60.5,7
2026-08-18,MANDI028,Wheat,0.0,52.0,,,,,False,26.54655172413793,1148.716,60.5,7
2026-08-18,MANDI055,Rice,21734.0,95.0,,,,,False,26.54655172413793,1148.716,60.5,7
2026-08-18,MANDI029,Sugarcane,25355.0,142.0,,,,,False,26.54655172413793,1148.716,60.5,7
2026-08-18,MANDI033,Wheat,3007.0,51.0,,,,,False,26.54655172413793,1148.716,60.5,7
2026-08-18,MANDI035,Mustard,48699.0,118.0,,,,,False,26.54655172413793,1148.716,60.5,7
2026-08-18,MANDI036,Rice,19239.0,0.0,,,,,False,26.54655172413793,1148.716,60.5,7
2026-08-18,MANDI047,Rice,0.0,96.0,,,,,False,26.54655172413793,1148.716,60.5,7
2026-08-19,MANDI057,Rice,43750.0,0.0,,,,,False,26.89121863799283,1452.5339999999999,61.20967741935484,5
2026-08-19,MANDI037,Makki,0.0,0.0,,,,,False,26.89121863799283,1452.5339999999999,61.20967741935484,5
2026-08-19,MANDI057,Wheat,33658.0,16.0,,,,,False,26.89121863799283,1452.5339999999999,61.20967741935484,5
2026-08-19,MANDI007,Rice,21229.0,34.0,,,,,False,26.89121863799283,1452.5339999999999,61.20967741935484,5
2026-08-19,MANDI019,Rice,1772.0,140.0,,,,,False,26.89121863799283,1452.5339999999999,61.20967741935484,5
2026-08-19,MANDI021,Cotton,47032.0,58.0,,,,,False,26.89121863799283,1452.5339999999999,61.20967741935484,5
2026-08-19,MANDI036,Maize,32264.999999999996,133.0,,,,,False,26.89121863799283,1452.5339999999999,61.20967741935484,5
2026-08-19,MANDI037,Maize,0.0,23.0,,,,,False,26.89121863799283,1452.5339999999999,61.20967741935484,5
2026-08-19,MANDI043,Rice,0.0,106.0,,,,,False,26.89121863799283,1452.5339999999999,61.20967741935484,5
2026-08-19,MANDI055,Wheat,10993.0,115.0,,,,,False,26.89121863799283,1452.5339999999999,61.20967741935484,5
2026-08-19,MANDI028,Mustard,22491.0,42.0,,,,,False,26.89121863799283,1452.5339999999999,61.20967741935484,5
2026-08-19,MANDI028,Wheat,26742.0,126.0,,,,,False,26.89121863799283,1452.5339999999999,61.20967741935484,5
2026-08-19,MANDI044,Wheat,16017.0,138.0,,,,,False,26.89121863799283,1452.5339999999999,61.20967741935484,5
2026-08-19,MANDI007,Rice,11833.0,7.0,,,,,False,26.89121863799283,1452.5339999999999,61.20967741935484,5
2026-08-20,MANDI028,Wheat,38466.0,113.0,2372.488209178912,2908.88,,,False,29.474396135265703,998.312,59.67391304347826,7
2026-08-20,MANDI035,Mustard,9982.0,96.0,,,,,False,29.474396135265703,998.312,59.67391304347826,7
2026-08-20,MANDI052,Maize,45632.0,50.0,,,,,False,29.474396135265703,998.312,59.67391304347826,7
2026-08-20,MANDI001,Cotton,24685.0,15.0,,,,,False,29.474396135265703,998.312,59.67391304347826,7
2026-08-20,MANDI012,Cotton,41596.0,88.0,,6370.4452374734665,6058.675851775299,,True,29.474396135265703,998.312,59.67391304347826,7
2026-08-20,MANDI012,Sugarcane,22980.0,79.0,,,,,False,29.474396135265703,998.312,59.67391304347826,7
2026-08-20,MANDI021,Cotton,33617.0,129.0,,,,,False,29.474396135265703,998.312,59.67391304347826,7
2026-08-20,MANDI023,Sugarcane,45609.0,109.0,,,,,False,29.474396135265703,998.312,59.67391304347826,7
2026-08-20,MANDI025,Wheat,28454.000000000004,134.0,,,,,False,29.474396135265703,998.312,59.67391304347826,7
2026-08-20,MANDI038,Basmati,0.0,25.0,,,,,False,29.474396135265703,998.312,59.67391304347826,7
2026-08-20,MANDI039,Rice,4927.0,144.0,,,,,False,29.474396135265703,998.312,59.67391304347826,7
2026-08-20,MANDI050,Maize,40818.0,146.0,,,,,False,29.474396135265703,998.312,59.67391304347826,7
2026-08-20,MANDI006,Mustard,36168.0,139.0,5015.94,6229.04,,,False,29.474396135265703,998.312,59.67391304347826,7
2026-08-20,MANDI011,Rice,14649.0,81.0,,,,,False,29.474396135265703,998.312,59.67391304347826,7
2026-08-21,MANDI044,Wheat,47746.0,100.0,,,,,False,28.638784067085954,1072.444,60.35849056603774,12
2026-08-21,MANDI017,Wheat,31781.0,49.0,,,,,False,28.638784067085954,1072.444,60.35849056603774,12
2026-08-21,MANDI057,Rice,0.0,148.0,,,,,False,28.638784067085954,1072.444,60.35849056603774,12
2026-08-21,MANDI026,Cotton,30400.0,96.0,,,,,False,28.638784067085954,1072.444,60.35849056603774,12
2026-08-21,MANDI045,Wheat,15485.0,7.0,,,,,False,28.638784067085954,1072.444,60.35849056603774,12
2026-08-21,MANDI002,Sugarcane,3588.0000000000005,42.0,,,,,False,28.638784067085954,1072.444,60.35849056603774,12
2026-08-21,MANDI017,Sugarcane,0.0,224.0,,,,,False,28.638784067085954,1072.444,60.35849056603774,12
2026-08-21,MANDI036,Cotton,14122.0,0.0,,,,,False,28.638784067085954,1072.444,60.35849056603774,12
2026-08-21,MANDI036,Rice,0.0,15.0,,,,,False,28.638784067085954,1072.444,60.35849056603774,12
2026-08-21,MANDI043,Cotton,4003.0,52.0,,,,,False,28.638784067085954,1072.444,60.35849056603774,12
2026-08-21,MANDI046,Rice,39908.0,0.0,,,,,False,28.638784067085954,1072.444,60.35849056603774,12
2026-08-21,MANDI056,Makki,28897.0,121.0,,,,,False,28.638784067085954,1072.444,60.35849056603774,12
2026-08-22,MANDI021,Wheat,39115.0,48.0,,,,,False,26.552880658436216,1163.0339999999999,59.648148148148145,6
2026-08-22,MANDI055,Maize,4181.0,58.0,,,,,False,26.552880658436216,1163.0339999999999,59.648148148148145,6
2026-08-22,MANDI012,Sugarcane,48558.0,146.0,,,,,False,26.552880658436216,1163.0339999999999,59.648148148148145,6
2026-08-22,MANDI015,Cotton,13044.999999999998,0.0,,,,,False,26.552880658436216,1163.0339999999999,59.648148148148145,6
2026-08-22,MANDI040,Wheat,32073.0,16.0,,,,,False,26.552880658436216,1163.0339999999999,59.648148148148145,6
2026-08-22,MANDI044,Maize,10024.0,90.0,,,,,False,26.552880658436216,1163.0339999999999,59.648148148148145,6
2026-08-22,MANDI046,Cotton,0.0,113.0,,,,,False,26.552880658436216,1163.0339999999999,59.648148148148145,6
2026-08-22,MANDI049,Cotton,0.0,149.0,,,,,False,26.552880658436216,1163.0339999999999,59.648148148148145,6
2026-08-22,MANDI049,Mustard,24506.0,0.0,5140.65,,,5650.0,False,26.552880658436216,1163.0339999999999,59.648148148148145,6
2026-08-22,MANDI001,Rice,17686.0,109.0,,,,,False,26.552880658436216,1163.0339999999999,59.648148148148145,6
2026-08-22,MANDI008,Wheat,49540.0,102.0,,,,,False,26.552880658436216,1163.0339999999999,59.648148148148145,6
2026-08-22,MANDI010,Wheat,22736.0,0.0,2341.6,2836.08,2588.84,,True,26.552880658436216,1163.0339999999999,59.648148148148145,6
2026-08-22,MANDI014,Mustard,2836.0,82.0,,,,,False,26.552880658436216,1163.0339999999999,59.648148148148145,6
2026-08-22,MANDI029,Rice,0.0,100.0,2089.476913944514,,2340.1638462993114,2183.0,True,26.552880658436216,1163.0339999999999,59.648148148148145,6
2026-08-22,MANDI032,Mustard,35470.0,48.0,,,,,False,26.552880658436216,1163.0339999999999,59.648148148148145,6
2026-08-22,MANDI034,Rice,4295.0,119.0,,,,,False,26.552880658436216,1163.0339999999999,59.648148148148145,6
2026-08-22,MANDI043,Wheat,24242.0,114.0,,,,,False,26.552880658436216,1163.0339999999999,59.648148148148145,6
2026-08-22,MANDI044,Wheat,9094.0,10.0,,,,,False,26.552880658436216,1163.0339999999999,59.648148148148145,6
2026-08-22,MANDI054,Wheat,22668.0,74.0,,,,,False,26.552880658436216,1163.0339999999999,59.648148148148145,6
2026-08-23,MANDI015,Wheat,41011.0,113.0,,,,,False,26.673224043715845,1107.326,64.08196721311475,10
2026-08-23,MANDI021,Rice,0.0,86.0,,,,,False,26.673224043715845,1107.326,64.08196721311475,10
2026-08-23,MANDI032,Cotton,0.0,0.0,,,,,False,26.673224043715845,1107.326,64.08196721311475,10
2026-08-23,MANDI039,Maize,29918.0,15.0,,,,,False,26.673224043715845,1107.326,64.08196721311475,10
2026-08-23,MANDI046,Maize,47533.0,50.0,,,,,False,26.673224043715845,1107.326,64.08196721311475,10
2026-08-23,MANDI051,Mustard,28426.0,143.0,,,,,False,26.673224043715845,1107.326,64.08196721311475,10
2026-08-23,MANDI052,Cotton,0.0,76.0,,,,,False,26.673224043715845,1107.326,64.08196721311475,10
2026-08-23,MANDI011,Cotton,2350.0,38.0,,,,,False,26.673224043715845,1107.326,64.08196721311475,10
2026-08-23,MANDI017,Sugarcane,0.0,0.0,,,,,False,26.673224043715845,1107.326,64.08196721311475,10
2026-08-23,MANDI055,Cotton,0.0,20.0,,,,,False,26.673224043715845,1107.326,64.08196721311475,10
2026-08-23,MANDI004,Cotton,9668.0,7.0,,,,,False,26.673224043715845,1107.326,64.08196721311475,10
2026-08-23,MANDI033,Mustard,67802.0,148.0,,,,,False,26.673224043715845,1107.326,64.08196721311475,10
2026-08-23,MANDI042,Cotton,5817.0,15.0,,,,,False,26.673224043715845,1107.326,64.08196721311475,10
2026-08-24,MANDI034,Rice,0.0,113.0,,,,,False,24.590384615384615,841.752,63.17307692307692,14
2026-08-24,MANDI023,Rice,13313.0,66.0,,,,,False,24.590384615384615,841.752,63.17307692307692,14
2026-08-24,MANDI036,Cotton,0.0,93.0,,,,,False,24.590384615384615,841.752,63.17307692307692,14
2026-08-24,MANDI057,Maize,1354.0,8.0,,,,,False,24.590384615384615,841.752,63.17307692307692,14
2026-08-24,MANDI003,Cotton,14291.0,37.0,,,,,False,24.590384615384615,841.752,63.17307692307692,14
2026-08-24,MANDI027,Cotton,17409.0,109.0,,,,,False,24.590384615384615,841.752,63.17307692307692,14
2026-08-24,MANDI047,Makki,4125.0,0.0,,,,,False,24.590384615384615,841.752,63.17307692307692,14
2026-08-24,MANDI005,Mustard,26189.0,0.0,,,,,False,24.590384615384615,841.752,63.17307692307692,14
2026-08-24,MANDI022,Wheat,23774.0,86.0,,,,,False,24.590384615384615,841.752,63.17307692307692,14
2026-08-24,MANDI031,Maize,4334.0,68.0,,,,,False,24.590384615384615,841.752,63.17307692307692,14
2026-08-24,MANDI035,Wheat,0.0,96.0,,,,,False,24.590384615384615,841.752,63.17307692307692,14
2026-08-24,MANDI013,Maize,24533.0,108.0,,,,,False,24.590384615384615,841.752,63.17307692307692,14
2026-08-25,MANDI057,Rice,2132.0,122.0,,,,,False,27.01687242798354,1071.116,59.75925925925926,7
2026-08-25,MANDI024,Sugarcane,47677.0,86.0,,,,,False,27.01687242798354,1071.116,59.75925925925926,7
2026-08-25,MANDI029,Wheat,0.0,0.0,,,,,False,27.01687242798354,1071.116,59.75925925925926,7
2026-08-25,MANDI033,Mustard,16494.0,111.0,,,,,False,27.01687242798354,1071.116,59.75925925925926,7
2026-08-25,MANDI055,Sugarcane,0.0,99.0,,,,,False,27.01687242798354,1071.116,59.75925925925926,7
2026-08-25,MANDI041,Sugarcane,34717.0,116.0,,,,,False,27.01687242798354,1071.116,59.75925925925926,7
2026-08-25,MANDI055,Rice,24150.0,7.0,,,,,False,27.01687242798354,1071.116,59.75925925925926,7
2026-08-25,MANDI018,Rice,18484.0,109.0,,,,,False,27.01687242798354,1071.116,59.75925925925926,7
2026-08-25,MANDI021,Mustard,20331.0,139.0,,,,,False,27.01687242798354,1071.116,59.75925925925926,7
2026-08-25,MANDI023,Rice,47280.0,28.0,,,,,False,27.01687242798354,1071.116,59.75925925925926,7
2026-08-25,MANDI011,Rice,48538.0,93.0,,,,,False,27.01687242798354,1071.116,59.75925925925926,7
2026-08-25,MANDI047,Maize,3747.0,118.0,,,,,False,27.01687242798354,1071.116,59.75925925925926,7
2026-08-25,MANDI023,Maize,0.0,66.0,,,,,False,27.01687242798354,1071.116,59.75925925925926,7
2026-08-25,MANDI029,Cotton,24091.0,93.0,,,,,False,27.01687242798354,1071.116,59.75925925925926,7
2026-08-25,MANDI035,Sugarcane,8997.0,20.0,,,,,False,27.01687242798354,1071.116,59.75925925925926,7
2026-08-25,MANDI037,Rice,0.0,116.0,,,,,False,27.01687242798354,1071.116,59.75925925925926,7
2026-08-25,MANDI039,Cotton,25312.0,152.0,,,,,False,27.01687242798354,1071.116,59.75925925925926,7
2026-08-25,MANDI054,Wheat,42125.0,14.0,,,,,False,27.01687242798354,1071.116,59.75925925925926,7
2026-08-26,MANDI006,Sugarcane,9853.0,0.0,,,,,False,30.455555555555556,1050.0439999999999,59.30612244897959,11
2026-08-26,MANDI012,Maize,2141.0,148.0,,,,,False,30.455555555555556,1050.0439999999999,59.30612244897959,11
2026-08-26,MANDI001,Wheat,0.0,141.0,,,,,False,30.455555555555556,1050.0439999999999,59.30612244897959,11
2026-08-26,MANDI053,Maize,0.0,52.0,,2213.9,2158.03,,True,30.455555555555556,1050.0439999999999,59.30612244897959,11
2026-08-26,MANDI015,Rice,45262.0,81.0,,,,,False,30.455555555555556,1050.0439999999999,59.30612244897959,11
2026-08-26,MANDI024,Sugarcane,10816.0,76.0,,,,,False,30.455555555555556,1050.0439999999999,59.30612244897959,11
2026-08-26,MANDI033,Wheat,21777.0,107.0,,,,,False,30.455555555555556,1050.0439999999999,59.30612244897959,11
2026-08-26,MANDI033,Maize,22723.0,33.0,,,,,False,30.455555555555556,1050.0439999999999,59.30612244897959,11
2026-08-26,MANDI044,Rice,7636.0,76.0,,,,,False,30.455555555555556,1050.0439999999999,59.30612244897959,11
2026-08-27,MANDI029,Rice,7416.0,91.0,2229.32,2783.5811918710533,2506.4530860634595,,True,28.216780045351474,1142.32,63.204081632653065,5
2026-08-27,MANDI011,Sugarcane,26952.0,28.0,,,,,False,28.216780045351474,1142.32,63.204081632653065,5
2026-08-27,MANDI021,Mustard,41557.0,0.0,,,,,False,28.216780045351474,1142.32,63.204081632653065,5
2026-08-27,MANDI019,Maize,41186.0,147.0,,,,,False,28.216780045351474,1142.32,63.204081632653065,5
2026-08-27,MANDI019,Wheat,8271.0,55.0,,2281.05,,,False,28.216780045351474,1142.32,63.204081632653065,5
2026-08-27,MANDI051,Cotton,47732.0,0.0,,,,,False,28.216780045351474,1142.32,63.204081632653065,5
2026-08-27,MANDI002,Mustard,34227.0,36.0,,,,,False,28.216780045351474,1142.32,63.204081632653065,5
2026-08-27,MANDI003,Maize,3400.0,0.0,,,,,False,28.216780045351474,1142.32,63.204081632653065,5
2026-08-27,MANDI008,Maize,4815.0,92.0,,,2210.2,2090.0,True,28.216780045351474,1142.32,63.204081632653065,5
2026-08-27,MANDI013,Sugarcane,32159.0,148.0,,,,,False,28.216780045351474,1142.32,63.204081632653065,5
2026-08-27,MANDI014,Basmati,0.0,143.0,,,,,False,28.216780045351474,1142.32,63.204081632653065,5
2026-08-27,MANDI020,Wheat,0.0,18.0,,,,,False,28.216780045351474,1142.32,63.204081632653065,5
2026-08-27,MANDI024,Wheat,17777.0,58.0,,,,,False,28.216780045351474,1142.32,63.204081632653065,5
2026-08-27,MANDI034,Wheat,20688.0,95.0,,,,,False,28.216780045351474,1142.32,63.204081632653065,5
2026-08-27,MANDI042,Sugarcane,0.0,65.0,,,,,False,28.216780045351474,1142.32,63.204081632653065,5
2026-08-27,MANDI043,Sugarcane,10548.0,61.0,,,,,False,28.216780045351474,1142.32,63.204081632653065,5
2026-08-27,MANDI046,Mustard,52664.0,210.0,,,,,False,28.216780045351474,1142.32,63.204081632653065,5
2026-08-27,MANDI057,Wheat,5347.0,33.0,,,,,False,28.216780045351474,1142.32,63.204081632653065,5
2026-08-27,MANDI001,Basmati,46246.0,53.0,,,,,False,28.216780045351474,1142.32,63.204081632653065,5
2026-08-27,MANDI016,Cotton,7215.999999999999,139.0,,,,,False,28.216780045351474,1142.32,63.204081632653065,5
2026-08-27,MANDI021,Maize,33619.0,14.0,,,,,False,28.216780045351474,1142.32,63.204081632653065,5
2026-08-27,MANDI004,Wheat,0.0,56.0,,,,,False,28.216780045351474,1142.32,63.204081632653065,5
2026-08-28,MANDI047,Sugarcane,0.0,145.0,,,,,False,26.996045197740113,1368.058,61.71186440677966,6
2026-08-28,MANDI010,Rice,18504.0,0.0,,,,,False,26.996045197740113,1368.058,61.71186440677966,6
2026-08-28,MANDI033,Rice,23590.0,31.0,,,,,False,26.996045197740113,1368.058,61.71186440677966,6
2026-08-28,MANDI037,Cotton,0.0,145.0,,,,,False,26.996045197740113,1368.058,61.71186440677966,6
2026-08-28,MANDI038,Rice,0.0,0.0,,,,,False,26.996045197740113,1368.058,61.71186440677966,6
2026-08-28,MANDI001,Maize,19794.0,100.0,,,,,False,26.996045197740113,1368.058,61.71186440677966,6
2026-08-28,MANDI008,Rice,35245.0,71.0,,,,,False,26.996045197740113,1368.058,61.71186440677966,6
2026-08-28,MANDI036,Wheat,0.0,47.0,,,,,False,26.996045197740113,1368.058,61.71186440677966,6
2026-08-28,MANDI047,Mustard,40508.0,56.0,,6256.292640058587,,,False,26.996045197740113,1368.058,61.71186440677966,6
2026-08-28,MANDI048,Mustard,0.0,0.0,,,,,False,26.996045197740113,1368.058,61.71186440677966,6
2026-08-28,MANDI051,Mustard,0.0,116.0,,,,,False,26.996045197740113,1368.058,61.71186440677966,6
2026-08-28,MANDI002,Mustard,32616.0,39.0,,,,,False,26.996045197740113,1368.058,61.71186440677966,6
2026-08-28,MANDI005,Wheat,34548.0,93.0,,2133.95,2047.14,,True,26.996045197740113,1368.058,61.71186440677966,6
2026-08-28,MANDI007,Wheat,0.0,0.0,,,,,False,26.996045197740113,1368.058,61.71186440677966,6
2026-08-28,MANDI008,Wheat,43333.0,142.0,,,,,False,26.996045197740113,1368.058,61.71186440677966,6
2026-08-28,MANDI015,Cotton,0.0,128.0,,,,,False,26.996045197740113,1368.058,61.71186440677966,6
2026-08-28,MANDI029,Mustard,39685.0,135.0,,,,,False,26.996045197740113,1368.058,61.71186440677966,6
2026-08-28,MANDI040,Sugarcane,11241.0,136.0,,,,,False,26.996045197740113,1368.058,61.71186440677966,6
2026-08-28,MANDI028,Maize,0.0,134.0,,,,,False,26.996045197740113,1368.058,61.71186440677966,6
2026-08-28,MANDI044,Rice,1186.0,63.0,,,,,False,26.996045197740113,1368.058,61.71186440677966,6
2026-08-28,MANDI049,Mustard,0.0,40.0,,,,,False,26.996045197740113,1368.058,61.71186440677966,6
2026-08-28,MANDI054,Mustard,1249.0,103.0,,,,,False,26.996045197740113,1368.058,61.71186440677966,6
2026-08-29,MANDI019,Cotton,22533.0,68.0,,,,,False,26.904691358024692,987.0079999999999,63.955555555555556,4
2026-08-29,MANDI005,Cotton,48650.0,71.0,,,,,False,26.904691358024692,987.0079999999999,63.955555555555556,4
2026-08-29,MANDI010,Cotton,15707.0,118.0,,,,,False,26.904691358024692,987.0079999999999,63.955555555555556,4
2026-08-29,MANDI004,Wheat,9024.0,8.0,,,,,False,26.904691358024692,987.0079999999999,63.955555555555556,4
2026-08-29,MANDI008,Rice,50374.0,200.0,,,,,False,26.904691358024692,987.0079999999999,63.955555555555556,4
2026-08-29,MANDI013,Maize,32791.0,93.0,,,,,False,26.904691358024692,987.0079999999999,63.955555555555556,4
2026-08-29,MANDI014,Mustard,29695.0,0.0,,,,,False,26.904691358024692,987.0079999999999,63.955555555555556,4
2026-08-29,MANDI023,Wheat,4628.0,51.0,,,,,False,26.904691358024692,987.0079999999999,63.955555555555556,4
2026-08-29,MANDI029,Makki,39025.0,146.0,,,,,False,26.904691358024692,987.0079999999999,63.955555555555556,4
2026-08-29,MANDI041,Sugarcane,0.0,117.0,,,,,False,26.904691358024692,987.0079999999999,63.955555555555556,4
2026-08-29,MANDI056,Sugarcane,7711.0,0.0,,,,,False,26.904691358024692,987.0079999999999,63.955555555555556,4
2026-08-29,MANDI028,Cotton,0.0,22.0,,,,,False,26.904691358024692,987.0079999999999,63.955555555555556,4
2026-08-29,MANDI018,Sugarcane,0.0,135.0,,,,,False,26.904691358024692,987.0079999999999,63.955555555555556,4
2026-08-30,MANDI023,Cotton,35425.0,110.0,,,,,False,27.14024691358025,845.206,59.644444444444446,7
2026-08-30,MANDI024,Mustard,0.0,10.0,5654.9,,,,False,27.14024691358025,845.206,59.644444444444446,7
2026-08-30,MANDI041,Mustard,0.0,127.0,,,,,False,27.14024691358025,845.206,59.644444444444446,7
2026-08-30,MANDI001,Rice,21620.0,83.0,,,,,False,27.14024691358025,845.206,59.644444444444446,7
2026-08-30,MANDI037,Wheat,49634.0,80.0,,,,,False,27.14024691358025,845.206,59.644444444444446,7
2026-08-30,MANDI010,Mustard,9376.0,52.0,,,,,False,27.14024691358025,845.206,59.644444444444446,7
2026-08-30,MANDI011,Basmati,3419.0,11.0,,,,,False,27.14024691358025,845.206,59.644444444444446,7
2026-08-30,MANDI012,Cotton,30530.0,62.0,,,,,False,27.14024691358025,845.206,59.644444444444446,7
2026-08-30,MANDI014,Maize,22698.0,32.0,,,,,False,27.14024691358025,845.206,59.644444444444446,7
2026-08-30,MANDI023,Rice,0.0,71.0,,,,,False,27.14024691358025,845.206,59.644444444444446,7
2026-08-30,MANDI028,Sugarcane,0.0,37.0,,,,,False,27.14024691358025,845.206,59.644444444444446,7
2026-08-30,MANDI047,Maize,1673.0,144.0,,,,,False,27.14024691358025,845.206,59.644444444444446,7
2026-08-30,MANDI025,Mustard,9934.0,134.0,,,,,False,27.14024691358025,845.206,59.644444444444446,7
2026-08-30,MANDI045,Sugarcane,25116.0,12.0,,,,,False,27.14024691358025,845.206,59.644444444444446,7
2026-08-30,MANDI052,Maize,12310.0,0.0,,,,,False,27.14024691358025,845.206,59.644444444444446,7
2026-08-30,MANDI007,Mustard,15893.0,34.0,,,,,False,27.14024691358025,845.206,59.644444444444446,7
2026-08-30,MANDI035,Wheat,44770.0,12.0,,,,,False,27.14024691358025,845.206,59.644444444444446,7
2026-08-31,MANDI033,Wheat,18546.0,54.0,,,,,False,27.98169934640523,884.224,61.19607843137255,6
2026-08-31,MANDI013,Basmati,0.0,24.0,,,,,False,27.98169934640523,884.224,61.19607843137255,6
2026-08-31,MANDI018,Basmati,39029.0,98.0,,,,,False,27.98169934640523,884.224,61.19607843137255,6
2026-08-31,MANDI032,Maize,24058.0,44.0,,,,,False,27.98169934640523,884.224,61.19607843137255,6
2026-08-31,MANDI033,Mustard,62406.0,180.0,,,,,False,27.98169934640523,884.224,61.19607843137255,6
2026-08-31,MANDI001,Rice,12263.0,210.0,,,,,False,27.98169934640523,884.224,61.19607843137255,6
2026-08-31,MANDI002,Rice,0.0,10.0,,,,,False,27.98169934640523,884.224,61.19607843137255,6
2026-08-31,MANDI006,Sugarcane,43913.0,27.0,3505.11,,3609.960329083858,3500.0,True,27.98169934640523,884.224,61.19607843137255,6
2026-08-31,MANDI033,Wheat,0.0,148.0,,,,,False,27.98169934640523,884.224,61.19607843137255,6
2026-08-31,MANDI037,Rice,30206.0,78.0,,,,,False,27.98169934640523,884.224,61.19607843137255,6
2026-08-31,MANDI041,Sugarcane,0.0,79.0,,,,,False,27.98169934640523,884.224,61.19607843137255,6
2026-08-31,MANDI052,Wheat,34452.0,0.0,,,,,False,27.98169934640523,884.224,61.19607843137255,6
2026-08-31,MANDI053,Sugarcane,49984.0,90.0,,4017.033210732364,,,False,27.98169934640523,884.224,61.19607843137255,6
2026-08-31,MANDI044,Sugarcane,31798.0,42.0,,,,,False,27.98169934640523,884.224,61.19607843137255,6
2026-08-31,MANDI011,Cotton,0.0,106.0,,,,,False,27.98169934640523,884.224,61.19607843137255,6
2026-08-31,MANDI013,Mustard,19443.0,145.0,,,,,False,27.98169934640523,884.224,61.19607843137255,6
2026-08-31,MANDI045,Maize,43554.0,138.0,,,,,False,27.98169934640523,884.224,61.19607843137255,6
2026-08-31,MANDI049,Wheat,13813.999999999998,79.0,,,,,False,27.98169934640523,884.224,61.19607843137255,6
2026-09-01,MANDI001,Sugarcane,35530.0,100.0,,,,,False,28.317578772802655,1177.624,61.223880597014926,9
2026-09-01,MANDI026,Rice,47152.0,107.0,,,,,False,28.317578772802655,1177.624,61.223880597014926,9
2026-09-01,MANDI017,Sugarcane,3688.0,84.0,,,,,False,28.317578772802655,1177.624,61.223880597014926,9
2026-09-01,MANDI008,Makki,30641.0,61.0,,,,,False,28.317578772802655,1177.624,61.223880597014926,9
2026-09-01,MANDI029,Wheat,0.0,41.0,,,,,False,28.317578772802655,1177.624,61.223880597014926,9
2026-09-01,MANDI053,Cotton,17913.0,53.0,,,,,False,28.317578772802655,1177.624,61.223880597014926,9
2026-09-01,MANDI002,Basmati,15856.0,75.0,,,,,False,28.317578772802655,1177.624,61.223880597014926,9
2026-09-01,MANDI009,Wheat,7720.0,296.0,,,,,False,28.317578772802655,1177.624,61.223880597014926,9
2026-09-01,MANDI019,Rice,0.0,124.0,,,,,False,28.317578772802655,1177.624,61.223880597014926,9
2026-09-01,MANDI023,Maize,38959.0,145.0,,,,,False,28.317578772802655,1177.624,61.223880597014926,9
2026-09-01,MANDI044,Wheat,48316.0,119.0,,,,,False,28.317578772802655,1177.624,61.223880597014926,9
2026-09-01,MANDI053,Wheat,11294.0,0.0,,,,,False,28.317578772802655,1177.624,61.223880597014926,9
2026-09-01,MANDI057,Cotton,0.0,0.0,,,,,False,28.317578772802655,1177.624,61.223880597014926,9
2026-09-01,MANDI011,Sugarcane,9983.0,121.0,,,,,False,28.317578772802655,1177.624,61.223880597014926,9
2026-09-01,MANDI003,Cotton,6324.0,5.0,,,,,False,28.317578772802655,1177.624,61.223880597014926,9
2026-09-01,MANDI006,Maize,21410.0,10.0,,,,,False,28.317578772802655,1177.624,61.223880597014926,9
2026-09-01,MANDI009,Maize,15432.0,13.0,,,,,False,28.317578772802655,1177.624,61.223880597014926,9
2026-09-01,MANDI013,Cotton,11355.0,103.0,,,,,False,28.317578772802655,1177.624,61.223880597014926,9
2026-09-01,MANDI041,Cotton,32650.0,146.0,,,,,False,28.317578772802655,1177.624,61.223880597014926,9
2026-09-01,MANDI043,Makki,48482.0,112.0,,,,,False,28.317578772802655,1177.624,61.223880597014926,9
2026-09-02,MANDI030,Maize,31964.0,110.0,,,,,False,28.379814814814818,1321.82,62.75,6
2026-09-02,MANDI037,Sugarcane,0.0,118.0,,,,,False,28.379814814814818,1321.82,62.75,6
2026-09-02,MANDI015,Sugarcane,0.0,94.0,,,,,False,28.379814814814818,1321.82,62.75,6
2026-09-02,MANDI012,Wheat,0.0,65.0,,,,,False,28.379814814814818,1321.82,62.75,6
2026-09-02,MANDI014,Maize,40574.0,87.0,,,,,False,28.379814814814818,1321.82,62.75,6
2026-09-02,MANDI019,Maize,3632.0,24.0,,,,,False,28.379814814814818,1321.82,62.75,6
2026-09-02,MANDI020,Rice,0.0,49.0,,,,,False,28.379814814814818,1321.82,62.75,6
2026-09-02,MANDI020,Rice,24112.0,0.0,,,,,False,28.379814814814818,1321.82,62.75,6
2026-09-02,MANDI051,Maize,3409.0000000000005,79.0,,,,,False,28.379814814814818,1321.82,62.75,6
2026-09-02,MANDI020,Wheat,0.0,0.0,,,,,False,28.379814814814818,1321.82,62.75,6
2026-09-02,MANDI021,Makki,0.0,0.0,,,,,False,28.379814814814818,1321.82,62.75,6
2026-09-02,MANDI029,Sugarcane,0.0,112.0,,,,,False,28.379814814814818,1321.82,62.75,6
2026-09-02,MANDI037,Wheat,0.0,122.0,,,,,False,28.379814814814818,1321.82,62.75,6
2026-09-02,MANDI048,Maize,0.0,33.0,,,,,False,28.379814814814818,1321.82,62.75,6
2026-09-02,MANDI048,Wheat,0.0,144.0,,,,,False,28.379814814814818,1321.82,62.75,6
2026-09-03,MANDI017,Maize,18136.0,45.0,,,,,False,28.430787037037035,1008.492,62.583333333333336,8
2026-09-03,MANDI029,Maize,27699.0,45.0,,,,,False,28.430787037037035,1008.492,62.583333333333336,8
2026-09-03,MANDI032,Maize,0.0,127.0,,,,,False,28.430787037037035,1008.492,62.583333333333336,8
2026-09-03,MANDI045,Rice,27251.0,73.0,,,,,False,28.430787037037035,1008.492,62.583333333333336,8
2026-09-03,MANDI011,Basmati,7901.000000000001,97.0,,,,,False,28.430787037037035,1008.492,62.583333333333336,8
2026-09-03,MANDI014,Rice,5556.0,116.0,,,,,False,28.430787037037035,1008.492,62.583333333333336,8
2026-09-03,MANDI015,Mustard,5305.0,0.0,,,,,False,28.430787037037035,1008.492,62.583333333333336,8
2026-09-03,MANDI025,Cotton,0.0,109.0,,,,,False,28.430787037037035,1008.492,62.583333333333336,8
2026-09-03,MANDI027,Wheat,0.0,77.0,,,,,False,28.430787037037035,1008.492,62.583333333333336,8
2026-09-03,MANDI029,Mustard,41734.0,92.0,,,,,False,28.430787037037035,1008.492,62.583333333333336,8
2026-09-03,MANDI033,Mustard,41427.0,90.0,,,,,False,28.430787037037035,1008.492,62.583333333333336,8
2026-09-03,MANDI037,Maize,40671.0,111.0,,,,,False,28.430787037037035,1008.492,62.583333333333336,8
2026-09-03,MANDI040,Maize,14760.0,27.0,,,,,False,28.430787037037035,1008.492,62.583333333333336,8
2026-09-03,MANDI046,Maize,19827.0,26.0,,,,,False,28.430787037037035,1008.492,62.583333333333336,8
2026-09-03,MANDI053,Mustard,7548.999999999999,93.0,,,,,False,28.430787037037035,1008.492,62.583333333333336,8
2026-09-03,MANDI004,Wheat,12046.0,84.0,,,,,False,28.430787037037035,1008.492,62.583333333333336,8
2026-09-03,MANDI057,Basmati,6586.0,58.0,,,,,False,28.430787037037035,1008.492,62.583333333333336,8
2026-09-03,MANDI034,Sugarcane,28401.0,64.0,,,,,False,28.430787037037035,1008.492,62.583333333333336,8
2026-09-03,MANDI038,Wheat,29011.0,145.0,,,,,False,28.430787037037035,1008.492,62.583333333333336,8
2026-09-04,MANDI039,Wheat,4681.0,43.0,,,,,False,28.397274633123693,1125.42,67.09433962264151,7
2026-09-04,MANDI041,Sugarcane,0.0,114.0,3232.05,3855.04,,,False,28.397274633123693,1125.42,67.09433962264151,7
2026-09-04,MANDI034,Sugarcane,46650.0,90.0,,,,,False,28.397274633123693,1125.42,67.09433962264151,7
2026-09-04,MANDI047,Cotton,0.0,131.0,,,,,False,28.397274633123693,1125.42,67.09433962264151,7
2026-09-04,MANDI025,Wheat,0.0,107.0,,,,,False,28.397274633123693,1125.42,67.09433962264151,7
2026-09-04,MANDI039,Mustard,0.0,42.0,,,,,False,28.397274633123693,1125.42,67.09433962264151,7
2026-09-04,MANDI012,Cotton,28027.0,69.0,,,,,False,28.397274633123693,1125.42,67.09433962264151,7
2026-09-04,MANDI015,Maize,0.0,45.0,,,,,False,28.397274633123693,1125.42,67.09433962264151,7
2026-09-04,MANDI017,Sugarcane,0.0,90.0,,,,,False,28.397274633123693,1125.42,67.09433962264151,7
2026-09-04,MANDI032,Wheat,0.0,24.0,,,,,False,28.397274633123693,1125.42,67.09433962264151,7
2026-09-04,MANDI039,Wheat,46538.0,10.0,,,,,False,28.397274633123693,1125.42,67.09433962264151,7
2026-09-04,MANDI047,Cotton,0.0,48.0,,,,,False,28.397274633123693,1125.42,67.09433962264151,7
2026-09-04,MANDI053,Maize,0.0,0.0,,,,,False,28.397274633123693,1125.42,67.09433962264151,7
2026-09-04,MANDI043,Mustard,0.0,51.0,,,,,False,28.397274633123693,1125.42,67.09433962264151,7
2026-09-04,MANDI048,Mustard,39788.0,0.0,,,,,False,28.397274633123693,1125.42,67.09433962264151,7
2026-09-05,MANDI009,Mustard,38337.0,10.0,,,,,False,26.52638888888889,807.84,63.666666666666664,9
2026-09-05,MANDI022,Mustard,22684.0,15.0,,,,,False,26.52638888888889,807.84,63.666666666666664,9
2026-09-05,MANDI025,Maize,41057.0,0.0,,,,,False,26.52638888888889,807.84,63.666666666666664,9
2026-09-05,MANDI001,Mustard,37635.0,75.0,,,,,False,26.52638888888889,807.84,63.666666666666664,9
2026-09-05,MANDI002,Cotton,43490.0,0.0,,,,,False,26.52638888888889,807.84,63.666666666666664,9
2026-09-05,MANDI003,Rice,46689.0,0.0,,,,,False,26.52638888888889,807.84,63.666666666666664,9
2026-09-05,MANDI004,Cotton,0.0,148.0,,,,,False,26.52638888888889,807.84,63.666666666666664,9
2026-09-05,MANDI012,Cotton,26239.0,100.0,,,,,False,26.52638888888889,807.84,63.666666666666664,9
2026-09-05,MANDI012,Maize,11912.0,119.0,,,,,False,26.52638888888889,807.84,63.666666666666664,9
2026-09-05,MANDI016,Rice,0.0,101.0,,,,,False,26.52638888888889,807.84,63.666666666666664,9
2026-09-05,MANDI017,Wheat,6446.0,0.0,,,,,False,26.52638888888889,807.84,63.666666666666664,9
2026-09-05,MANDI025,Makki,37915.0,0.0,,,,,False,26.52638888888889,807.84,63.666666666666664,9
2026-09-05,MANDI056,Rice,2489.0,115.0,,,,,False,26.52638888888889,807.84,63.666666666666664,9
2026-09-05,MANDI019,Maize,16238.999999999998,100.0,,,,,False,26.52638888888889,807.84,63.666666666666664,9
2026-09-05,MANDI031,Makki,26970.0,112.0,,,,,False,26.52638888888889,807.84,63.666666666666664,9
2026-09-05,MANDI054,Mustard,0.0,44.0,,,,,False,26.52638888888889,807.84,63.666666666666664,9
2026-09-05,MANDI009,Sugarcane,3476.0,78.0,,,,,False,26.52638888888889,807.84,63.666666666666664,9
2026-09-05,MANDI012,Mustard,0.0,132.0,,,,,False,26.52638888888889,807.84,63.666666666666664,9
2026-09-05,MANDI017,Mustard,0.0,125.0,,,,,False,26.52638888888889,807.84,63.666666666666664,9
2026-09-05,MANDI050,Mustard,7187.0,0.0,,,,,False,26.52638888888889,807.84,63.666666666666664,9
2026-09-06,MANDI008,Maize,4364.0,69.0,,,,,False,26.909643605870023,1141.954,63.509433962264154,5
2026-09-06,MANDI011,Sugarcane,0.0,112.0,,,,,False,26.909643605870023,1141.954,63.509433962264154,5
2026-09-06,MANDI012,Mustard,0.0,88.0,,,,,False,26.909643605870023,1141.954,63.509433962264154,5
2026-09-06,MANDI017,Mustard,35194.0,78.0,,,,,False,26.909643605870023,1141.954,63.509433962264154,5
2026-09-06,MANDI053,Maize,10827.0,8.0,,,,,False,26.909643605870023,1141.954,63.509433962264154,5
2026-09-06,MANDI054,Rice,5525.0,141.0,,,,,False,26.909643605870023,1141.954,63.509433962264154,5
2026-09-06,MANDI009,Maize,42314.0,0.0,,1949.91,,,False,26.909643605870023,1141.954,63.509433962264154,5
2026-09-06,MANDI010,Basmati,38084.0,114.0,,,,,False,26.909643605870023,1141.954,63.509433962264154,5
2026-09-06,MANDI030,Wheat,3347.0,134.0,,,,,False,26.909643605870023,1141.954,63.509433962264154,5
2026-09-07,MANDI011,Maize,47636.0,86.0,,,,,False,27.38448275862069,1246.546,61.89655172413793,8
2026-09-07,MANDI004,Rice,37746.0,88.0,,,,,False,27.38448275862069,1246.546,61.89655172413793,8
2026-09-07,MANDI013,Mustard,0.0,104.0,,,,,False,27.38448275862069,1246.546,61.89655172413793,8
2026-09-07,MANDI040,Rice,21085.0,20.0,,,,,False,27.38448275862069,1246.546,61.89655172413793,8
2026-09-07,MANDI022,Mustard,6015.0,90.0,,,,,False,27.38448275862069,1246.546,61.89655172413793,8
2026-09-07,MANDI030,Cotton,25529.0,147.0,,,,,False,27.38448275862069,1246.546,61.89655172413793,8
2026-09-07,MANDI033,Mustard,29203.0,146.0,,,,,False,27.38448275862069,1246.546,61.89655172413793,8
2026-09-07,MANDI034,Rice,0.0,132.0,,,,,False,27.38448275862069,1246.546,61.89655172413793,8
2026-09-07,MANDI034,Sugarcane,46531.0,38.0,,,,,False,27.38448275862069,1246.546,61.89655172413793,8
2026-09-07,MANDI037,Maize,14591.999999999998,135.0,,,,,False,27.38448275862069,1246.546,61.89655172413793,8
2026-09-07,MANDI038,Wheat,14616.0,39.0,,,,,False,27.38448275862069,1246.546,61.89655172413793,8
2026-09-07,MANDI040,Cotton,0.0,88.0,,,,,False,27.38448275862069,1246.546,61.89655172413793,8
2026-09-07,MANDI053,Sugarcane,6906.999999999999,101.0,,3388.64,3279.26,3500.0,True,27.38448275862069,1246.546,61.89655172413793,8
2026-09-07,MANDI016,Cotton,41038.0,0.0,,,,,False,27.38448275862069,1246.546,61.89655172413793,8
2026-09-07,MANDI010,Cotton,32082.0,13.0,,,,,False,27.38448275862069,1246.546,61.89655172413793,8
2026-09-08,MANDI044,Rice,43472.0,12.0,,,,,False,27.53984674329502,1058.982,58.206896551724135,11
2026-09-08,MANDI032,Sugarcane,35389.0,51.0,,,,,False,27.53984674329502,1058.982,58.206896551724135,11
2026-09-08,MANDI015,Rice,14938.0,34.0,,,,,False,27.53984674329502,1058.982,58.206896551724135,11
2026-09-08,MANDI004,Mustard,28600.0,13.0,,,,,False,27.53984674329502,1058.982,58.206896551724135,11
2026-09-08,MANDI004,Sugarcane,30496.0,114.0,,,,,False,27.53984674329502,1058.982,58.206896551724135,11
2026-09-08,MANDI018,Rice,26699.0,65.0,,,,,False,27.53984674329502,1058.982,58.206896551724135,11
2026-09-08,MANDI019,Maize,5780.0,49.0,,,,,False,27.53984674329502,1058.982,58.206896551724135,11
2026-09-08,MANDI030,Mustard,36495.0,72.0,,,,,False,27.53984674329502,1058.982,58.206896551724135,11
2026-09-08,MANDI035,Cotton,0.0,0.0,,,,,False,27.53984674329502,1058.982,58.206896551724135,11
2026-09-08,MANDI047,Sugarcane,0.0,104.0,,,,,False,27.53984674329502,1058.982,58.206896551724135,11
2026-09-08,MANDI056,Rice,21964.0,127.0,,,,,False,27.53984674329502,1058.982,58.206896551724135,11
2026-09-08,MANDI057,Cotton,26115.0,97.0,,,,,False,27.53984674329502,1058.982,58.206896551724135,11
2026-09-08,MANDI057,Maize,23031.0,87.0,,,,,False,27.53984674329502,1058.982,58.206896551724135,11
2026-09-09,MANDI002,Cotton,24630.0,100.0,,7670.82489438948,,,False,27.15626477541371,1032.34,58.93617021276596,5
2026-09-09,MANDI001,Mustard,6264.0,114.0,,,,,False,27.15626477541371,1032.34,58.93617021276596,5
2026-09-09,MANDI015,Mustard,0.0,108.0,,,,,False,27.15626477541371,1032.34,58.93617021276596,5
2026-09-09,MANDI046,Basmati,23336.0,66.0,,,,,False,27.15626477541371,1032.34,58.93617021276596,5
2026-09-09,MANDI052,Maize,33822.0,6.0,,,,,False,27.15626477541371,1032.34,58.93617021276596,5
2026-09-09,MANDI009,Mustard,13872.0,102.0,,,,,False,27.15626477541371,1032.34,58.93617021276596,5
2026-09-09,MANDI037,Maize,0.0,0.0,,,,,False,27.15626477541371,1032.34,58.93617021276596,5
2026-09-09,MANDI046,Rice,14669.999999999998,36.0,,,,,False,27.15626477541371,1032.34,58.93617021276596,5
2026-09-09,MANDI051,Wheat,23005.0,6.0,,,,,False,27.15626477541371,1032.34,58.93617021276596,5
